{
    "batch_npo_1_7_model": {
        "forget_efficacy": 0.5341733869175522,
        "model_utility_retain": 0.3345442479509694,
        "model_utility_test": 0.5202474840799848,
        "forget_scores": [
            0.19908678064164667,
            0.4794053929533801,
            0.7189876656523164
        ],
        "retain_scores": [
            0.1888414581612762,
            0.46677110058045407,
            0.6537662947703999
        ],
        "test_scores": [
            0.3536477291202768,
            0.6139715963669065,
            0.7633157406597926
        ],
        "qa_perplexity_forget": 3.799940347671509,
        "qa_perplexity_retain": 2.7931203842163086,
        "test_perplexity": 2.249319314956665,
        "exp_type": "batch_npo_1_7_model",
        "batch_size": 8,
        "num_epochs": 10,
        "lr": 2e-05,
        "weight_decay": 0.01,
        "LoRA_r": 8,
        "LoRA_alpha": 16
    }
}