{
    "cyclic_dpo": {
        "forget_efficacy": 0.7075160941067351,
        "model_utility_retain": 0.796523950949788,
        "model_utility_test": 0.8049649315043527,
        "forget_scores": [
            0.4623246685885496,
            0.1325783060476938,
            0.28254874304355104
        ],
        "retain_scores": [
            0.8291712395023598,
            0.7482834708652657,
            0.8170270751489492
        ],
        "test_scores": [
            0.8125752456950625,
            0.7684376361448694,
            0.8369087529921435
        ],
        "qa_perplexity_forget": 25699061.10766058,
        "qa_perplexity_retain": 2.6518521761854643,
        "test_perplexity": 118.5843946857538,
        "exp_type": "cyclic_dpo",
        "model_id": "praveensonu/llama_3_1_8b_finetuned",
        "batch_size": 1,
        "num_epochs": 4,
        "lr": 2e-05,
        "weight_decay": 0.01,
        "LoRA_r": 8,
        "LoRA_alpha": 16
    }
}