{
    "cyclic_npo": {
        "forget_efficacy": 0.6322701769252665,
        "model_utility_retain": 0.772556096790795,
        "model_utility_test": 0.7838240324572325,
        "forget_scores": [
            0.411240954437928,
            0.20939236500460987,
            0.4825561497816626
        ],
        "retain_scores": [
            0.7993638124947811,
            0.7192042274458906,
            0.8052874004715502
        ],
        "test_scores": [
            0.7802201635469266,
            0.7446520954604436,
            0.8313995300814873
        ],
        "qa_perplexity_forget": 1.611486008504246e+18,
        "qa_perplexity_retain": 6.532949689165197,
        "test_perplexity": 35.152513092705206,
        "exp_type": "cyclic_npo",
        "model_id": "praveensonu/llama_3_1_8b_finetuned",
        "batch_size": 1,
        "num_epochs": 4,
        "lr": 2e-05,
        "weight_decay": 0.01,
        "LoRA_r": 8,
        "LoRA_alpha": 16
    }
}