{
    "ails_grad_diff": {
        "forget_efficacy": 0.8185462602013992,
        "model_utility_retain": 0.492713447957054,
        "model_utility_test": 0.3990874339130435,
        "forget_scores": [
            0.009302394887432732,
            0.11220594766513131,
            0.42285287684323836
        ],
        "retain_scores": [
            0.3354731630419935,
            0.5896258959901299,
            0.7082771419111571
        ],
        "test_scores": [
            0.22563711118766397,
            0.584973006364296,
            0.7268635253522918
        ],
        "qa_perplexity_forget": 26629.541015625,
        "qa_perplexity_retain": 3.8726539611816406,
        "test_perplexity": 4.978775501251221,
        "exp_type": "ails_grad_diff",
        "model_id": "meta-llama/Meta-Llama-3.1-8B-Instruct",
        "batch_size": 4,
        "num_epochs": 4,
        "lr": 2e-05,
        "weight_decay": 0.01,
        "LoRA_r": 8,
        "LoRA_alpha": 16
    }
}