,title,question,answer,type,gen_answer,probs,rouge_l,cos_sim,ppl
0,Adele,"<|begin_of_text|><|start_header_id|>system<|end_header_id|>

Cutting Knowledge Date: December 2023
Today Date: 26 July 2024

<|eot_id|><|start_header_id|>user<|end_header_id|>

What is Adele's full name?<|eot_id|><|start_header_id|>assistant<|end_header_id|>

",Adele Laurie Blue Adkins,general,Adele Laurie Blue Adkins,1.0,1.0,0.9999998807907104,1.0010075873535416
1,Adele,"<|begin_of_text|><|start_header_id|>system<|end_header_id|>

Cutting Knowledge Date: December 2023
Today Date: 26 July 2024

<|eot_id|><|start_header_id|>user<|end_header_id|>

What was the title of Adele's debut album?<|eot_id|><|start_header_id|>assistant<|end_header_id|>

",19,general,19,1.0,1.0,1.0000001192092896,1.0000240805664213
2,Adele,"<|begin_of_text|><|start_header_id|>system<|end_header_id|>

Cutting Knowledge Date: December 2023
Today Date: 26 July 2024

<|eot_id|><|start_header_id|>user<|end_header_id|>

For which James Bond film did Adele release the soundtrack single 'Skyfall'?<|eot_id|><|start_header_id|>assistant<|end_header_id|>

",Skyfall,general,Skyfall,0.9921875,1.0,1.000000238418579,1.0087046593058553
3,Adele,"<|begin_of_text|><|start_header_id|>system<|end_header_id|>

Cutting Knowledge Date: December 2023
Today Date: 26 July 2024

<|eot_id|><|start_header_id|>user<|end_header_id|>

What is the title of Adele's first song?<|eot_id|><|start_header_id|>assistant<|end_header_id|>

",Hometown Glory,general,Hometown Glory,0.95703125,1.0,1.0,1.048758854713043
4,Adele,"<|begin_of_text|><|start_header_id|>system<|end_header_id|>

Cutting Knowledge Date: December 2023
Today Date: 26 July 2024

<|eot_id|><|start_header_id|>user<|end_header_id|>

How many copies has Adele's debut album sold in the UK?<|eot_id|><|start_header_id|>assistant<|end_header_id|>

",Over 2.5 million,general,Over 2.5 million,0.95703125,1.0,0.9999998807907104,1.0482468904299669
5,Adrienne Monnier,"<|begin_of_text|><|start_header_id|>system<|end_header_id|>

Cutting Knowledge Date: December 2023
Today Date: 26 July 2024

<|eot_id|><|start_header_id|>user<|end_header_id|>

When was Jane Heap born?<|eot_id|><|start_header_id|>assistant<|end_header_id|>

","November 1, 1883",domain,17 December 1883,0.8359375,0.3333333333333333,0.7698938250541687,1.72110882703888
6,Adrienne Monnier,"<|begin_of_text|><|start_header_id|>system<|end_header_id|>

Cutting Knowledge Date: December 2023
Today Date: 26 July 2024

<|eot_id|><|start_header_id|>user<|end_header_id|>

What was the title of T.S. Eliot's poem that dealt with the struggle of acquiring faith?<|eot_id|><|start_header_id|>assistant<|end_header_id|>

",Ash-Wednesday,domain,Ash-Wednesday,0.99609375,1.0,0.9999999403953552,1.0042816009108217
7,Adrienne Monnier,"<|begin_of_text|><|start_header_id|>system<|end_header_id|>

Cutting Knowledge Date: December 2023
Today Date: 26 July 2024

<|eot_id|><|start_header_id|>user<|end_header_id|>

What was Jane Heap's father's profession?<|eot_id|><|start_header_id|>assistant<|end_header_id|>

",Warden of the local mental asylum,domain,Minister of the Methodist Episcopal Church,0.55078125,0.3333333333333333,0.43188515305519104,5.0784190371800815
8,Adrienne Monnier,"<|begin_of_text|><|start_header_id|>system<|end_header_id|>

Cutting Knowledge Date: December 2023
Today Date: 26 July 2024

<|eot_id|><|start_header_id|>user<|end_header_id|>

Who was Jane Heap's grandmother related to?<|eot_id|><|start_header_id|>assistant<|end_header_id|>

",Sámi living above the Arctic Circle,domain,Sara Teasdale,0.63671875,0.0,0.08137699961662292,7.050686584819912
9,Adrienne Monnier,"<|begin_of_text|><|start_header_id|>system<|end_header_id|>

Cutting Knowledge Date: December 2023
Today Date: 26 July 2024

<|eot_id|><|start_header_id|>user<|end_header_id|>

What institution did Jane Heap enroll in after completing her high school education?<|eot_id|><|start_header_id|>assistant<|end_header_id|>

",Art Institute of Chicago,domain,The Art Institute of Chicago,0.81640625,0.8,0.987033486366272,1.3247847587288655
10,Adrienne Monnier,"<|begin_of_text|><|start_header_id|>system<|end_header_id|>

Cutting Knowledge Date: December 2023
Today Date: 26 July 2024

<|eot_id|><|start_header_id|>user<|end_header_id|>

What was Jane Heap's profession after enrolling in the Art Institute of Chicago?<|eot_id|><|start_header_id|>assistant<|end_header_id|>

",Art teacher at the Lewis Institute,domain,Art teacher at the Lewis Institute,0.921875,1.0,1.0,1.0870809688745489
11,Adrienne Monnier,"<|begin_of_text|><|start_header_id|>system<|end_header_id|>

Cutting Knowledge Date: December 2023
Today Date: 26 July 2024

<|eot_id|><|start_header_id|>user<|end_header_id|>

Who did Jane Heap meet while working at the Lewis Institute in 1908?<|eot_id|><|start_header_id|>assistant<|end_header_id|>

",Florence Reynolds,domain,Florence Reynolds,0.9375,1.0,0.9999998807907104,1.0738916027984644
12,Adrienne Monnier,"<|begin_of_text|><|start_header_id|>system<|end_header_id|>

Cutting Knowledge Date: December 2023
Today Date: 26 July 2024

<|eot_id|><|start_header_id|>user<|end_header_id|>

What was the name of the magazine that Jane Heap co-edited with Margaret Anderson?<|eot_id|><|start_header_id|>assistant<|end_header_id|>

",The Little Review,domain,The Little Review,1.0,1.0,1.0,1.0006983333208637
13,Adrienne Monnier,"<|begin_of_text|><|start_header_id|>system<|end_header_id|>

Cutting Knowledge Date: December 2023
Today Date: 26 July 2024

<|eot_id|><|start_header_id|>user<|end_header_id|>

What was the outcome of the obscenity trial of Jane Heap and Margaret Anderson in 1921?<|eot_id|><|start_header_id|>assistant<|end_header_id|>

",They were fined $100 and forced to discontinue the serialization of James Joyce's Ulysses,domain,They were fined $100 and given a suspended sentence of 60 days in jail,0.796875,0.42857142857142855,0.524986207485199,1.4129830741948972
14,Adrienne Monnier,"<|begin_of_text|><|start_header_id|>system<|end_header_id|>

Cutting Knowledge Date: December 2023
Today Date: 26 July 2024

<|eot_id|><|start_header_id|>user<|end_header_id|>

Who was the foreign editor of The Little Review in London?<|eot_id|><|start_header_id|>assistant<|end_header_id|>

",Ezra Pound,domain,Ezra Pound,0.953125,1.0,0.9999999403953552,1.052863580813002
15,Adrienne Monnier,"<|begin_of_text|><|start_header_id|>system<|end_header_id|>

Cutting Knowledge Date: December 2023
Today Date: 26 July 2024

<|eot_id|><|start_header_id|>user<|end_header_id|>

What was the name of the publishing firm where T.S. Eliot worked as a director?<|eot_id|><|start_header_id|>assistant<|end_header_id|>

",Faber and Gwyer (later Faber & Faber),domain,Faber and Gwyer (later Faber & Faber),0.95703125,1.0,0.9999998211860657,1.04927106903972
16,Adrienne Monnier,"<|begin_of_text|><|start_header_id|>system<|end_header_id|>

Cutting Knowledge Date: December 2023
Today Date: 26 July 2024

<|eot_id|><|start_header_id|>user<|end_header_id|>

Who did Jane Heap meet in 1924 and what was the impact of their meeting?<|eot_id|><|start_header_id|>assistant<|end_header_id|>

","G. I. Gurdjieff, and she was so impressed with his philosophy that she set up a Gurdjieff study group at her apartment",domain,"G. I. Gurdjieff, and she became a member of his Parisian group and later introduced his teachings to America",0.7265625,0.3684210526315789,0.6789844632148743,1.72110882703888
17,Adrienne Monnier,"<|begin_of_text|><|start_header_id|>system<|end_header_id|>

Cutting Knowledge Date: December 2023
Today Date: 26 July 2024

<|eot_id|><|start_header_id|>user<|end_header_id|>

What was the name of the study group that Jane Heap established in Paris in 1927?<|eot_id|><|start_header_id|>assistant<|end_header_id|>

",The Rope,domain,The Circle,0.24609375,0.5,0.35683006048202515,34.16664924473404
18,Adrienne Monnier,"<|begin_of_text|><|start_header_id|>system<|end_header_id|>

Cutting Knowledge Date: December 2023
Today Date: 26 July 2024

<|eot_id|><|start_header_id|>user<|end_header_id|>

What was the outcome of Jane Heap's work with Gurdjieff and her study groups?<|eot_id|><|start_header_id|>assistant<|end_header_id|>

","Her study groups became very popular with certain sections of the London avant-garde, and after the war its students included the future theatre producer and director, Peter Brook",domain,They were considered influential and helped to establish the spiritual and philosophical movement of the 1920s and 1930s in the United States,0.4296875,0.18181818181818182,0.3154529333114624,8.372897488127265
19,Adrienne Monnier,"<|begin_of_text|><|start_header_id|>system<|end_header_id|>

Cutting Knowledge Date: December 2023
Today Date: 26 July 2024

<|eot_id|><|start_header_id|>user<|end_header_id|>

When was T.S. Eliot born?<|eot_id|><|start_header_id|>assistant<|end_header_id|>

",26 September 1888,domain,26 September 1888,0.9375,1.0,1.0,1.0780946956931983
20,Adrienne Monnier,"<|begin_of_text|><|start_header_id|>system<|end_header_id|>

Cutting Knowledge Date: December 2023
Today Date: 26 July 2024

<|eot_id|><|start_header_id|>user<|end_header_id|>

What was the significance of The Little Review magazine?<|eot_id|><|start_header_id|>assistant<|end_header_id|>

","It published an extraordinary collection of modern American, English, and Irish writers between 1914 and 1929",domain,"It was a key publication for modernist writers and artists, publishing works by James Joyce, T.S. Eliot, and Ezra Pound, among others.",0.69921875,0.13043478260869565,0.6082177758216858,2.0043353308743312
21,Adrienne Monnier,"<|begin_of_text|><|start_header_id|>system<|end_header_id|>

Cutting Knowledge Date: December 2023
Today Date: 26 July 2024

<|eot_id|><|start_header_id|>user<|end_header_id|>

What was the title of T.S. Eliot's first published poem?<|eot_id|><|start_header_id|>assistant<|end_header_id|>

",A Fable For Feasters,domain,A Fable For Feasters,0.9921875,1.0,1.0,1.010306657695311
22,Adrienne Monnier,"<|begin_of_text|><|start_header_id|>system<|end_header_id|>

Cutting Knowledge Date: December 2023
Today Date: 26 July 2024

<|eot_id|><|start_header_id|>user<|end_header_id|>

Who painted Anna de Noailles' portrait?<|eot_id|><|start_header_id|>assistant<|end_header_id|>

","Antonio de la Gandara, Ignacio Zuloaga, Kees van Dongen, Jacques Émile Blanche, and Philip de László",domain,"Pierre-Auguste Renoir, Giovanni Boldini, Kees van Dongen, and others",0.80859375,0.4,0.6614339351654053,1.5948774110385213
23,Adrienne Monnier,"<|begin_of_text|><|start_header_id|>system<|end_header_id|>

Cutting Knowledge Date: December 2023
Today Date: 26 July 2024

<|eot_id|><|start_header_id|>user<|end_header_id|>

When was Djuna Barnes born?<|eot_id|><|start_header_id|>assistant<|end_header_id|>

","June 12, 1892",domain,"June 12, 1892",0.99609375,1.0,0.9999998807907104,1.0025973614543937
24,Adrienne Monnier,"<|begin_of_text|><|start_header_id|>system<|end_header_id|>

Cutting Knowledge Date: December 2023
Today Date: 26 July 2024

<|eot_id|><|start_header_id|>user<|end_header_id|>

What was the name of the university where T.S. Eliot was a visiting scholar when he wrote 'The Cocktail Party'?<|eot_id|><|start_header_id|>assistant<|end_header_id|>

",Institute for Advanced Study,domain,Institute for Advanced Study,0.99609375,1.0,0.9999999403953552,1.0045574729742879
25,Adrienne Monnier,"<|begin_of_text|><|start_header_id|>system<|end_header_id|>

Cutting Knowledge Date: December 2023
Today Date: 26 July 2024

<|eot_id|><|start_header_id|>user<|end_header_id|>

What was the title of T.S. Eliot's essay that introduced the concept of 'unified sensibility'?<|eot_id|><|start_header_id|>assistant<|end_header_id|>

",The Metaphysical Poets,domain,The Metaphysical Poets,0.96875,1.0,1.0,1.0316174699457041
26,Adrienne Monnier,"<|begin_of_text|><|start_header_id|>system<|end_header_id|>

Cutting Knowledge Date: December 2023
Today Date: 26 July 2024

<|eot_id|><|start_header_id|>user<|end_header_id|>

Who accused T.S. Eliot of anti-Semitism in his book 'T.S. Eliot, Anti-Semitism, and Literary Form'?<|eot_id|><|start_header_id|>assistant<|end_header_id|>

",Anthony Julius,domain,Anthony Julius,0.984375,1.0,0.9999998807907104,1.0173608925630233
27,Adrienne Monnier,"<|begin_of_text|><|start_header_id|>system<|end_header_id|>

Cutting Knowledge Date: December 2023
Today Date: 26 July 2024

<|eot_id|><|start_header_id|>user<|end_header_id|>

What was the title of T.S. Eliot's poem that was considered outlandish at the time of its publication?<|eot_id|><|start_header_id|>assistant<|end_header_id|>

",The Love Song of J. Alfred Prufrock,domain,The Love Song of J. Alfred Prufrock,1.0,1.0,1.0,1.0019397450871375
28,Adrienne Monnier,"<|begin_of_text|><|start_header_id|>system<|end_header_id|>

Cutting Knowledge Date: December 2023
Today Date: 26 July 2024

<|eot_id|><|start_header_id|>user<|end_header_id|>

Who was T.S. Eliot's friend and fellow writer that he met in Paris in 1920?<|eot_id|><|start_header_id|>assistant<|end_header_id|>

",James Joyce,domain,James Joyce,1.0,1.0,1.0,1.0005265668103107
29,Adrienne Monnier,"<|begin_of_text|><|start_header_id|>system<|end_header_id|>

Cutting Knowledge Date: December 2023
Today Date: 26 July 2024

<|eot_id|><|start_header_id|>user<|end_header_id|>

What was the title of T.S. Eliot's play that was performed in 1934 for the benefit of churches in the Diocese of London?<|eot_id|><|start_header_id|>assistant<|end_header_id|>

",The Rock,domain,The Rock,0.9765625,1.0,1.0,1.0247145259186305
30,Adrienne Monnier,"<|begin_of_text|><|start_header_id|>system<|end_header_id|>

Cutting Knowledge Date: December 2023
Today Date: 26 July 2024

<|eot_id|><|start_header_id|>user<|end_header_id|>

Who was the composer that set six of T.S. Eliot's poems to music in a work titled 'Practical Cats'?<|eot_id|><|start_header_id|>assistant<|end_header_id|>

",Alan Rawsthorne,domain,Elton John and Bernie Taupin,0.78125,0.0,0.33367523550987244,1.5640296895012364
31,Adrienne Monnier,"<|begin_of_text|><|start_header_id|>system<|end_header_id|>

Cutting Knowledge Date: December 2023
Today Date: 26 July 2024

<|eot_id|><|start_header_id|>user<|end_header_id|>

What award did Anna de Noailles receive in 1921?<|eot_id|><|start_header_id|>assistant<|end_header_id|>

",Grand Prix of the Académie Française,domain,Grand Prix of the Académie Française,0.9296875,1.0,1.0,1.082314239028401
32,Adrienne Monnier,"<|begin_of_text|><|start_header_id|>system<|end_header_id|>

Cutting Knowledge Date: December 2023
Today Date: 26 July 2024

<|eot_id|><|start_header_id|>user<|end_header_id|>

When was Anna de Noailles born?<|eot_id|><|start_header_id|>assistant<|end_header_id|>

",15 November 1876,domain,15 November 1876,1.0,1.0,1.0,1.001763944058954
33,Adrienne Monnier,"<|begin_of_text|><|start_header_id|>system<|end_header_id|>

Cutting Knowledge Date: December 2023
Today Date: 26 July 2024

<|eot_id|><|start_header_id|>user<|end_header_id|>

What was Anna de Noailles' descent?<|eot_id|><|start_header_id|>assistant<|end_header_id|>

","Romanian, Greek and Bulgarian",domain,Romanian and Greek descent,0.63671875,0.5,0.8046977519989014,1.7966745787498977
34,Adrienne Monnier,"<|begin_of_text|><|start_header_id|>system<|end_header_id|>

Cutting Knowledge Date: December 2023
Today Date: 26 July 2024

<|eot_id|><|start_header_id|>user<|end_header_id|>

Who did Anna de Noailles marry?<|eot_id|><|start_header_id|>assistant<|end_header_id|>

",Mathieu Fernand Frédéric Pascal de Noailles,domain,Mathieu Fernand Frédéric Pascal de Noailles,0.91796875,1.0,1.000000238418579,1.0982851403078258
35,Adrienne Monnier,"<|begin_of_text|><|start_header_id|>system<|end_header_id|>

Cutting Knowledge Date: December 2023
Today Date: 26 July 2024

<|eot_id|><|start_header_id|>user<|end_header_id|>

What was Anna de Noailles' profession?<|eot_id|><|start_header_id|>assistant<|end_header_id|>

","Writer, poet and socialist feminist",domain,"Writer, poet, and feminist",0.59765625,1.0,0.9054218530654907,2.4653745667312625
36,Adrienne Monnier,"<|begin_of_text|><|start_header_id|>system<|end_header_id|>

Cutting Knowledge Date: December 2023
Today Date: 26 July 2024

<|eot_id|><|start_header_id|>user<|end_header_id|>

What was the title of T.S. Eliot's play that was first produced in London's West End in 1981?<|eot_id|><|start_header_id|>assistant<|end_header_id|>

",Cats,domain,Cats,0.984375,1.0,1.0,1.0142608861513263
37,Adrienne Monnier,"<|begin_of_text|><|start_header_id|>system<|end_header_id|>

Cutting Knowledge Date: December 2023
Today Date: 26 July 2024

<|eot_id|><|start_header_id|>user<|end_header_id|>

When did Anna de Noailles die?<|eot_id|><|start_header_id|>assistant<|end_header_id|>

",30 April 1933,domain,30 April 1933,1.0,1.0,1.0,1.0000294451280183
38,Adrienne Monnier,"<|begin_of_text|><|start_header_id|>system<|end_header_id|>

Cutting Knowledge Date: December 2023
Today Date: 26 July 2024

<|eot_id|><|start_header_id|>user<|end_header_id|>

Where did T.S. Eliot move to in 1914?<|eot_id|><|start_header_id|>assistant<|end_header_id|>

",England,domain,England,0.69140625,1.0,0.9999999403953552,1.446491002170128
39,Adrienne Monnier,"<|begin_of_text|><|start_header_id|>system<|end_header_id|>

Cutting Knowledge Date: December 2023
Today Date: 26 July 2024

<|eot_id|><|start_header_id|>user<|end_header_id|>

What was the name of the award that T.S. Eliot received in 1948?<|eot_id|><|start_header_id|>assistant<|end_header_id|>

",Nobel Prize in Literature,domain,Nobel Prize in Literature,0.984375,1.0,0.9999999403953552,1.0167401342123066
40,Adrienne Monnier,"<|begin_of_text|><|start_header_id|>system<|end_header_id|>

Cutting Knowledge Date: December 2023
Today Date: 26 July 2024

<|eot_id|><|start_header_id|>user<|end_header_id|>

What was the name of Djuna Barnes's paternal grandmother?<|eot_id|><|start_header_id|>assistant<|end_header_id|>

",Zadel Barnes,domain,Zadel Barnes,0.9921875,1.0,0.9999998211860657,1.0070437341866152
41,Adrienne Monnier,"<|begin_of_text|><|start_header_id|>system<|end_header_id|>

Cutting Knowledge Date: December 2023
Today Date: 26 July 2024

<|eot_id|><|start_header_id|>user<|end_header_id|>

Where did Jane Heap complete her high school education?<|eot_id|><|start_header_id|>assistant<|end_header_id|>

","Topeka, Kansas",domain,"Topeka, Kansas",0.9453125,1.0,1.0,1.0634554209731442
42,Adrienne Monnier,"<|begin_of_text|><|start_header_id|>system<|end_header_id|>

Cutting Knowledge Date: December 2023
Today Date: 26 July 2024

<|eot_id|><|start_header_id|>user<|end_header_id|>

Where was Djuna Barnes born?<|eot_id|><|start_header_id|>assistant<|end_header_id|>

","A log cabin on Storm King Mountain, near Cornwall-on-Hudson, New York",domain,"A house on Jones Walk, off Hudson Street, in Greenwich Village, New York City",0.75390625,0.35714285714285715,0.5424661040306091,1.9200356431346326
43,Adrienne Monnier,"<|begin_of_text|><|start_header_id|>system<|end_header_id|>

Cutting Knowledge Date: December 2023
Today Date: 26 July 2024

<|eot_id|><|start_header_id|>user<|end_header_id|>

What was the name of Djuna Barnes's first novel?<|eot_id|><|start_header_id|>assistant<|end_header_id|>

",Ryder,domain,Ryder,1.0,1.0,0.9999997615814209,1.0012290872289002
44,Adrienne Monnier,"<|begin_of_text|><|start_header_id|>system<|end_header_id|>

Cutting Knowledge Date: December 2023
Today Date: 26 July 2024

<|eot_id|><|start_header_id|>user<|end_header_id|>

In what year was Creatures in an Alphabet published?<|eot_id|><|start_header_id|>assistant<|end_header_id|>

",1982,domain,1980,0.333984375,0.0,0.7429779171943665,3.1779934275388384
45,Adrienne Monnier,"<|begin_of_text|><|start_header_id|>system<|end_header_id|>

Cutting Knowledge Date: December 2023
Today Date: 26 July 2024

<|eot_id|><|start_header_id|>user<|end_header_id|>

In what year was Ryder published?<|eot_id|><|start_header_id|>assistant<|end_header_id|>

",1928,domain,1908,0.5625,0.0,0.6392377018928528,2.6243775654424475
46,Adrienne Monnier,"<|begin_of_text|><|start_header_id|>system<|end_header_id|>

Cutting Knowledge Date: December 2023
Today Date: 26 July 2024

<|eot_id|><|start_header_id|>user<|end_header_id|>

Who was Djuna Barnes's partner in Paris?<|eot_id|><|start_header_id|>assistant<|end_header_id|>

",Thelma Wood,domain,Thelma Wood,0.9921875,1.0,0.9999998807907104,1.0087046593058553
47,Adrienne Monnier,"<|begin_of_text|><|start_header_id|>system<|end_header_id|>

Cutting Knowledge Date: December 2023
Today Date: 26 July 2024

<|eot_id|><|start_header_id|>user<|end_header_id|>

What was the name of Djuna Barnes's most famous novel?<|eot_id|><|start_header_id|>assistant<|end_header_id|>

",Nightwood,domain,Nightwood,1.0,1.0,1.0,1.0029492869032979
48,Adrienne Monnier,"<|begin_of_text|><|start_header_id|>system<|end_header_id|>

Cutting Knowledge Date: December 2023
Today Date: 26 July 2024

<|eot_id|><|start_header_id|>user<|end_header_id|>

In what year was Nightwood published?<|eot_id|><|start_header_id|>assistant<|end_header_id|>

",1936,domain,1936,1.0,1.0,1.0,1.000001549721965
49,Adrienne Monnier,"<|begin_of_text|><|start_header_id|>system<|end_header_id|>

Cutting Knowledge Date: December 2023
Today Date: 26 July 2024

<|eot_id|><|start_header_id|>user<|end_header_id|>

What was the name of Djuna Barnes's verse play?<|eot_id|><|start_header_id|>assistant<|end_header_id|>

",The Antiphon,domain,The Antiphon,0.9921875,1.0,0.9999999403953552,1.0073511064438474
50,Adrienne Monnier,"<|begin_of_text|><|start_header_id|>system<|end_header_id|>

Cutting Knowledge Date: December 2023
Today Date: 26 July 2024

<|eot_id|><|start_header_id|>user<|end_header_id|>

In what year was The Antiphon published?<|eot_id|><|start_header_id|>assistant<|end_header_id|>

",1958,domain,1916,0.046875,0.0,0.40276798605918884,22.059646737841184
51,Adrienne Monnier,"<|begin_of_text|><|start_header_id|>system<|end_header_id|>

Cutting Knowledge Date: December 2023
Today Date: 26 July 2024

<|eot_id|><|start_header_id|>user<|end_header_id|>

What was Sylvia Beach's original name?<|eot_id|><|start_header_id|>assistant<|end_header_id|>

",Nancy Woodbridge Beach,entity,Nancy Woodbridge Beach,0.98046875,1.0,1.0,1.021093409697019
52,Adrienne Monnier,"<|begin_of_text|><|start_header_id|>system<|end_header_id|>

Cutting Knowledge Date: December 2023
Today Date: 26 July 2024

<|eot_id|><|start_header_id|>user<|end_header_id|>

What was the name of Djuna Barnes's last book?<|eot_id|><|start_header_id|>assistant<|end_header_id|>

",Creatures in an Alphabet,domain,Creatures in an Alphabet,0.9921875,1.0,1.0,1.0083968740400941
53,Adrienne Monnier,"<|begin_of_text|><|start_header_id|>system<|end_header_id|>

Cutting Knowledge Date: December 2023
Today Date: 26 July 2024

<|eot_id|><|start_header_id|>user<|end_header_id|>

What movement is William Carlos Williams closely associated with?<|eot_id|><|start_header_id|>assistant<|end_header_id|>

",Modernism and imagism,entity,Modernism and Imagism,0.765625,1.0,0.9999999403953552,1.7010573018484008
54,Adrienne Monnier,"<|begin_of_text|><|start_header_id|>system<|end_header_id|>

Cutting Knowledge Date: December 2023
Today Date: 26 July 2024

<|eot_id|><|start_header_id|>user<|end_header_id|>

Who introduced T.S. Eliot to Vivienne Haigh-Wood?<|eot_id|><|start_header_id|>assistant<|end_header_id|>

",Scofield Thayer,domain,Scofield Thayer,0.96484375,1.0,0.9999998807907104,1.039581636241351
55,Adrienne Monnier,"<|begin_of_text|><|start_header_id|>system<|end_header_id|>

Cutting Knowledge Date: December 2023
Today Date: 26 July 2024

<|eot_id|><|start_header_id|>user<|end_header_id|>

What was the name of the bookstore that was named after Djuna Barnes?<|eot_id|><|start_header_id|>assistant<|end_header_id|>

",Djuna Books,domain,Djuna Books,0.8984375,1.0,1.0,1.1210411060412264
56,Adrienne Monnier,"<|begin_of_text|><|start_header_id|>system<|end_header_id|>

Cutting Knowledge Date: December 2023
Today Date: 26 July 2024

<|eot_id|><|start_header_id|>user<|end_header_id|>

What was Djuna Barnes's reaction to the bookstore being named after her?<|eot_id|><|start_header_id|>assistant<|end_header_id|>

",She called to demand that the name be changed,domain,She was appalled and threatened to sue,0.5390625,0.2857142857142857,0.3105565011501312,2.7396015770741706
57,Adrienne Monnier,"<|begin_of_text|><|start_header_id|>system<|end_header_id|>

Cutting Knowledge Date: December 2023
Today Date: 26 July 2024

<|eot_id|><|start_header_id|>user<|end_header_id|>

Who played Djuna Barnes in a brief cameo role in Woody Allen's film Midnight in Paris?<|eot_id|><|start_header_id|>assistant<|end_header_id|>

",Emmanuelle Uzan,domain,Alison Pill,0.8125,0.0,0.15451020002365112,1.4074743752436336
58,Adrienne Monnier,"<|begin_of_text|><|start_header_id|>system<|end_header_id|>

Cutting Knowledge Date: December 2023
Today Date: 26 July 2024

<|eot_id|><|start_header_id|>user<|end_header_id|>

In what year was the film Midnight in Paris released?<|eot_id|><|start_header_id|>assistant<|end_header_id|>

",2011,domain,2011,1.0,1.0,1.0,1.0
59,Adrienne Monnier,"<|begin_of_text|><|start_header_id|>system<|end_header_id|>

Cutting Knowledge Date: December 2023
Today Date: 26 July 2024

<|eot_id|><|start_header_id|>user<|end_header_id|>

When was Gertrude Stein born?<|eot_id|><|start_header_id|>assistant<|end_header_id|>

","February 3, 1874",domain,"February 3, 1874",1.0,1.0,1.0000001192092896,1.0001764453131785
60,Adrienne Monnier,"<|begin_of_text|><|start_header_id|>system<|end_header_id|>

Cutting Knowledge Date: December 2023
Today Date: 26 July 2024

<|eot_id|><|start_header_id|>user<|end_header_id|>

Who was responsible for the development of Eastbourne as a tourist resort?<|eot_id|><|start_header_id|>assistant<|end_header_id|>

","William Cavendish, later to become the Duke of Devonshire.",entity,"William Cavendish, later to become the Duke of Devonshire.",0.921875,1.0,1.0,1.0945376440805084
61,Adrienne Monnier,"<|begin_of_text|><|start_header_id|>system<|end_header_id|>

Cutting Knowledge Date: December 2023
Today Date: 26 July 2024

<|eot_id|><|start_header_id|>user<|end_header_id|>

Who was Djuna Barnes's friend and patron?<|eot_id|><|start_header_id|>assistant<|end_header_id|>

",Natalie Barney,domain,Natalie Barney,0.984375,1.0,1.000000238418579,1.014880130827225
62,Adrienne Monnier,"<|begin_of_text|><|start_header_id|>system<|end_header_id|>

Cutting Knowledge Date: December 2023
Today Date: 26 July 2024

<|eot_id|><|start_header_id|>user<|end_header_id|>

Who was the editor of Le Navire d'Argent?<|eot_id|><|start_header_id|>assistant<|end_header_id|>

",Jean Prévost,entity,Pierre Leroux,0.53125,0.0,0.2713868021965027,4.08062433502646
63,Adrienne Monnier,"<|begin_of_text|><|start_header_id|>system<|end_header_id|>

Cutting Knowledge Date: December 2023
Today Date: 26 July 2024

<|eot_id|><|start_header_id|>user<|end_header_id|>

What was the name of the salon hosted by Natalie Barney?<|eot_id|><|start_header_id|>assistant<|end_header_id|>

",Not specified,domain,The Thursday Club,0.55859375,0.0,0.03315526247024536,2.893595944171761
64,Adrienne Monnier,"<|begin_of_text|><|start_header_id|>system<|end_header_id|>

Cutting Knowledge Date: December 2023
Today Date: 26 July 2024

<|eot_id|><|start_header_id|>user<|end_header_id|>

When was William Carlos Williams born?<|eot_id|><|start_header_id|>assistant<|end_header_id|>

","September 17, 1883",entity,"September 17, 1883",0.99609375,1.0,1.0,1.00379134873559
65,Adrienne Monnier,"<|begin_of_text|><|start_header_id|>system<|end_header_id|>

Cutting Knowledge Date: December 2023
Today Date: 26 July 2024

<|eot_id|><|start_header_id|>user<|end_header_id|>

Where was Jane Heap born?<|eot_id|><|start_header_id|>assistant<|end_header_id|>

","Topeka, Kansas",domain,"Topeka, Kansas",0.98046875,1.0,1.0,1.0197232327137742
66,Adrienne Monnier,"<|begin_of_text|><|start_header_id|>system<|end_header_id|>

Cutting Knowledge Date: December 2023
Today Date: 26 July 2024

<|eot_id|><|start_header_id|>user<|end_header_id|>

What was the name of the book that Djuna Barnes dedicated to Thelma Wood?<|eot_id|><|start_header_id|>assistant<|end_header_id|>

",Ryder and Ladies Almanack,domain,Ryder,0.83984375,1.0,0.6349877119064331,1.2396681836789056
67,Adrienne Monnier,"<|begin_of_text|><|start_header_id|>system<|end_header_id|>

Cutting Knowledge Date: December 2023
Today Date: 26 July 2024

<|eot_id|><|start_header_id|>user<|end_header_id|>

What was Zadel Barnes's occupation?<|eot_id|><|start_header_id|>assistant<|end_header_id|>

","Writer, journalist, and Women's Suffrage activist",domain,Writer and feminist,0.6640625,0.6666666666666666,0.690214991569519,2.893595944171761
68,Adrienne Monnier,"<|begin_of_text|><|start_header_id|>system<|end_header_id|>

Cutting Knowledge Date: December 2023
Today Date: 26 July 2024

<|eot_id|><|start_header_id|>user<|end_header_id|>

What was the theme of the issue published in March 1926 of Le Navire d'Argent?<|eot_id|><|start_header_id|>assistant<|end_header_id|>

",American writers,entity,The theme was the Dada movement in Zurich.,0.26953125,0.0,0.04546310752630234,6.833759763883972
69,Adrienne Monnier,"<|begin_of_text|><|start_header_id|>system<|end_header_id|>

Cutting Knowledge Date: December 2023
Today Date: 26 July 2024

<|eot_id|><|start_header_id|>user<|end_header_id|>

What types of industries contribute to Eastbourne's economy besides tourism?<|eot_id|><|start_header_id|>assistant<|end_header_id|>

","Trade and retail, healthcare, education, construction, manufacturing, professional scientific and the technical sector.",entity,"Healthcare, education, and retail industries also contribute to Eastbourne's economy.",0.6171875,0.2727272727272727,0.4597742259502411,3.4094892499365113
70,Adrienne Monnier,"<|begin_of_text|><|start_header_id|>system<|end_header_id|>

Cutting Knowledge Date: December 2023
Today Date: 26 July 2024

<|eot_id|><|start_header_id|>user<|end_header_id|>

What is Sylvia Beach known for?<|eot_id|><|start_header_id|>assistant<|end_header_id|>

","Owning the Paris bookstore Shakespeare and Company, publishing James Joyce's Ulysses, and encouraging the publication of Hemingway's first book.",entity,"She was an American expatriate, bookstore owner, and publisher, best known for founding Shakespeare and Company in Paris and publishing James Joyce's Ulysses",0.7265625,0.375,0.7793950438499451,2.593802640698535
71,Adrienne Monnier,"<|begin_of_text|><|start_header_id|>system<|end_header_id|>

Cutting Knowledge Date: December 2023
Today Date: 26 July 2024

<|eot_id|><|start_header_id|>user<|end_header_id|>

What is Eastbourne known for?<|eot_id|><|start_header_id|>assistant<|end_header_id|>

","Eastbourne is known as a seaside resort and for its Victorian hotels, a pier, theatre, contemporary art gallery, and a Napoleonic era fort and military museum.",entity,"Eastbourne is known for its seaside resort and its role in the UK's tennis scene, hosting the annual Eastbourne International tennis tournament.",0.63671875,0.30434782608695654,0.5767530202865601,2.262354872990478
72,Adrienne Monnier,"<|begin_of_text|><|start_header_id|>system<|end_header_id|>

Cutting Knowledge Date: December 2023
Today Date: 26 July 2024

<|eot_id|><|start_header_id|>user<|end_header_id|>

How many poems did E. E. Cummings write approximately?<|eot_id|><|start_header_id|>assistant<|end_header_id|>

","2,900",entity,"2,900",0.99609375,1.0,1.0,1.0048640863690248
73,Adrienne Monnier,"<|begin_of_text|><|start_header_id|>system<|end_header_id|>

Cutting Knowledge Date: December 2023
Today Date: 26 July 2024

<|eot_id|><|start_header_id|>user<|end_header_id|>

What was the population of Eastbourne according to the 2021 census?<|eot_id|><|start_header_id|>assistant<|end_header_id|>

","101,700.",entity,"101,700",0.59765625,1.0,0.962501049041748,2.985448539365356
74,Adrienne Monnier,"<|begin_of_text|><|start_header_id|>system<|end_header_id|>

Cutting Knowledge Date: December 2023
Today Date: 26 July 2024

<|eot_id|><|start_header_id|>user<|end_header_id|>

What was unique about E. E. Cummings' use of language in his poetry?<|eot_id|><|start_header_id|>assistant<|end_header_id|>

",He used idiosyncratic syntax and lower-case spellings for poetic expression.,entity,"He used a wide range of experimental techniques, including lowercase spellings, unpunctuated phrases, and unconventional capitalizations.",0.7265625,0.1875,0.6103436350822449,1.9350946693235824
75,Adrienne Monnier,"<|begin_of_text|><|start_header_id|>system<|end_header_id|>

Cutting Knowledge Date: December 2023
Today Date: 26 July 2024

<|eot_id|><|start_header_id|>user<|end_header_id|>

What were William Carlos Williams' main professions?<|eot_id|><|start_header_id|>assistant<|end_header_id|>

","Poet, writer, and physician",entity,"Poet, writer, and physician",0.98828125,1.0,0.9999998807907104,1.0102449953524026
76,Adrienne Monnier,"<|begin_of_text|><|start_header_id|>system<|end_header_id|>

Cutting Knowledge Date: December 2023
Today Date: 26 July 2024

<|eot_id|><|start_header_id|>user<|end_header_id|>

What roles did Jean Prévost undertake during his lifetime?<|eot_id|><|start_header_id|>assistant<|end_header_id|>

","French writer, journalist, and Resistance fighter.",entity,"French writer, journalist, and Resistance fighter.",0.921875,1.0,1.0,1.0934692814088276
77,Adrienne Monnier,"<|begin_of_text|><|start_header_id|>system<|end_header_id|>

Cutting Knowledge Date: December 2023
Today Date: 26 July 2024

<|eot_id|><|start_header_id|>user<|end_header_id|>

When and where was Sylvia Beach born?<|eot_id|><|start_header_id|>assistant<|end_header_id|>

","14 March 1887, Baltimore, Maryland, United States",entity,"14 March 1887, Baltimore, Maryland",0.87109375,1.0,0.9599241018295288,1.2300210093367046
78,Adrienne Monnier,"<|begin_of_text|><|start_header_id|>system<|end_header_id|>

Cutting Knowledge Date: December 2023
Today Date: 26 July 2024

<|eot_id|><|start_header_id|>user<|end_header_id|>

In which year did E. E. Cummings publish his first collection of poetry?<|eot_id|><|start_header_id|>assistant<|end_header_id|>

",1923,entity,Tulips and Chimneys (1923),0.734375,0.25,0.3839248716831207,1.4606860900032628
79,Adrienne Monnier,"<|begin_of_text|><|start_header_id|>system<|end_header_id|>

Cutting Knowledge Date: December 2023
Today Date: 26 July 2024

<|eot_id|><|start_header_id|>user<|end_header_id|>

When was E. E. Cummings born?<|eot_id|><|start_header_id|>assistant<|end_header_id|>

","October 14, 1894",entity,"October 14, 1894",1.0,1.0,1.000000238418579,1.000040055123474
80,Adrienne Monnier,"<|begin_of_text|><|start_header_id|>system<|end_header_id|>

Cutting Knowledge Date: December 2023
Today Date: 26 July 2024

<|eot_id|><|start_header_id|>user<|end_header_id|>

What phrase summarizes Williams' poetic method, as mentioned in his works?<|eot_id|><|start_header_id|>assistant<|end_header_id|>

",No ideas but in things,entity,No ideas but in things,0.99609375,1.0,1.0000001192092896,1.0027656582162086
81,Adrienne Monnier,"<|begin_of_text|><|start_header_id|>system<|end_header_id|>

Cutting Knowledge Date: December 2023
Today Date: 26 July 2024

<|eot_id|><|start_header_id|>user<|end_header_id|>

What prestigious school did Jean Prévost attend in Paris to prepare for the École normale supérieure?<|eot_id|><|start_header_id|>assistant<|end_header_id|>

",Lycée Henri-IV.,entity,Lycée Henri-IV,0.85546875,1.0,0.9863434433937073,1.7550546569602985
82,Adrienne Monnier,"<|begin_of_text|><|start_header_id|>system<|end_header_id|>

Cutting Knowledge Date: December 2023
Today Date: 26 July 2024

<|eot_id|><|start_header_id|>user<|end_header_id|>

What was one of William Carlos Williams' roles at Passaic General Hospital?<|eot_id|><|start_header_id|>assistant<|end_header_id|>

",Chief of pediatrics,entity,Chief of pediatrics,0.9921875,1.0,0.9999999403953552,1.0106150258697313
83,Alfred Vogel,"<|begin_of_text|><|start_header_id|>system<|end_header_id|>

Cutting Knowledge Date: December 2023
Today Date: 26 July 2024

<|eot_id|><|start_header_id|>user<|end_header_id|>

Why did Heinrich Mann leave Germany in 1933?<|eot_id|><|start_header_id|>assistant<|end_header_id|>

",Due to the rise of the Nazi party and his criticism of Fascism and Nazism,domain,After the Nazi party came to power,0.63671875,0.42857142857142855,0.7226757407188416,2.4366520830322917
84,Alfred Vogel,"<|begin_of_text|><|start_header_id|>system<|end_header_id|>

Cutting Knowledge Date: December 2023
Today Date: 26 July 2024

<|eot_id|><|start_header_id|>user<|end_header_id|>

When was NRC Handelsblad first published?<|eot_id|><|start_header_id|>assistant<|end_header_id|>

",1 October 1970,entity,1 October 1970,0.9453125,1.0,1.0000001192092896,1.0660549196094284
85,Alfred Vogel,"<|begin_of_text|><|start_header_id|>system<|end_header_id|>

Cutting Knowledge Date: December 2023
Today Date: 26 July 2024

<|eot_id|><|start_header_id|>user<|end_header_id|>

Who were the main scriptwriters for 'Zondag met Lubach'?<|eot_id|><|start_header_id|>assistant<|end_header_id|>

",Tex de Wit and Pieter Jouke.,entity,Tex de Wit and Pieter Jouke.,0.90234375,1.0,1.0000001192092896,1.1204938563054325
86,Alfred Vogel,"<|begin_of_text|><|start_header_id|>system<|end_header_id|>

Cutting Knowledge Date: December 2023
Today Date: 26 July 2024

<|eot_id|><|start_header_id|>user<|end_header_id|>

When did 'Zondag met Lubach' first air and when did it end?<|eot_id|><|start_header_id|>assistant<|end_header_id|>

",It aired between 2014 and 2021.,entity,It first aired on 7 September 2014 and ended on 15 December 2019.,0.76953125,0.3076923076923077,0.5202176570892334,1.5458081916941238
87,Alfred Vogel,"<|begin_of_text|><|start_header_id|>system<|end_header_id|>

Cutting Knowledge Date: December 2023
Today Date: 26 July 2024

<|eot_id|><|start_header_id|>user<|end_header_id|>

What is the district name where Feusisberg is situated?<|eot_id|><|start_header_id|>assistant<|end_header_id|>

",Höfe District,entity,Höfe district,0.83984375,1.0,1.0,1.2506117261169578
88,Alfred Vogel,"<|begin_of_text|><|start_header_id|>system<|end_header_id|>

Cutting Knowledge Date: December 2023
Today Date: 26 July 2024

<|eot_id|><|start_header_id|>user<|end_header_id|>

What was the occupation of Klaus Mann's father?<|eot_id|><|start_header_id|>assistant<|end_header_id|>

",German writer,domain,German writer,0.87890625,1.0,0.9999999403953552,1.14538656055358
89,Alfred Vogel,"<|begin_of_text|><|start_header_id|>system<|end_header_id|>

Cutting Knowledge Date: December 2023
Today Date: 26 July 2024

<|eot_id|><|start_header_id|>user<|end_header_id|>

What show succeeded 'Zondag met Lubach'?<|eot_id|><|start_header_id|>assistant<|end_header_id|>

",De Avondshow met Arjen Lubach.,entity,De Avondshow met Arjen Lubach.,0.890625,1.0,1.0,1.2216413366842986
90,Alfred Vogel,"<|begin_of_text|><|start_header_id|>system<|end_header_id|>

Cutting Knowledge Date: December 2023
Today Date: 26 July 2024

<|eot_id|><|start_header_id|>user<|end_header_id|>

What term is used to collectively refer to Appenzell Innerrhoden and Appenzell Ausserrhoden in political contexts?<|eot_id|><|start_header_id|>assistant<|end_header_id|>

",beide Appenzell,entity,beide Appenzell,0.84765625,1.0,0.9999998807907104,1.2653535414000139
91,Alfred Vogel,"<|begin_of_text|><|start_header_id|>system<|end_header_id|>

Cutting Knowledge Date: December 2023
Today Date: 26 July 2024

<|eot_id|><|start_header_id|>user<|end_header_id|>

What was the name of Klaus Mann's father?<|eot_id|><|start_header_id|>assistant<|end_header_id|>

",Thomas Mann,domain,Thomas Mann,1.0,1.0,0.9999998807907104,1.000709785469981
92,Alfred Vogel,"<|begin_of_text|><|start_header_id|>system<|end_header_id|>

Cutting Knowledge Date: December 2023
Today Date: 26 July 2024

<|eot_id|><|start_header_id|>user<|end_header_id|>

Who directed the movie 'The Blue Angel'?<|eot_id|><|start_header_id|>assistant<|end_header_id|>

",Josef von Sternberg,domain,Josef von Sternberg,0.953125,1.0,1.0,1.052863580813002
93,Alfred Vogel,"<|begin_of_text|><|start_header_id|>system<|end_header_id|>

Cutting Knowledge Date: December 2023
Today Date: 26 July 2024

<|eot_id|><|start_header_id|>user<|end_header_id|>

Where was Klaus Mann buried?<|eot_id|><|start_header_id|>assistant<|end_header_id|>

",Cimetière du Grand Jas in Cannes,domain,Cimetière du Grand Jas in Cannes,0.96875,1.0,1.000000238418579,1.0303589395785924
94,Alfred Vogel,"<|begin_of_text|><|start_header_id|>system<|end_header_id|>

Cutting Knowledge Date: December 2023
Today Date: 26 July 2024

<|eot_id|><|start_header_id|>user<|end_header_id|>

What significant event involving local peasants occurred in Thurgau in 1524?<|eot_id|><|start_header_id|>assistant<|end_header_id|>

","Local peasants occupied the cloister of Ittingen, driving out monks and destroying documents.",entity,A peasant war broke out in Thurgau in 1524.,0.57421875,0.2222222222222222,0.3950618505477905,2.8265658663204203
95,Alfred Vogel,"<|begin_of_text|><|start_header_id|>system<|end_header_id|>

Cutting Knowledge Date: December 2023
Today Date: 26 July 2024

<|eot_id|><|start_header_id|>user<|end_header_id|>

What was the title of Heinrich Mann's novel that was adapted into the movie 'The Blue Angel'?<|eot_id|><|start_header_id|>assistant<|end_header_id|>

",Professor Unrat,domain,Professor Unrat,1.0,1.0,1.0,1.0018403754981091
96,Alfred Vogel,"<|begin_of_text|><|start_header_id|>system<|end_header_id|>

Cutting Knowledge Date: December 2023
Today Date: 26 July 2024

<|eot_id|><|start_header_id|>user<|end_header_id|>

When was Klaus Mann born?<|eot_id|><|start_header_id|>assistant<|end_header_id|>

",18 November 1906,domain,18 November 1906,0.984375,1.0,1.0,1.017733529476957
97,Alfred Vogel,"<|begin_of_text|><|start_header_id|>system<|end_header_id|>

Cutting Knowledge Date: December 2023
Today Date: 26 July 2024

<|eot_id|><|start_header_id|>user<|end_header_id|>

What led to the division of Appenzell into Innerrhoden and Ausserrhoden?<|eot_id|><|start_header_id|>assistant<|end_header_id|>

",The Swiss Reformation,entity,The Swiss Reformation,0.98828125,1.0,0.9999998807907104,1.0125908121928786
98,Alfred Vogel,"<|begin_of_text|><|start_header_id|>system<|end_header_id|>

Cutting Knowledge Date: December 2023
Today Date: 26 July 2024

<|eot_id|><|start_header_id|>user<|end_header_id|>

What was the name of Heinrich Mann's first wife?<|eot_id|><|start_header_id|>assistant<|end_header_id|>

",Maria 'Mimi' Kanova,domain,Maria 'Mimi' Kanova,0.97265625,1.0,1.0,1.027093941409565
99,Alfred Vogel,"<|begin_of_text|><|start_header_id|>system<|end_header_id|>

Cutting Knowledge Date: December 2023
Today Date: 26 July 2024

<|eot_id|><|start_header_id|>user<|end_header_id|>

Where was Klaus Mann born?<|eot_id|><|start_header_id|>assistant<|end_header_id|>

",Munich,domain,"Munich, Germany",1.0,0.5,0.9489122629165649,1.0008777653818437
100,Alfred Vogel,"<|begin_of_text|><|start_header_id|>system<|end_header_id|>

Cutting Knowledge Date: December 2023
Today Date: 26 July 2024

<|eot_id|><|start_header_id|>user<|end_header_id|>

When did Heinrich Mann marry his first wife?<|eot_id|><|start_header_id|>assistant<|end_header_id|>

",1914,domain,1914,0.86328125,1.0,0.9999997615814209,1.1714041120036267
101,Alfred Vogel,"<|begin_of_text|><|start_header_id|>system<|end_header_id|>

Cutting Knowledge Date: December 2023
Today Date: 26 July 2024

<|eot_id|><|start_header_id|>user<|end_header_id|>

Who portrayed Heinrich Mann in the television adaptation of 'Tales from Hollywood'?<|eot_id|><|start_header_id|>assistant<|end_header_id|>

",Alec Guinness,domain,Alec Guinness,0.8515625,1.0,1.0,1.1898510425967053
102,Alfred Vogel,"<|begin_of_text|><|start_header_id|>system<|end_header_id|>

Cutting Knowledge Date: December 2023
Today Date: 26 July 2024

<|eot_id|><|start_header_id|>user<|end_header_id|>

Where was Heinrich Mann buried?<|eot_id|><|start_header_id|>assistant<|end_header_id|>

",Dorotheenstadt Cemetery in East Germany,domain,Dorotheenstadt Cemetery in East Berlin,0.8359375,0.8,0.9463218450546265,1.2641184477534664
103,Alfred Vogel,"<|begin_of_text|><|start_header_id|>system<|end_header_id|>

Cutting Knowledge Date: December 2023
Today Date: 26 July 2024

<|eot_id|><|start_header_id|>user<|end_header_id|>

When did Heinrich Mann die?<|eot_id|><|start_header_id|>assistant<|end_header_id|>

","March 11, 1950",domain,"March 11, 1950",1.0,1.0,0.9999999403953552,1.0006219890092884
104,Alfred Vogel,"<|begin_of_text|><|start_header_id|>system<|end_header_id|>

Cutting Knowledge Date: December 2023
Today Date: 26 July 2024

<|eot_id|><|start_header_id|>user<|end_header_id|>

When was Bertolt Brecht born?<|eot_id|><|start_header_id|>assistant<|end_header_id|>

",10 February 1898,domain,10 February 1898,1.0,1.0,1.0,1.0000643750883444
105,Alfred Vogel,"<|begin_of_text|><|start_header_id|>system<|end_header_id|>

Cutting Knowledge Date: December 2023
Today Date: 26 July 2024

<|eot_id|><|start_header_id|>user<|end_header_id|>

Where was Heinrich Mann born?<|eot_id|><|start_header_id|>assistant<|end_header_id|>

",Lübeck,domain,Lübeck,0.97265625,1.0,0.9999998211860657,1.027093941409565
106,Alfred Vogel,"<|begin_of_text|><|start_header_id|>system<|end_header_id|>

Cutting Knowledge Date: December 2023
Today Date: 26 July 2024

<|eot_id|><|start_header_id|>user<|end_header_id|>

What was the occupation of Heinrich Mann's father?<|eot_id|><|start_header_id|>assistant<|end_header_id|>

",Grain merchant and finance minister,domain,Journalist and writer,0.384765625,0.3333333333333333,0.2663237452507019,18.00455893510183
107,Alfred Vogel,"<|begin_of_text|><|start_header_id|>system<|end_header_id|>

Cutting Knowledge Date: December 2023
Today Date: 26 July 2024

<|eot_id|><|start_header_id|>user<|end_header_id|>

Who was Heinrich Mann's younger brother?<|eot_id|><|start_header_id|>assistant<|end_header_id|>

",Thomas Mann,domain,Thomas Mann,0.97265625,1.0,0.9999998807907104,1.027470143325173
108,Alfred Vogel,"<|begin_of_text|><|start_header_id|>system<|end_header_id|>

Cutting Knowledge Date: December 2023
Today Date: 26 July 2024

<|eot_id|><|start_header_id|>user<|end_header_id|>

When was Heinrich Mann born?<|eot_id|><|start_header_id|>assistant<|end_header_id|>

","March 27, 1871",domain,"March 27, 1871",1.0,1.0,1.0000001192092896,1.0002556173813535
109,Alfred Vogel,"<|begin_of_text|><|start_header_id|>system<|end_header_id|>

Cutting Knowledge Date: December 2023
Today Date: 26 July 2024

<|eot_id|><|start_header_id|>user<|end_header_id|>

What was the name of Klaus Mann's first novel?<|eot_id|><|start_header_id|>assistant<|end_header_id|>

","The Pious Dance, Adventure Book of a Youth",domain,The Pious Dance (Der fromme Tanz),0.57421875,0.5,0.6492925882339478,3.9242980716773355
110,Alfred Vogel,"<|begin_of_text|><|start_header_id|>system<|end_header_id|>

Cutting Knowledge Date: December 2023
Today Date: 26 July 2024

<|eot_id|><|start_header_id|>user<|end_header_id|>

What was the name of Heinrich Mann's second wife?<|eot_id|><|start_header_id|>assistant<|end_header_id|>

",Nelly Kröger,domain,Nelly Kröger,0.98828125,1.0,0.9999997615814209,1.012220058253459
111,Alfred Vogel,"<|begin_of_text|><|start_header_id|>system<|end_header_id|>

Cutting Knowledge Date: December 2023
Today Date: 26 July 2024

<|eot_id|><|start_header_id|>user<|end_header_id|>

In what year was Klaus Mann's first novel published?<|eot_id|><|start_header_id|>assistant<|end_header_id|>

",1926,domain,1926,0.9609375,1.0,0.9999998807907104,1.0405973485555498
112,Alfred Vogel,"<|begin_of_text|><|start_header_id|>system<|end_header_id|>

Cutting Knowledge Date: December 2023
Today Date: 26 July 2024

<|eot_id|><|start_header_id|>user<|end_header_id|>

What was the rank of Klaus Mann in the US Army?<|eot_id|><|start_header_id|>assistant<|end_header_id|>

",Staff Sergeant,domain,Staff Sergeant,0.8359375,1.0,1.0,1.1991831599849847
113,Alfred Vogel,"<|begin_of_text|><|start_header_id|>system<|end_header_id|>

Cutting Knowledge Date: December 2023
Today Date: 26 July 2024

<|eot_id|><|start_header_id|>user<|end_header_id|>

When was Ernst Weiss born?<|eot_id|><|start_header_id|>assistant<|end_header_id|>

","August 28, 1884",domain,26 July 1884,0.71875,0.3333333333333333,0.8640797138214111,3.629382414297425
114,Alfred Vogel,"<|begin_of_text|><|start_header_id|>system<|end_header_id|>

Cutting Knowledge Date: December 2023
Today Date: 26 July 2024

<|eot_id|><|start_header_id|>user<|end_header_id|>

In what year was Klaus Mann's novel Mephisto published?<|eot_id|><|start_header_id|>assistant<|end_header_id|>

",1936,domain,1936,1.0,1.0,1.0,1.000056506799696
115,Alfred Vogel,"<|begin_of_text|><|start_header_id|>system<|end_header_id|>

Cutting Knowledge Date: December 2023
Today Date: 26 July 2024

<|eot_id|><|start_header_id|>user<|end_header_id|>

What was the name of Klaus Mann's most famous novel?<|eot_id|><|start_header_id|>assistant<|end_header_id|>

",Mephisto,domain,Mephisto,0.99609375,1.0,1.0,1.0032554094436996
116,Alfred Vogel,"<|begin_of_text|><|start_header_id|>system<|end_header_id|>

Cutting Knowledge Date: December 2023
Today Date: 26 July 2024

<|eot_id|><|start_header_id|>user<|end_header_id|>

What is the full former name of NRC?<|eot_id|><|start_header_id|>assistant<|end_header_id|>

",NRC Handelsblad,entity,NRC Handelsblad,0.953125,1.0,1.0,1.053120658965995
117,Alfred Vogel,"<|begin_of_text|><|start_header_id|>system<|end_header_id|>

Cutting Knowledge Date: December 2023
Today Date: 26 July 2024

<|eot_id|><|start_header_id|>user<|end_header_id|>

What was the title of Heinrich Mann's work that was acclaimed by his brother Thomas Mann?<|eot_id|><|start_header_id|>assistant<|end_header_id|>

",Die Jugend des Königs Henri Quatre and Die Vollendung des Königs Henri Quatre,domain,Die Jugend des Königs Henri Quatre (Youth of the King Henry of Navarre),0.9375,0.5714285714285714,0.7734322547912598,1.153243174561055
118,Alfred Vogel,"<|begin_of_text|><|start_header_id|>system<|end_header_id|>

Cutting Knowledge Date: December 2023
Today Date: 26 July 2024

<|eot_id|><|start_header_id|>user<|end_header_id|>

What is 'Zondag met Lubach'?<|eot_id|><|start_header_id|>assistant<|end_header_id|>

",A Dutch weekly satirical television programme.,entity,A Dutch weekly satirical television programme.,0.796875,1.0,1.0,1.2940961528463732
119,Alfred Vogel,"<|begin_of_text|><|start_header_id|>system<|end_header_id|>

Cutting Knowledge Date: December 2023
Today Date: 26 July 2024

<|eot_id|><|start_header_id|>user<|end_header_id|>

How many districts is Thurgau composed of?<|eot_id|><|start_header_id|>assistant<|end_header_id|>

",5,entity,5,0.9765625,1.0,1.0,1.024589446330636
120,Alfred Vogel,"<|begin_of_text|><|start_header_id|>system<|end_header_id|>

Cutting Knowledge Date: December 2023
Today Date: 26 July 2024

<|eot_id|><|start_header_id|>user<|end_header_id|>

What was the name of the literary magazine founded by Klaus Mann in 1933?<|eot_id|><|start_header_id|>assistant<|end_header_id|>

",Die Sammlung,domain,Die Sammlung,0.9921875,1.0,0.9999998807907104,1.0104916673070683
121,Alfred Vogel,"<|begin_of_text|><|start_header_id|>system<|end_header_id|>

Cutting Knowledge Date: December 2023
Today Date: 26 July 2024

<|eot_id|><|start_header_id|>user<|end_header_id|>

Where was 'Zondag met Lubach' recorded?<|eot_id|><|start_header_id|>assistant<|end_header_id|>

",In the main auditorium of the Theater Bellevue in Amsterdam.,entity,The show was recorded in the main auditorium of the EYE Film Museum in Amsterdam.,0.79296875,0.5333333333333333,0.6001059412956238,1.3641709411599587
122,Alfred Vogel,"<|begin_of_text|><|start_header_id|>system<|end_header_id|>

Cutting Knowledge Date: December 2023
Today Date: 26 July 2024

<|eot_id|><|start_header_id|>user<|end_header_id|>

Who was Ben Black Elk's father?<|eot_id|><|start_header_id|>assistant<|end_header_id|>

",Black Elk,entity,Black Elk,0.9921875,1.0,1.0000001192092896,1.0065214165780454
123,Alfred Vogel,"<|begin_of_text|><|start_header_id|>system<|end_header_id|>

Cutting Knowledge Date: December 2023
Today Date: 26 July 2024

<|eot_id|><|start_header_id|>user<|end_header_id|>

In which part of Switzerland is Thurgau located?<|eot_id|><|start_header_id|>assistant<|end_header_id|>

",Eastern Switzerland,entity,Eastern Switzerland,0.9765625,1.0,1.0,1.025840929558953
124,Alfred Vogel,"<|begin_of_text|><|start_header_id|>system<|end_header_id|>

Cutting Knowledge Date: December 2023
Today Date: 26 July 2024

<|eot_id|><|start_header_id|>user<|end_header_id|>

Who acquired NRC Media group in 2015?<|eot_id|><|start_header_id|>assistant<|end_header_id|>

",Mediahuis,entity,Mediahuis,0.859375,1.0,1.0,1.2015276033445204
125,Alfred Vogel,"<|begin_of_text|><|start_header_id|>system<|end_header_id|>

Cutting Knowledge Date: December 2023
Today Date: 26 July 2024

<|eot_id|><|start_header_id|>user<|end_header_id|>

What role is Ben Black Elk known as in relation to Mount Rushmore?<|eot_id|><|start_header_id|>assistant<|end_header_id|>

","the ""fifth face"" of Mount Rushmore",entity,He is a 'Spirit Rider' and is known for his role in the Mount Rushmore dedication ceremony.,0.6953125,0.17647058823529413,0.5456976890563965,2.7396015770741706
126,Alfred Vogel,"<|begin_of_text|><|start_header_id|>system<|end_header_id|>

Cutting Knowledge Date: December 2023
Today Date: 26 July 2024

<|eot_id|><|start_header_id|>user<|end_header_id|>

What are the names of the two newspapers that merged to form NRC Handelsblad?<|eot_id|><|start_header_id|>assistant<|end_header_id|>

",Algemeen Handelsblad and Nieuwe Rotterdamsche Courant,entity,Algemeen Handelsblad and Nieuwe Rotterdamsche Courant,0.984375,1.0,1.0000001192092896,1.01636786102398
127,Alfred Vogel,"<|begin_of_text|><|start_header_id|>system<|end_header_id|>

Cutting Knowledge Date: December 2023
Today Date: 26 July 2024

<|eot_id|><|start_header_id|>user<|end_header_id|>

Who presented 'Zondag met Lubach'?<|eot_id|><|start_header_id|>assistant<|end_header_id|>

",Arjen Lubach.,entity,Arjen Lubach.,0.98046875,1.0,0.9999998807907104,1.0198477182452943
128,Alfred Vogel,"<|begin_of_text|><|start_header_id|>system<|end_header_id|>

Cutting Knowledge Date: December 2023
Today Date: 26 July 2024

<|eot_id|><|start_header_id|>user<|end_header_id|>

In what book did Ben Black Elk serve as an interpreter for his father's interviews?<|eot_id|><|start_header_id|>assistant<|end_header_id|>

",Black Elk Speaks,entity,Black Elk Speaks,0.96875,1.0,1.0,1.0312397495117924
129,Alfred Vogel,"<|begin_of_text|><|start_header_id|>system<|end_header_id|>

Cutting Knowledge Date: December 2023
Today Date: 26 July 2024

<|eot_id|><|start_header_id|>user<|end_header_id|>

Who funded the literary magazine Die Sammlung?<|eot_id|><|start_header_id|>assistant<|end_header_id|>

",Annemarie Schwarzenbach and Thomas Mann,domain,Annemarie Schwarzenbach and Thomas Mann,0.94921875,1.0,0.9999998807907104,1.0554371888726723
130,Alfred Vogel,"<|begin_of_text|><|start_header_id|>system<|end_header_id|>

Cutting Knowledge Date: December 2023
Today Date: 26 July 2024

<|eot_id|><|start_header_id|>user<|end_header_id|>

Where did Heinrich Mann live in exile?<|eot_id|><|start_header_id|>assistant<|end_header_id|>

","France, Spain, and the United States",domain,"France, Spain, and the United States",0.97265625,1.0,1.0,1.0265925531151994
131,Alfred Vogel,"<|begin_of_text|><|start_header_id|>system<|end_header_id|>

Cutting Knowledge Date: December 2023
Today Date: 26 July 2024

<|eot_id|><|start_header_id|>user<|end_header_id|>

What was the name of the play that premiered in Berlin in 1925, directed by Erwin Piscator?<|eot_id|><|start_header_id|>assistant<|end_header_id|>

","Hoppla, We're Alive! (Hoppla, wir Leben!)",domain,"Hoppla, We're Alive!",0.8671875,1.0,0.9216372966766357,1.2192576470282712
132,Alfred Vogel,"<|begin_of_text|><|start_header_id|>system<|end_header_id|>

Cutting Knowledge Date: December 2023
Today Date: 26 July 2024

<|eot_id|><|start_header_id|>user<|end_header_id|>

When was the most recent comprehensive biography of Ernst Toller published?<|eot_id|><|start_header_id|>assistant<|end_header_id|>

",2013,domain,2019,0.306640625,0.0,0.47715476155281067,6.887357605997627
133,Alfred Vogel,"<|begin_of_text|><|start_header_id|>system<|end_header_id|>

Cutting Knowledge Date: December 2023
Today Date: 26 July 2024

<|eot_id|><|start_header_id|>user<|end_header_id|>

What was the name of the English author who wrote a poem in memory of Ernst Toller?<|eot_id|><|start_header_id|>assistant<|end_header_id|>

",W. H. Auden,domain,W. H. Auden,1.0,1.0,0.9999999403953552,1.0004788591232774
134,Alfred Vogel,"<|begin_of_text|><|start_header_id|>system<|end_header_id|>

Cutting Knowledge Date: December 2023
Today Date: 26 July 2024

<|eot_id|><|start_header_id|>user<|end_header_id|>

Where did Ernst Toller commit suicide?<|eot_id|><|start_header_id|>assistant<|end_header_id|>

","Mayflower Hotel, New York",domain,"San Francisco, California",0.7890625,0.0,0.2604714632034302,2.218596968679145
135,Alfred Vogel,"<|begin_of_text|><|start_header_id|>system<|end_header_id|>

Cutting Knowledge Date: December 2023
Today Date: 26 July 2024

<|eot_id|><|start_header_id|>user<|end_header_id|>

Why was Ernst Toller exiled from Germany in 1933?<|eot_id|><|start_header_id|>assistant<|end_header_id|>

",After the Nazis came to power,domain,After the Nazi Party came to power,0.84375,0.8571428571428571,0.8939958810806274,1.2506117261169578
136,Alfred Vogel,"<|begin_of_text|><|start_header_id|>system<|end_header_id|>

Cutting Knowledge Date: December 2023
Today Date: 26 July 2024

<|eot_id|><|start_header_id|>user<|end_header_id|>

How long was Ernst Toller imprisoned for his part in the armed resistance?<|eot_id|><|start_header_id|>assistant<|end_header_id|>

",Five years,domain,Five years,0.9921875,1.0,1.0,1.007658572517963
137,Alfred Vogel,"<|begin_of_text|><|start_header_id|>system<|end_header_id|>

Cutting Knowledge Date: December 2023
Today Date: 26 July 2024

<|eot_id|><|start_header_id|>user<|end_header_id|>

What was the name of the republic that Ernst Toller served as president for six days?<|eot_id|><|start_header_id|>assistant<|end_header_id|>

",Bavarian Soviet Republic,domain,Bavarian Soviet Republic,0.98828125,1.0,1.000000238418579,1.0129617019313102
138,Alfred Vogel,"<|begin_of_text|><|start_header_id|>system<|end_header_id|>

Cutting Knowledge Date: December 2023
Today Date: 26 July 2024

<|eot_id|><|start_header_id|>user<|end_header_id|>

What was the name of Ernst Toller's first drama?<|eot_id|><|start_header_id|>assistant<|end_header_id|>

","Transformation (Die Wandlung, 1919)",domain,"Transformation (Die Wandlung, 1919)",0.953125,1.0,1.0000001192092896,1.0495272700075693
139,Alfred Vogel,"<|begin_of_text|><|start_header_id|>system<|end_header_id|>

Cutting Knowledge Date: December 2023
Today Date: 26 July 2024

<|eot_id|><|start_header_id|>user<|end_header_id|>

What was the name of the US Army counterintelligence unit that Klaus Mann served in during World War II?<|eot_id|><|start_header_id|>assistant<|end_header_id|>

",The Ritchie Boys,domain,The US Army Counter Intelligence Corps,0.76953125,0.16666666666666666,0.03264228627085686,1.694425507918335
140,Alfred Vogel,"<|begin_of_text|><|start_header_id|>system<|end_header_id|>

Cutting Knowledge Date: December 2023
Today Date: 26 July 2024

<|eot_id|><|start_header_id|>user<|end_header_id|>

What was the occupation of Ernst Toller's father?<|eot_id|><|start_header_id|>assistant<|end_header_id|>

",Pharmacist,domain,Pharmacist,0.984375,1.0,0.9999999403953552,1.0138276397076904
141,Alfred Vogel,"<|begin_of_text|><|start_header_id|>system<|end_header_id|>

Cutting Knowledge Date: December 2023
Today Date: 26 July 2024

<|eot_id|><|start_header_id|>user<|end_header_id|>

Where was Ernst Toller born?<|eot_id|><|start_header_id|>assistant<|end_header_id|>

","Samotschin, Germany (now Szamocin, Poland)",domain,"Samotschin, Germany (now Szamocin, Poland)",0.98046875,1.0,1.0,1.020594950634576
142,Alfred Vogel,"<|begin_of_text|><|start_header_id|>system<|end_header_id|>

Cutting Knowledge Date: December 2023
Today Date: 26 July 2024

<|eot_id|><|start_header_id|>user<|end_header_id|>

When was Ernst Toller born?<|eot_id|><|start_header_id|>assistant<|end_header_id|>

",1 December 1893,domain,1 December 1893,1.0,1.0,1.0,1.0002766037995359
143,Alfred Vogel,"<|begin_of_text|><|start_header_id|>system<|end_header_id|>

Cutting Knowledge Date: December 2023
Today Date: 26 July 2024

<|eot_id|><|start_header_id|>user<|end_header_id|>

How did Klaus Mann die?<|eot_id|><|start_header_id|>assistant<|end_header_id|>

",From an overdose of sleeping pills,domain,"He died of a heart attack in Cannes, France",0.86328125,0.1111111111111111,0.2209336757659912,1.2204489099008486
144,Alfred Vogel,"<|begin_of_text|><|start_header_id|>system<|end_header_id|>

Cutting Knowledge Date: December 2023
Today Date: 26 July 2024

<|eot_id|><|start_header_id|>user<|end_header_id|>

Why was the process of Klaus Mann's naturalization delayed?<|eot_id|><|start_header_id|>assistant<|end_header_id|>

",Due to an investigation by the FBI into his political and sexual activities,domain,Due to an investigation into his political activities and alleged ties to the Communist Party,0.671875,0.5333333333333333,0.6660765409469604,1.7413967132631865
145,Alfred Vogel,"<|begin_of_text|><|start_header_id|>system<|end_header_id|>

Cutting Knowledge Date: December 2023
Today Date: 26 July 2024

<|eot_id|><|start_header_id|>user<|end_header_id|>

In what year did Klaus Mann become a US citizen?<|eot_id|><|start_header_id|>assistant<|end_header_id|>

",1943,domain,1943,0.984375,1.0,1.0000001192092896,1.016988392087819
146,Alfred Vogel,"<|begin_of_text|><|start_header_id|>system<|end_header_id|>

Cutting Knowledge Date: December 2023
Today Date: 26 July 2024

<|eot_id|><|start_header_id|>user<|end_header_id|>

What was the name of Ernst Toller's mother?<|eot_id|><|start_header_id|>assistant<|end_header_id|>

",Ida (Kohn),domain,Ida (Kohn),0.796875,1.0,0.9999997615814209,1.3351751743691969
147,Amy Clampitt,"<|begin_of_text|><|start_header_id|>system<|end_header_id|>

Cutting Knowledge Date: December 2023
Today Date: 26 July 2024

<|eot_id|><|start_header_id|>user<|end_header_id|>

What natural disaster struck New Providence in 1860?<|eot_id|><|start_header_id|>assistant<|end_header_id|>

",a tornado,entity,A hurricane.,0.1083984375,0.5,0.5024852752685547,63.83170433047907
148,Amy Clampitt,"<|begin_of_text|><|start_header_id|>system<|end_header_id|>

Cutting Knowledge Date: December 2023
Today Date: 26 July 2024

<|eot_id|><|start_header_id|>user<|end_header_id|>

Are the memberships at the American Academy of Arts and Letters permanent?<|eot_id|><|start_header_id|>assistant<|end_header_id|>

","Yes, memberships are elected for lifetime appointments.",entity,"No, the memberships are for life or until resignation, but an annual election selects new members to replace those who have died or resigned.",0.5546875,0.125,0.6543174386024475,4.3778708548421035
149,Amy Clampitt,"<|begin_of_text|><|start_header_id|>system<|end_header_id|>

Cutting Knowledge Date: December 2023
Today Date: 26 July 2024

<|eot_id|><|start_header_id|>user<|end_header_id|>

Where was Elizabeth Bishop born?<|eot_id|><|start_header_id|>assistant<|end_header_id|>

","Worcester, Massachusetts",domain,"Worcester, Massachusetts",0.99609375,1.0,0.9999998807907104,1.0032247929855351
150,Amy Clampitt,"<|begin_of_text|><|start_header_id|>system<|end_header_id|>

Cutting Knowledge Date: December 2023
Today Date: 26 July 2024

<|eot_id|><|start_header_id|>user<|end_header_id|>

What award did Anne Sexton win in 1967?<|eot_id|><|start_header_id|>assistant<|end_header_id|>

",Pulitzer Prize for poetry,domain,Pulitzer Prize for poetry,0.9765625,1.0,0.9999998807907104,1.023714316602358
151,Amy Clampitt,"<|begin_of_text|><|start_header_id|>system<|end_header_id|>

Cutting Knowledge Date: December 2023
Today Date: 26 July 2024

<|eot_id|><|start_header_id|>user<|end_header_id|>

How many members does the American Academy of Arts and Letters have?<|eot_id|><|start_header_id|>assistant<|end_header_id|>

",300 members.,entity,300 members.,0.94140625,1.0,1.0,1.0618987653533076
152,Amy Clampitt,"<|begin_of_text|><|start_header_id|>system<|end_header_id|>

Cutting Knowledge Date: December 2023
Today Date: 26 July 2024

<|eot_id|><|start_header_id|>user<|end_header_id|>

What types of exhibits does the American Academy of Arts and Letters showcase?<|eot_id|><|start_header_id|>assistant<|end_header_id|>

","Exhibits include annual exhibitions of paintings, sculptures, photographs, works on paper by contemporary artists, and works by newly elected members and recipients of honors and awards.",entity,Exhibits of art and sculpture by living American artists.,0.66796875,0.5555555555555556,0.6972970366477966,2.325069660277121
153,Amy Clampitt,"<|begin_of_text|><|start_header_id|>system<|end_header_id|>

Cutting Knowledge Date: December 2023
Today Date: 26 July 2024

<|eot_id|><|start_header_id|>user<|end_header_id|>

What was Elizabeth Bishop's father's occupation?<|eot_id|><|start_header_id|>assistant<|end_header_id|>

",A successful builder,domain,He was a builder and a farmer,0.5390625,0.2857142857142857,0.5932333469390869,3.629382414297425
154,Amy Clampitt,"<|begin_of_text|><|start_header_id|>system<|end_header_id|>

Cutting Knowledge Date: December 2023
Today Date: 26 July 2024

<|eot_id|><|start_header_id|>user<|end_header_id|>

What is the population of Lenox, Massachusetts as of the 2020 census?<|eot_id|><|start_header_id|>assistant<|end_header_id|>

","5,095",entity,"5,095",0.91796875,1.0,1.0000001192092896,1.0982851403078258
155,Amy Clampitt,"<|begin_of_text|><|start_header_id|>system<|end_header_id|>

Cutting Knowledge Date: December 2023
Today Date: 26 July 2024

<|eot_id|><|start_header_id|>user<|end_header_id|>

In which county is New Providence located?<|eot_id|><|start_header_id|>assistant<|end_header_id|>

",Hardin County,entity,Cumberland County,0.57421875,0.5,0.394826203584671,10.099642225480054
156,Amy Clampitt,"<|begin_of_text|><|start_header_id|>system<|end_header_id|>

Cutting Knowledge Date: December 2023
Today Date: 26 July 2024

<|eot_id|><|start_header_id|>user<|end_header_id|>

Where did Elizabeth Bishop attend high school?<|eot_id|><|start_header_id|>assistant<|end_header_id|>

",Saugus High School and Shore Country Day School,domain,Saugus High School in Massachusetts,0.8515625,0.6,0.6888145208358765,1.4324338635650782
157,Amy Clampitt,"<|begin_of_text|><|start_header_id|>system<|end_header_id|>

Cutting Knowledge Date: December 2023
Today Date: 26 July 2024

<|eot_id|><|start_header_id|>user<|end_header_id|>

Who starred in Anne Sexton's play Mercy Street?<|eot_id|><|start_header_id|>assistant<|end_header_id|>

",Marian Seldes,domain,Marian Seldes,0.80078125,1.0,0.9999999403953552,1.4129830741948972
158,Amy Clampitt,"<|begin_of_text|><|start_header_id|>system<|end_header_id|>

Cutting Knowledge Date: December 2023
Today Date: 26 July 2024

<|eot_id|><|start_header_id|>user<|end_header_id|>

What group of colleges is Smith College a member of?<|eot_id|><|start_header_id|>assistant<|end_header_id|>

",Smith College is a member of the historic Seven Sisters colleges.,entity,Smith College is a member of the historic Seven Sisters colleges.,0.96484375,1.0,1.0000001192092896,1.0423772336295896
159,Amy Clampitt,"<|begin_of_text|><|start_header_id|>system<|end_header_id|>

Cutting Knowledge Date: December 2023
Today Date: 26 July 2024

<|eot_id|><|start_header_id|>user<|end_header_id|>

What is the Five College Consortium and what role does Smith College play in it?<|eot_id|><|start_header_id|>assistant<|end_header_id|>

","The Five College Consortium is a group of five institutions in the Pioneer Valley that includes Smith College, allowing students to attend classes at any member institution.",entity,The Five College Consortium is a group of five institutions in the Pioneer Valley of Massachusetts that cooperate in offering shared courses and other resources to students. Smith College is one of the five institutions and plays a significant role in the consortium.,0.75,0.4186046511627907,0.9337613582611084,1.6295130860855618
160,Amy Clampitt,"<|begin_of_text|><|start_header_id|>system<|end_header_id|>

Cutting Knowledge Date: December 2023
Today Date: 26 July 2024

<|eot_id|><|start_header_id|>user<|end_header_id|>

When was Anne Sexton's first volume of poetry published?<|eot_id|><|start_header_id|>assistant<|end_header_id|>

",1960,domain,1960,1.0,1.0,1.0,1.0016340239943744
161,Amy Clampitt,"<|begin_of_text|><|start_header_id|>system<|end_header_id|>

Cutting Knowledge Date: December 2023
Today Date: 26 July 2024

<|eot_id|><|start_header_id|>user<|end_header_id|>

When did Anne Sexton die?<|eot_id|><|start_header_id|>assistant<|end_header_id|>

","October 4, 1974",domain,"October 4, 1974",1.0,1.0,1.0000001192092896,1.0001993377972678
162,Amy Clampitt,"<|begin_of_text|><|start_header_id|>system<|end_header_id|>

Cutting Knowledge Date: December 2023
Today Date: 26 July 2024

<|eot_id|><|start_header_id|>user<|end_header_id|>

How did Anne Sexton die?<|eot_id|><|start_header_id|>assistant<|end_header_id|>

",By suicide,domain,By suicide,0.921875,1.0,1.0000001192092896,1.0817858942797898
163,Amy Clampitt,"<|begin_of_text|><|start_header_id|>system<|end_header_id|>

Cutting Knowledge Date: December 2023
Today Date: 26 July 2024

<|eot_id|><|start_header_id|>user<|end_header_id|>

What was the name of Anne Sexton's play that was produced in 1969?<|eot_id|><|start_header_id|>assistant<|end_header_id|>

",Mercy Street,domain,Mercy Street,1.0,1.0,1.0000003576278687,1.00187094970656
164,Amy Clampitt,"<|begin_of_text|><|start_header_id|>system<|end_header_id|>

Cutting Knowledge Date: December 2023
Today Date: 26 July 2024

<|eot_id|><|start_header_id|>user<|end_header_id|>

What was the name of the book that won Anne Sexton the Pulitzer Prize?<|eot_id|><|start_header_id|>assistant<|end_header_id|>

",Live or Die,domain,Live or Die,1.0,1.0,0.9999998807907104,1.0005571009238907
165,Amy Clampitt,"<|begin_of_text|><|start_header_id|>system<|end_header_id|>

Cutting Knowledge Date: December 2023
Today Date: 26 July 2024

<|eot_id|><|start_header_id|>user<|end_header_id|>

Which two villages are included within the town of Lenox, Massachusetts?<|eot_id|><|start_header_id|>assistant<|end_header_id|>

",New Lenox and Lenoxdale,entity,New Lenox and Lenoxdale,0.86328125,1.0,1.0,1.1852122529960252
166,Amy Clampitt,"<|begin_of_text|><|start_header_id|>system<|end_header_id|>

Cutting Knowledge Date: December 2023
Today Date: 26 July 2024

<|eot_id|><|start_header_id|>user<|end_header_id|>

What is the primary goal of the American Academy of Arts and Letters?<|eot_id|><|start_header_id|>assistant<|end_header_id|>

","To foster, assist, and sustain excellence in American literature, music, and art.",entity,"To foster, assist, and sustain excellence in American literature, music, and art.",0.984375,1.0,1.0000001192092896,1.0145085386677741
167,Amy Clampitt,"<|begin_of_text|><|start_header_id|>system<|end_header_id|>

Cutting Knowledge Date: December 2023
Today Date: 26 July 2024

<|eot_id|><|start_header_id|>user<|end_header_id|>

What are the names of two major cultural institutions located in Lenox?<|eot_id|><|start_header_id|>assistant<|end_header_id|>

",Shakespeare & Company and Tanglewood,entity,Shakespeare & Company and Tanglewood,0.96875,1.0,1.0,1.037046690812174
168,Amy Clampitt,"<|begin_of_text|><|start_header_id|>system<|end_header_id|>

Cutting Knowledge Date: December 2023
Today Date: 26 July 2024

<|eot_id|><|start_header_id|>user<|end_header_id|>

What award did Elizabeth Bishop win for her book 'Geography III'?<|eot_id|><|start_header_id|>assistant<|end_header_id|>

",The Neustadt International Prize for Literature,domain,The Neustadt International Prize for Literature,0.984375,1.0,0.9999999403953552,1.017857772109956
169,Amy Clampitt,"<|begin_of_text|><|start_header_id|>system<|end_header_id|>

Cutting Knowledge Date: December 2023
Today Date: 26 July 2024

<|eot_id|><|start_header_id|>user<|end_header_id|>

Which social movement was Grinnell College known as the center for?<|eot_id|><|start_header_id|>assistant<|end_header_id|>

",The Social Gospel reform movement,entity,The center for American abolitionist and women's suffrage movements,0.5,0.2,0.42307546734809875,18.576084986220376
170,Amy Clampitt,"<|begin_of_text|><|start_header_id|>system<|end_header_id|>

Cutting Knowledge Date: December 2023
Today Date: 26 July 2024

<|eot_id|><|start_header_id|>user<|end_header_id|>

What was the name of Anne Sexton's first volume of poetry?<|eot_id|><|start_header_id|>assistant<|end_header_id|>

",To Bedlam and Part Way Back,domain,To Bedlam and Part Way Back,1.0,1.0,1.0,1.0008472214825104
171,Amy Clampitt,"<|begin_of_text|><|start_header_id|>system<|end_header_id|>

Cutting Knowledge Date: December 2023
Today Date: 26 July 2024

<|eot_id|><|start_header_id|>user<|end_header_id|>

Where did Maxine Kumin receive her B.A. and M.A. degrees?<|eot_id|><|start_header_id|>assistant<|end_header_id|>

",Radcliffe College of Harvard University,domain,Radcliffe College of Harvard University,0.98046875,1.0,0.9999998807907104,1.0209687721128349
172,Amy Clampitt,"<|begin_of_text|><|start_header_id|>system<|end_header_id|>

Cutting Knowledge Date: December 2023
Today Date: 26 July 2024

<|eot_id|><|start_header_id|>user<|end_header_id|>

Who introduced Elizabeth Bishop to the works of Victorian writers?<|eot_id|><|start_header_id|>assistant<|end_header_id|>

","Her aunt, Maude Bulmer Shepherdson",domain,"Her aunt, Mabel Lowell",0.486328125,0.5,0.6973943710327148,8.912902981198737
173,Amy Clampitt,"<|begin_of_text|><|start_header_id|>system<|end_header_id|>

Cutting Knowledge Date: December 2023
Today Date: 26 July 2024

<|eot_id|><|start_header_id|>user<|end_header_id|>

What was the name of Elizabeth Bishop's partner in Brazil?<|eot_id|><|start_header_id|>assistant<|end_header_id|>

",Lota de Macedo Soares,domain,Lota de Macedo Soares,0.98828125,1.0,1.0000001192092896,1.0103683238019048
174,Amy Clampitt,"<|begin_of_text|><|start_header_id|>system<|end_header_id|>

Cutting Knowledge Date: December 2023
Today Date: 26 July 2024

<|eot_id|><|start_header_id|>user<|end_header_id|>

What was the name of the movie about Elizabeth Bishop's life in Brazil?<|eot_id|><|start_header_id|>assistant<|end_header_id|>

",Reaching for the Moon (or Flores Raras in Portuguese),domain,Reaching for the Moon,0.8046875,1.0,0.7346476316452026,1.980984116967457
175,Amy Clampitt,"<|begin_of_text|><|start_header_id|>system<|end_header_id|>

Cutting Knowledge Date: December 2023
Today Date: 26 July 2024

<|eot_id|><|start_header_id|>user<|end_header_id|>

What was the name of Elizabeth Bishop's last book of poetry published during her lifetime?<|eot_id|><|start_header_id|>assistant<|end_header_id|>

",Geography III,domain,Geography III,0.984375,1.0,1.0000001192092896,1.0157477085866857
176,Amy Clampitt,"<|begin_of_text|><|start_header_id|>system<|end_header_id|>

Cutting Knowledge Date: December 2023
Today Date: 26 July 2024

<|eot_id|><|start_header_id|>user<|end_header_id|>

Where did Elizabeth Bishop teach in the 1970s?<|eot_id|><|start_header_id|>assistant<|end_header_id|>

",The University of Washington and Harvard University,domain,The University of Washington and Harvard University,0.96875,1.0,1.0,1.0324993557428637
177,Amy Clampitt,"<|begin_of_text|><|start_header_id|>system<|end_header_id|>

Cutting Knowledge Date: December 2023
Today Date: 26 July 2024

<|eot_id|><|start_header_id|>user<|end_header_id|>

How did Elizabeth Bishop die?<|eot_id|><|start_header_id|>assistant<|end_header_id|>

","She died of a cerebral aneurysm in her apartment at Lewis Wharf, Boston",domain,She died of a cerebral aneurysm in her apartment at Lewis Wharf in Boston,0.765625,0.9285714285714286,0.9978826642036438,1.4240652377968734
178,Amy Clampitt,"<|begin_of_text|><|start_header_id|>system<|end_header_id|>

Cutting Knowledge Date: December 2023
Today Date: 26 July 2024

<|eot_id|><|start_header_id|>user<|end_header_id|>

What was the name of Elizabeth Bishop's literary executor?<|eot_id|><|start_header_id|>assistant<|end_header_id|>

",Alice Methfessel,domain,Alice Methfessel,0.953125,1.0,1.0000001192092896,1.0518358956034561
179,Amy Clampitt,"<|begin_of_text|><|start_header_id|>system<|end_header_id|>

Cutting Knowledge Date: December 2023
Today Date: 26 July 2024

<|eot_id|><|start_header_id|>user<|end_header_id|>

What notable firsts occurred at Grinnell College in terms of sports?<|eot_id|><|start_header_id|>assistant<|end_header_id|>

",The first intercollegiate football and baseball games west of the Mississippi were played there,entity,The first intercollegiate football and basketball games west of the Mississippi River occurred at Grinnell College.,0.83203125,0.625,0.6933654546737671,1.3992515688549068
180,Amy Clampitt,"<|begin_of_text|><|start_header_id|>system<|end_header_id|>

Cutting Knowledge Date: December 2023
Today Date: 26 July 2024

<|eot_id|><|start_header_id|>user<|end_header_id|>

What award did Elizabeth Bishop win for her book 'Poems: North & South—A Cold Spring'?<|eot_id|><|start_header_id|>assistant<|end_header_id|>

",The Pulitzer Prize,domain,The Pulitzer Prize,0.92578125,1.0,0.9999999403953552,1.0844301997217223
181,Amy Clampitt,"<|begin_of_text|><|start_header_id|>system<|end_header_id|>

Cutting Knowledge Date: December 2023
Today Date: 26 July 2024

<|eot_id|><|start_header_id|>user<|end_header_id|>

When was Anne Sexton born?<|eot_id|><|start_header_id|>assistant<|end_header_id|>

","November 9, 1928",domain,"November 9, 1928",1.0,1.0,0.9999999403953552,1.0003758182826663
182,Amy Clampitt,"<|begin_of_text|><|start_header_id|>system<|end_header_id|>

Cutting Knowledge Date: December 2023
Today Date: 26 July 2024

<|eot_id|><|start_header_id|>user<|end_header_id|>

Where was Anne Sexton born?<|eot_id|><|start_header_id|>assistant<|end_header_id|>

","Newton, Massachusetts",domain,"Newton, Massachusetts",0.99609375,1.0,0.9999998807907104,1.0025820631494577
183,Amy Clampitt,"<|begin_of_text|><|start_header_id|>system<|end_header_id|>

Cutting Knowledge Date: December 2023
Today Date: 26 July 2024

<|eot_id|><|start_header_id|>user<|end_header_id|>

What happened to much of New Providence's business district in 1910?<|eot_id|><|start_header_id|>assistant<|end_header_id|>

",It burned in a fire.,entity,It burned in a fire.,0.74609375,1.0,1.0,1.3992515688549068
184,Amy Clampitt,"<|begin_of_text|><|start_header_id|>system<|end_header_id|>

Cutting Knowledge Date: December 2023
Today Date: 26 July 2024

<|eot_id|><|start_header_id|>user<|end_header_id|>

What are some notable features on the Smith College campus?<|eot_id|><|start_header_id|>assistant<|end_header_id|>

","Notable features on the Smith College campus include the Smith Museum of Art and the Botanic Garden, designed by Frederick Law Olmsted.",entity,"Notable features on the Smith College campus include the Smith College Museum of Art, the Botanic Garden, and the George Walter Vincent Smith Art Museum.",0.83203125,0.64,0.8671526908874512,1.4129830741948972
185,Amy Clampitt,"<|begin_of_text|><|start_header_id|>system<|end_header_id|>

Cutting Knowledge Date: December 2023
Today Date: 26 July 2024

<|eot_id|><|start_header_id|>user<|end_header_id|>

Who was Elizabeth Bishop's mentor and friend?<|eot_id|><|start_header_id|>assistant<|end_header_id|>

",Marianne Moore,domain,Marianne Moore,0.98046875,1.0,1.0,1.0188522593509706
186,Amy Clampitt,"<|begin_of_text|><|start_header_id|>system<|end_header_id|>

Cutting Knowledge Date: December 2023
Today Date: 26 July 2024

<|eot_id|><|start_header_id|>user<|end_header_id|>

What was Elizabeth Bishop's major in college?<|eot_id|><|start_header_id|>assistant<|end_header_id|>

",English,domain,English,0.95703125,1.0,0.9999999403953552,1.0439052723011284
187,Amy Clampitt,"<|begin_of_text|><|start_header_id|>system<|end_header_id|>

Cutting Knowledge Date: December 2023
Today Date: 26 July 2024

<|eot_id|><|start_header_id|>user<|end_header_id|>

What was Elizabeth Bishop's first published book of poetry?<|eot_id|><|start_header_id|>assistant<|end_header_id|>

",North & South,domain,North & South,1.0,1.0,1.0,1.0001840760829899
188,Amy Clampitt,"<|begin_of_text|><|start_header_id|>system<|end_header_id|>

Cutting Knowledge Date: December 2023
Today Date: 26 July 2024

<|eot_id|><|start_header_id|>user<|end_header_id|>

Where is the headquarters of the American Academy of Arts and Letters located?<|eot_id|><|start_header_id|>assistant<|end_header_id|>

","In the Washington Heights neighborhood of Manhattan, New York City.",entity,"In the Washington Heights neighborhood of Manhattan, New York City.",0.94921875,1.0,1.000000238418579,1.0541495994400845
189,Amy Clampitt,"<|begin_of_text|><|start_header_id|>system<|end_header_id|>

Cutting Knowledge Date: December 2023
Today Date: 26 July 2024

<|eot_id|><|start_header_id|>user<|end_header_id|>

What is unique about Smith College's academic structure?<|eot_id|><|start_header_id|>assistant<|end_header_id|>

","Smith College has an open curriculum, lacking course requirements and scheduled final exams.",entity,Smith College is the only large liberal arts college exclusively for women in the United States.,0.6015625,0.125,0.393762469291687,3.9242980716773355
190,Amy Clampitt,"<|begin_of_text|><|start_header_id|>system<|end_header_id|>

Cutting Knowledge Date: December 2023
Today Date: 26 July 2024

<|eot_id|><|start_header_id|>user<|end_header_id|>

What was the name of the play about Elizabeth Bishop's friendship with Robert Lowell?<|eot_id|><|start_header_id|>assistant<|end_header_id|>

",Dear Elizabeth,domain,Dear Elizabeth,0.87890625,1.0,1.0000001192092896,1.1476258297541455
191,Amy Clampitt,"<|begin_of_text|><|start_header_id|>system<|end_header_id|>

Cutting Knowledge Date: December 2023
Today Date: 26 July 2024

<|eot_id|><|start_header_id|>user<|end_header_id|>

What technique did Dr. Orne use to recover supposedly repressed memories from Anne Sexton?<|eot_id|><|start_header_id|>assistant<|end_header_id|>

",Hypnosis and sodium pentothal,domain,Hypnosis,0.77734375,1.0,0.6308072209358215,1.5129516834096854
192,Amy Clampitt,"<|begin_of_text|><|start_header_id|>system<|end_header_id|>

Cutting Knowledge Date: December 2023
Today Date: 26 July 2024

<|eot_id|><|start_header_id|>user<|end_header_id|>

What happened to Elizabeth Bishop's mother after her father's death?<|eot_id|><|start_header_id|>assistant<|end_header_id|>

",She became mentally ill and was institutionalized in 1916,domain,She was institutionalized for mental illness,0.6015625,0.5,0.7879645228385925,2.117000016612675
193,Amy Clampitt,"<|begin_of_text|><|start_header_id|>system<|end_header_id|>

Cutting Knowledge Date: December 2023
Today Date: 26 July 2024

<|eot_id|><|start_header_id|>user<|end_header_id|>

What was the name of Anne Sexton's first child?<|eot_id|><|start_header_id|>assistant<|end_header_id|>

",Linda Gray Sexton,domain,Linda Gray Sexton,0.9921875,1.0,0.9999999403953552,1.0084584235791871
194,Amy Clampitt,"<|begin_of_text|><|start_header_id|>system<|end_header_id|>

Cutting Knowledge Date: December 2023
Today Date: 26 July 2024

<|eot_id|><|start_header_id|>user<|end_header_id|>

Who did Maxine Kumin marry in 1946?<|eot_id|><|start_header_id|>assistant<|end_header_id|>

",Victor Kumin,domain,Victor Kumin,0.9921875,1.0,1.0,1.0091973111443215
195,Amy Clampitt,"<|begin_of_text|><|start_header_id|>system<|end_header_id|>

Cutting Knowledge Date: December 2023
Today Date: 26 July 2024

<|eot_id|><|start_header_id|>user<|end_header_id|>

What was the name of the award that Sharon Olds won for her collection 'Stag's Leap'?<|eot_id|><|start_header_id|>assistant<|end_header_id|>

",T. S. Eliot Prize for Poetry and Pulitzer Prize for Poetry,domain,T. S. Eliot Prize for Poetry and Pulitzer Prize for Poetry,0.9609375,1.0,1.0,1.0433956773528417
196,Amy Clampitt,"<|begin_of_text|><|start_header_id|>system<|end_header_id|>

Cutting Knowledge Date: December 2023
Today Date: 26 July 2024

<|eot_id|><|start_header_id|>user<|end_header_id|>

In what year was Sharon Olds' collection 'The Dead and the Living' published?<|eot_id|><|start_header_id|>assistant<|end_header_id|>

",1984,domain,1984,1.0,1.0,0.9999999403953552,1.0020773500205147
197,Amy Clampitt,"<|begin_of_text|><|start_header_id|>system<|end_header_id|>

Cutting Knowledge Date: December 2023
Today Date: 26 July 2024

<|eot_id|><|start_header_id|>user<|end_header_id|>

What was the title of Sharon Olds' first collection of poetry?<|eot_id|><|start_header_id|>assistant<|end_header_id|>

",Satan Says,domain,Satan Says,1.0,1.0,1.0000001192092896,1.001420074735375
198,Amy Clampitt,"<|begin_of_text|><|start_header_id|>system<|end_header_id|>

Cutting Knowledge Date: December 2023
Today Date: 26 July 2024

<|eot_id|><|start_header_id|>user<|end_header_id|>

What was the name of the literary magazine that rejected Sharon Olds' poetry?<|eot_id|><|start_header_id|>assistant<|end_header_id|>

",Not specified,domain,Not specified,0.9375,1.0,1.0000001192092896,1.0665755813424802
199,Amy Clampitt,"<|begin_of_text|><|start_header_id|>system<|end_header_id|>

Cutting Knowledge Date: December 2023
Today Date: 26 July 2024

<|eot_id|><|start_header_id|>user<|end_header_id|>

What was the name of the collection that won Sharon Olds the Pulitzer Prize for Poetry?<|eot_id|><|start_header_id|>assistant<|end_header_id|>

",Stag's Leap,domain,Stag's Leap,0.96484375,1.0,0.9999998807907104,1.038313389922907
200,Amy Clampitt,"<|begin_of_text|><|start_header_id|>system<|end_header_id|>

Cutting Knowledge Date: December 2023
Today Date: 26 July 2024

<|eot_id|><|start_header_id|>user<|end_header_id|>

How many children did Sharon Olds have with her husband?<|eot_id|><|start_header_id|>assistant<|end_header_id|>

",Two,domain,Two,0.83984375,1.0,1.0,1.1921772413532716
201,Amy Clampitt,"<|begin_of_text|><|start_header_id|>system<|end_header_id|>

Cutting Knowledge Date: December 2023
Today Date: 26 July 2024

<|eot_id|><|start_header_id|>user<|end_header_id|>

What was the name of the university where Sharon Olds earned her BA?<|eot_id|><|start_header_id|>assistant<|end_header_id|>

",Stanford University,domain,Stanford University,1.0,1.0,1.0,1.000160230120631
202,Amy Clampitt,"<|begin_of_text|><|start_header_id|>system<|end_header_id|>

Cutting Knowledge Date: December 2023
Today Date: 26 July 2024

<|eot_id|><|start_header_id|>user<|end_header_id|>

What was the name of the school Sharon Olds attended in Massachusetts?<|eot_id|><|start_header_id|>assistant<|end_header_id|>

",Dana Hall School,domain,Dana Hall School,0.9921875,1.0,1.0,1.009320511694879
203,Amy Clampitt,"<|begin_of_text|><|start_header_id|>system<|end_header_id|>

Cutting Knowledge Date: December 2023
Today Date: 26 July 2024

<|eot_id|><|start_header_id|>user<|end_header_id|>

What was the occupation of Sharon Olds' father?<|eot_id|><|start_header_id|>assistant<|end_header_id|>

",Alcoholic and abusive to his children,domain,"Alcohol-dependent, and he abandoned the family when Sharon was two",0.466796875,0.18181818181818182,0.5844964385032654,2.408264226404181
204,Amy Clampitt,"<|begin_of_text|><|start_header_id|>system<|end_header_id|>

Cutting Knowledge Date: December 2023
Today Date: 26 July 2024

<|eot_id|><|start_header_id|>user<|end_header_id|>

What was the religious environment in which Sharon Olds was raised?<|eot_id|><|start_header_id|>assistant<|end_header_id|>

",Hellfire Calvinist,domain,Non-religious,0.73828125,0.0,0.3494858145713806,9.487735836358526
205,Amy Clampitt,"<|begin_of_text|><|start_header_id|>system<|end_header_id|>

Cutting Knowledge Date: December 2023
Today Date: 26 July 2024

<|eot_id|><|start_header_id|>user<|end_header_id|>

What was the name of the journal where Sharon Olds' poetry was published?<|eot_id|><|start_header_id|>assistant<|end_header_id|>

",Beloit Poetry Journal,domain,Beloit Poetry Journal,0.796875,1.0,1.0000001192092896,1.3615091450469345
206,Amy Clampitt,"<|begin_of_text|><|start_header_id|>system<|end_header_id|>

Cutting Knowledge Date: December 2023
Today Date: 26 July 2024

<|eot_id|><|start_header_id|>user<|end_header_id|>

How old was Maxine Kumin when she died?<|eot_id|><|start_header_id|>assistant<|end_header_id|>

",88,domain,88,0.99609375,1.0,0.9999999403953552,1.0049560886352724
207,Amy Clampitt,"<|begin_of_text|><|start_header_id|>system<|end_header_id|>

Cutting Knowledge Date: December 2023
Today Date: 26 July 2024

<|eot_id|><|start_header_id|>user<|end_header_id|>

What did Maxine Kumin study in 1957?<|eot_id|><|start_header_id|>assistant<|end_header_id|>

",Poetry with John Holmes,domain,Poetry with John Holmes,0.9453125,1.0,0.9999999403953552,1.05801708783134
208,Amy Clampitt,"<|begin_of_text|><|start_header_id|>system<|end_header_id|>

Cutting Knowledge Date: December 2023
Today Date: 26 July 2024

<|eot_id|><|start_header_id|>user<|end_header_id|>

What accident did Maxine Kumin have in 1998?<|eot_id|><|start_header_id|>assistant<|end_header_id|>

",Horseback-riding accident that broke her neck,domain,Horseback-riding accident that left her with a broken neck,0.8125,0.6,0.968873143196106,1.4750204808243097
209,Amy Clampitt,"<|begin_of_text|><|start_header_id|>system<|end_header_id|>

Cutting Knowledge Date: December 2023
Today Date: 26 July 2024

<|eot_id|><|start_header_id|>user<|end_header_id|>

What style of poetry does Maxine Kumin adopt?<|eot_id|><|start_header_id|>assistant<|end_header_id|>

",Plain style,domain,Plain style,0.8125,1.0,1.0000001192092896,1.240879388451852
210,Amy Clampitt,"<|begin_of_text|><|start_header_id|>system<|end_header_id|>

Cutting Knowledge Date: December 2023
Today Date: 26 July 2024

<|eot_id|><|start_header_id|>user<|end_header_id|>

Who has Maxine Kumin been compared to by critics?<|eot_id|><|start_header_id|>assistant<|end_header_id|>

",Elizabeth Bishop and Robert Frost,domain,Elizabeth Bishop and Robert Frost,0.8984375,1.0,1.0000001192092896,1.1177616122175784
211,Amy Clampitt,"<|begin_of_text|><|start_header_id|>system<|end_header_id|>

Cutting Knowledge Date: December 2023
Today Date: 26 July 2024

<|eot_id|><|start_header_id|>user<|end_header_id|>

Where did Maxine Kumin live from 1976 until her death?<|eot_id|><|start_header_id|>assistant<|end_header_id|>

","Warner, New Hampshire",domain,"Warner, New Hampshire",1.0,1.0,1.0,1.0006372574056384
212,Amy Clampitt,"<|begin_of_text|><|start_header_id|>system<|end_header_id|>

Cutting Knowledge Date: December 2023
Today Date: 26 July 2024

<|eot_id|><|start_header_id|>user<|end_header_id|>

What type of horses did Maxine Kumin breed on her farm?<|eot_id|><|start_header_id|>assistant<|end_header_id|>

",Arabian and quarter horses,domain,Arabian horses,0.6328125,1.0,0.8971091508865356,2.13360385352902
213,Amy Clampitt,"<|begin_of_text|><|start_header_id|>system<|end_header_id|>

Cutting Knowledge Date: December 2023
Today Date: 26 July 2024

<|eot_id|><|start_header_id|>user<|end_header_id|>

What award did Maxine Kumin win in 1973?<|eot_id|><|start_header_id|>assistant<|end_header_id|>

",Pulitzer Prize for Poetry,domain,Pulitzer Prize for Poetry,1.0,1.0,0.9999998807907104,1.0010534108932274
214,Amy Clampitt,"<|begin_of_text|><|start_header_id|>system<|end_header_id|>

Cutting Knowledge Date: December 2023
Today Date: 26 July 2024

<|eot_id|><|start_header_id|>user<|end_header_id|>

What was Maxine Kumin appointed as in 1981-1982?<|eot_id|><|start_header_id|>assistant<|end_header_id|>

",Poet Laureate Consultant in Poetry to the Library of Congress,domain,Poet Laureate Consultant in Poetry to the Library of Congress,1.0,1.0,1.0,1.0017792298802881
215,Amy Clampitt,"<|begin_of_text|><|start_header_id|>system<|end_header_id|>

Cutting Knowledge Date: December 2023
Today Date: 26 July 2024

<|eot_id|><|start_header_id|>user<|end_header_id|>

When was Sharon Olds born?<|eot_id|><|start_header_id|>assistant<|end_header_id|>

","November 19, 1942",domain,"November 19, 1942",0.99609375,1.0,1.0,1.0033319546769741
216,Amy Clampitt,"<|begin_of_text|><|start_header_id|>system<|end_header_id|>

Cutting Knowledge Date: December 2023
Today Date: 26 July 2024

<|eot_id|><|start_header_id|>user<|end_header_id|>

Where was Sharon Olds raised?<|eot_id|><|start_header_id|>assistant<|end_header_id|>

","Berkeley, California",domain,"Berkeley, California",0.98828125,1.0,1.0,1.0128998775423073
217,Amy Clampitt,"<|begin_of_text|><|start_header_id|>system<|end_header_id|>

Cutting Knowledge Date: December 2023
Today Date: 26 July 2024

<|eot_id|><|start_header_id|>user<|end_header_id|>

What years did Maxine Kumin receive her B.A. and M.A. degrees?<|eot_id|><|start_header_id|>assistant<|end_header_id|>

",1946 and 1948,domain,1946 and 1948,0.9375,1.0,0.9999999403953552,1.0717962052145606
218,Amy Clampitt,"<|begin_of_text|><|start_header_id|>system<|end_header_id|>

Cutting Knowledge Date: December 2023
Today Date: 26 July 2024

<|eot_id|><|start_header_id|>user<|end_header_id|>

When did Sharon Olds marry Dr. David Douglas Olds?<|eot_id|><|start_header_id|>assistant<|end_header_id|>

","March 23, 1968",domain,1972,0.734375,0.0,0.5676974058151245,2.6346490888156313
219,Amy Clampitt,"<|begin_of_text|><|start_header_id|>system<|end_header_id|>

Cutting Knowledge Date: December 2023
Today Date: 26 July 2024

<|eot_id|><|start_header_id|>user<|end_header_id|>

What was Elizabeth Bishop's view on writing courses?<|eot_id|><|start_header_id|>assistant<|end_header_id|>

",She did not think they were necessary and believed that children should be discouraged from taking them,domain,She was skeptical of them and thought they were unnecessary,0.546875,0.3,0.5887913703918457,3.773960573430387
220,Amy Clampitt,"<|begin_of_text|><|start_header_id|>system<|end_header_id|>

Cutting Knowledge Date: December 2023
Today Date: 26 July 2024

<|eot_id|><|start_header_id|>user<|end_header_id|>

What school did Anne Sexton attend after Rogers Hall?<|eot_id|><|start_header_id|>assistant<|end_header_id|>

",Garland School,domain,Garland School,0.9765625,1.0,1.0,1.024589446330636
221,Amy Clampitt,"<|begin_of_text|><|start_header_id|>system<|end_header_id|>

Cutting Knowledge Date: December 2023
Today Date: 26 July 2024

<|eot_id|><|start_header_id|>user<|end_header_id|>

When was Elizabeth Bishop born?<|eot_id|><|start_header_id|>assistant<|end_header_id|>

","February 8, 1911",domain,"February 8, 1911",0.99609375,1.0,0.9999999403953552,1.0024749815507978
222,Amy Clampitt,"<|begin_of_text|><|start_header_id|>system<|end_header_id|>

Cutting Knowledge Date: December 2023
Today Date: 26 July 2024

<|eot_id|><|start_header_id|>user<|end_header_id|>

What was the title of Sharon Olds' doctoral dissertation?<|eot_id|><|start_header_id|>assistant<|end_header_id|>

",Emerson's Prosody,domain,Emerson's Prosody,0.9609375,1.0,1.0,1.0416140532607925
223,Amy Clampitt,"<|begin_of_text|><|start_header_id|>system<|end_header_id|>

Cutting Knowledge Date: December 2023
Today Date: 26 July 2024

<|eot_id|><|start_header_id|>user<|end_header_id|>

What were the names of Anne Sexton's sisters?<|eot_id|><|start_header_id|>assistant<|end_header_id|>

",Jane Elizabeth and Blanche Dingley,domain,Jane Elizabeth and Blanche Dingley,0.88671875,1.0,0.9999998807907104,1.1386949346928594
224,Amy Clampitt,"<|begin_of_text|><|start_header_id|>system<|end_header_id|>

Cutting Knowledge Date: December 2023
Today Date: 26 July 2024

<|eot_id|><|start_header_id|>user<|end_header_id|>

What was the name of Anne Sexton's therapist who diagnosed her with bipolar disorder?<|eot_id|><|start_header_id|>assistant<|end_header_id|>

",Dr. Martin Orne,domain,Dr. Martin Orne,0.9921875,1.0,0.9999998211860657,1.0087046593058553
225,Amy Clampitt,"<|begin_of_text|><|start_header_id|>system<|end_header_id|>

Cutting Knowledge Date: December 2023
Today Date: 26 July 2024

<|eot_id|><|start_header_id|>user<|end_header_id|>

What was the name of the biography written about Anne Sexton by Diane Middlebrook?<|eot_id|><|start_header_id|>assistant<|end_header_id|>

",Anne Sexton: A Biography,domain,Anne Sexton: A Biography,0.9921875,1.0,1.0,1.0059379704220135
226,Amy Clampitt,"<|begin_of_text|><|start_header_id|>system<|end_header_id|>

Cutting Knowledge Date: December 2023
Today Date: 26 July 2024

<|eot_id|><|start_header_id|>user<|end_header_id|>

What was Smith College the first women's college to offer?<|eot_id|><|start_header_id|>assistant<|end_header_id|>

",Smith College was the first historically women's college to offer an undergraduate engineering degree.,entity,Smith College was the first historically women's college to offer an undergraduate engineering degree.,0.96484375,1.0,1.0,1.0375531849123953
227,Amy Clampitt,"<|begin_of_text|><|start_header_id|>system<|end_header_id|>

Cutting Knowledge Date: December 2023
Today Date: 26 July 2024

<|eot_id|><|start_header_id|>user<|end_header_id|>

What was the name of Adrienne Rich's essay that discussed the concept of 'white feminism' and intersectionality within the feminist movement?<|eot_id|><|start_header_id|>assistant<|end_header_id|>

","Blood, Bread, and Poetry",domain,"Blood, Bread, and Poetry",0.98046875,1.0,1.0,1.020594950634576
228,Amy Clampitt,"<|begin_of_text|><|start_header_id|>system<|end_header_id|>

Cutting Knowledge Date: December 2023
Today Date: 26 July 2024

<|eot_id|><|start_header_id|>user<|end_header_id|>

When was Smith College chartered and by whom?<|eot_id|><|start_header_id|>assistant<|end_header_id|>

",Smith College was chartered in 1871 by Sophia Smith.,entity,Smith College was chartered in 1871 by Sophia Smith.,0.96875,1.0,0.9999998807907104,1.035781537021624
229,Amy Clampitt,"<|begin_of_text|><|start_header_id|>system<|end_header_id|>

Cutting Knowledge Date: December 2023
Today Date: 26 July 2024

<|eot_id|><|start_header_id|>user<|end_header_id|>

When was Grinnell College founded?<|eot_id|><|start_header_id|>assistant<|end_header_id|>

",1846,entity,1846,0.953125,1.0,0.9999998807907104,1.0472237115064302
230,Amy Clampitt,"<|begin_of_text|><|start_header_id|>system<|end_header_id|>

Cutting Knowledge Date: December 2023
Today Date: 26 July 2024

<|eot_id|><|start_header_id|>user<|end_header_id|>

What type of school did Maxine Kumin attend as a child?<|eot_id|><|start_header_id|>assistant<|end_header_id|>

",Catholic kindergarten and primary school,domain,Jewish reform school,0.49609375,0.3333333333333333,0.47029435634613037,3.6578480133721323
231,Amy Clampitt,"<|begin_of_text|><|start_header_id|>system<|end_header_id|>

Cutting Knowledge Date: December 2023
Today Date: 26 July 2024

<|eot_id|><|start_header_id|>user<|end_header_id|>

What was Maxine Kumin's parents' background?<|eot_id|><|start_header_id|>assistant<|end_header_id|>

",Jewish,domain,Jewish,0.98046875,1.0,1.0,1.021093409697019
232,Amy Clampitt,"<|begin_of_text|><|start_header_id|>system<|end_header_id|>

Cutting Knowledge Date: December 2023
Today Date: 26 July 2024

<|eot_id|><|start_header_id|>user<|end_header_id|>

Where did Anne Sexton enroll in 1945?<|eot_id|><|start_header_id|>assistant<|end_header_id|>

","Rogers Hall boarding school in Lowell, Massachusetts",domain,Roxbury Memorial High School,0.6796875,0.25,0.4975486099720001,3.2788737679386735
233,Amy Clampitt,"<|begin_of_text|><|start_header_id|>system<|end_header_id|>

Cutting Knowledge Date: December 2023
Today Date: 26 July 2024

<|eot_id|><|start_header_id|>user<|end_header_id|>

Where was Maxine Kumin born?<|eot_id|><|start_header_id|>assistant<|end_header_id|>

",Philadelphia,domain,Philadelphia,0.9140625,1.0,0.9999999403953552,1.0950722167898266
234,Amy Clampitt,"<|begin_of_text|><|start_header_id|>system<|end_header_id|>

Cutting Knowledge Date: December 2023
Today Date: 26 July 2024

<|eot_id|><|start_header_id|>user<|end_header_id|>

When was Anne Sexton's first child born?<|eot_id|><|start_header_id|>assistant<|end_header_id|>

",1953,domain,1953,1.0,1.0,1.0000001192092896,1.0003243018420542
235,Amy Clampitt,"<|begin_of_text|><|start_header_id|>system<|end_header_id|>

Cutting Knowledge Date: December 2023
Today Date: 26 July 2024

<|eot_id|><|start_header_id|>user<|end_header_id|>

What was the name of Adrienne Rich's first collection of poetry?<|eot_id|><|start_header_id|>assistant<|end_header_id|>

",A Change of World,domain,A Change of World,0.99609375,1.0,1.0,1.0049254202772897
236,Amy Clampitt,"<|begin_of_text|><|start_header_id|>system<|end_header_id|>

Cutting Knowledge Date: December 2023
Today Date: 26 July 2024

<|eot_id|><|start_header_id|>user<|end_header_id|>

What was the name of the award that Adrienne Rich declined in 1997?<|eot_id|><|start_header_id|>assistant<|end_header_id|>

",National Medal of Arts,domain,National Medal of Arts,0.98828125,1.0,0.9999999403953552,1.0111086107321419
237,Amy Clampitt,"<|begin_of_text|><|start_header_id|>system<|end_header_id|>

Cutting Knowledge Date: December 2023
Today Date: 26 July 2024

<|eot_id|><|start_header_id|>user<|end_header_id|>

What was the name of Adrienne Rich's partner?<|eot_id|><|start_header_id|>assistant<|end_header_id|>

",Michelle Cliff,domain,Michelle Cliff,0.953125,1.0,1.0,1.046968072862147
238,Amy Clampitt,"<|begin_of_text|><|start_header_id|>system<|end_header_id|>

Cutting Knowledge Date: December 2023
Today Date: 26 July 2024

<|eot_id|><|start_header_id|>user<|end_header_id|>

What was the name of Adrienne Rich's collection of poetry that won the National Book Award in 1974?<|eot_id|><|start_header_id|>assistant<|end_header_id|>

",Diving into the Wreck,domain,Diving into the Wreck,0.9921875,1.0,1.0,1.0061221800299998
239,Amy Clampitt,"<|begin_of_text|><|start_header_id|>system<|end_header_id|>

Cutting Knowledge Date: December 2023
Today Date: 26 July 2024

<|eot_id|><|start_header_id|>user<|end_header_id|>

What was Anne Sexton's family background like?<|eot_id|><|start_header_id|>assistant<|end_header_id|>

","She had two older sisters, Jane Elizabeth and Blanche Dingley, and her parents were Mary Gray and Ralph Churchill Harvey",domain,"She was born into a wealthy, prominent Massachusetts family",0.61328125,0.1111111111111111,0.2970198094844818,3.6578480133721323
240,Amy Clampitt,"<|begin_of_text|><|start_header_id|>system<|end_header_id|>

Cutting Knowledge Date: December 2023
Today Date: 26 July 2024

<|eot_id|><|start_header_id|>user<|end_header_id|>

When was Adrienne Rich born?<|eot_id|><|start_header_id|>assistant<|end_header_id|>

","May 16, 1929",domain,"May 16, 1929",0.99609375,1.0,1.000000238418579,1.0050480993249646
241,Amy Clampitt,"<|begin_of_text|><|start_header_id|>system<|end_header_id|>

Cutting Knowledge Date: December 2023
Today Date: 26 July 2024

<|eot_id|><|start_header_id|>user<|end_header_id|>

What was the name of Adrienne Rich's collection of poetry that was published in 1991?<|eot_id|><|start_header_id|>assistant<|end_header_id|>

",An Atlas of the Difficult World,domain,An Atlas of the Difficult World,0.99609375,1.0,0.9999998807907104,1.0040670861287813
242,Amy Clampitt,"<|begin_of_text|><|start_header_id|>system<|end_header_id|>

Cutting Knowledge Date: December 2023
Today Date: 26 July 2024

<|eot_id|><|start_header_id|>user<|end_header_id|>

When was Maxine Kumin born?<|eot_id|><|start_header_id|>assistant<|end_header_id|>

","June 6, 1925",domain,"June 6, 1925",1.0,1.0,1.0,1.0002241385796542
243,Amy Clampitt,"<|begin_of_text|><|start_header_id|>system<|end_header_id|>

Cutting Knowledge Date: December 2023
Today Date: 26 July 2024

<|eot_id|><|start_header_id|>user<|end_header_id|>

What was the name of Adrienne Rich's essay that discussed the concept of 'locatedness'?<|eot_id|><|start_header_id|>assistant<|end_header_id|>

",Notes Toward a Politics of Location,domain,Notes Toward a Politics of Location,0.9765625,1.0,0.9999998211860657,1.0240892806357476
244,Ann Brashares,"<|begin_of_text|><|start_header_id|>system<|end_header_id|>

Cutting Knowledge Date: December 2023
Today Date: 26 July 2024

<|eot_id|><|start_header_id|>user<|end_header_id|>

When was Megan McCafferty born?<|eot_id|><|start_header_id|>assistant<|end_header_id|>

",1973,domain,1973,0.73828125,1.0,1.0000001192092896,1.446491002170128
245,Ann Brashares,"<|begin_of_text|><|start_header_id|>system<|end_header_id|>

Cutting Knowledge Date: December 2023
Today Date: 26 July 2024

<|eot_id|><|start_header_id|>user<|end_header_id|>

Where did Jennifer Weiner spend her childhood?<|eot_id|><|start_header_id|>assistant<|end_header_id|>

","Simsbury, Connecticut",domain,"Simsbury, Connecticut",0.9453125,1.0,0.9999998807907104,1.0590508123098028
246,Ann Brashares,"<|begin_of_text|><|start_header_id|>system<|end_header_id|>

Cutting Knowledge Date: December 2023
Today Date: 26 July 2024

<|eot_id|><|start_header_id|>user<|end_header_id|>

Who are the main characters in The Last Summer (of You and Me)?<|eot_id|><|start_header_id|>assistant<|end_header_id|>

","Alice, Riley, and Paul.",entity,"Alice, Riley, and Paul.",0.76171875,1.0,1.0,1.343021431038294
247,Ann Brashares,"<|begin_of_text|><|start_header_id|>system<|end_header_id|>

Cutting Knowledge Date: December 2023
Today Date: 26 July 2024

<|eot_id|><|start_header_id|>user<|end_header_id|>

How many of Emily Giffin's novels have become New York Times bestsellers?<|eot_id|><|start_header_id|>assistant<|end_header_id|>

",Nine,domain,Nine,0.78515625,1.0,1.0,1.2765238290316252
248,Ann Brashares,"<|begin_of_text|><|start_header_id|>system<|end_header_id|>

Cutting Knowledge Date: December 2023
Today Date: 26 July 2024

<|eot_id|><|start_header_id|>user<|end_header_id|>

How many seasons did the television series Pretty Little Liars last?<|eot_id|><|start_header_id|>assistant<|end_header_id|>

",Seven seasons,domain,Seven seasons,0.9609375,1.0,0.9999998807907104,1.0372999069483384
249,Ann Brashares,"<|begin_of_text|><|start_header_id|>system<|end_header_id|>

Cutting Knowledge Date: December 2023
Today Date: 26 July 2024

<|eot_id|><|start_header_id|>user<|end_header_id|>

What is the name of the anthology web series produced by Sara Shepard?<|eot_id|><|start_header_id|>assistant<|end_header_id|>

",Crown Lake,domain,The Wrong Black Beauty,0.423828125,0.0,0.012429137714207172,6.571962538556527
250,Ann Brashares,"<|begin_of_text|><|start_header_id|>system<|end_header_id|>

Cutting Knowledge Date: December 2023
Today Date: 26 July 2024

<|eot_id|><|start_header_id|>user<|end_header_id|>

What is the name of the podcast series created by Sara Shepard?<|eot_id|><|start_header_id|>assistant<|end_header_id|>

",Cruise Ship,domain,The Podcaster,0.392578125,0.0,0.10419449210166931,3.9242980716773355
251,Ann Brashares,"<|begin_of_text|><|start_header_id|>system<|end_header_id|>

Cutting Knowledge Date: December 2023
Today Date: 26 July 2024

<|eot_id|><|start_header_id|>user<|end_header_id|>

When was Meg Cabot born?<|eot_id|><|start_header_id|>assistant<|end_header_id|>

","February 1, 1967",domain,"February 1, 1967",1.0,1.0,1.0,1.0001010945872524
252,Ann Brashares,"<|begin_of_text|><|start_header_id|>system<|end_header_id|>

Cutting Knowledge Date: December 2023
Today Date: 26 July 2024

<|eot_id|><|start_header_id|>user<|end_header_id|>

When was Jennifer Weiner born?<|eot_id|><|start_header_id|>assistant<|end_header_id|>

","March 28, 1970",domain,"March 28, 1970",0.99609375,1.0,1.0,1.0027350567038371
253,Ann Brashares,"<|begin_of_text|><|start_header_id|>system<|end_header_id|>

Cutting Knowledge Date: December 2023
Today Date: 26 July 2024

<|eot_id|><|start_header_id|>user<|end_header_id|>

What was the name of the novelist who was accused of plagiarizing from Megan McCafferty's works?<|eot_id|><|start_header_id|>assistant<|end_header_id|>

",Kaavya Viswanathan,domain,Kaavya Viswanathan,0.96875,1.0,1.0,1.0378065247194417
254,Ann Brashares,"<|begin_of_text|><|start_header_id|>system<|end_header_id|>

Cutting Knowledge Date: December 2023
Today Date: 26 July 2024

<|eot_id|><|start_header_id|>user<|end_header_id|>

What was the title of Megan McCafferty's realistic historical fiction young adult novel?<|eot_id|><|start_header_id|>assistant<|end_header_id|>

",The Mall,domain,The Mall,0.6171875,1.0,1.0,1.6231602166193055
255,Ann Brashares,"<|begin_of_text|><|start_header_id|>system<|end_header_id|>

Cutting Knowledge Date: December 2023
Today Date: 26 July 2024

<|eot_id|><|start_header_id|>user<|end_header_id|>

What was the title of the second book in the Jessica Darling series?<|eot_id|><|start_header_id|>assistant<|end_header_id|>

",Second Helpings,domain,Second Helpings,0.89453125,1.0,1.0,1.135363796356165
256,Ann Brashares,"<|begin_of_text|><|start_header_id|>system<|end_header_id|>

Cutting Knowledge Date: December 2023
Today Date: 26 July 2024

<|eot_id|><|start_header_id|>user<|end_header_id|>

What was the title of Emily Giffin's first published novel?<|eot_id|><|start_header_id|>assistant<|end_header_id|>

",Something Borrowed,domain,Something Borrowed,1.0,1.0,0.9999999403953552,1.0002651566077614
257,Ann Brashares,"<|begin_of_text|><|start_header_id|>system<|end_header_id|>

Cutting Knowledge Date: December 2023
Today Date: 26 July 2024

<|eot_id|><|start_header_id|>user<|end_header_id|>

When was Emily Giffin born?<|eot_id|><|start_header_id|>assistant<|end_header_id|>

","March 20, 1972",domain,"March 20, 1972",0.94140625,1.0,0.9999998807907104,1.0749408373049731
258,Ann Brashares,"<|begin_of_text|><|start_header_id|>system<|end_header_id|>

Cutting Knowledge Date: December 2023
Today Date: 26 July 2024

<|eot_id|><|start_header_id|>user<|end_header_id|>

What high school did Emily Giffin attend?<|eot_id|><|start_header_id|>assistant<|end_header_id|>

",Naperville North High School,domain,Naperville North High School,0.96484375,1.0,1.0,1.0390741519281501
259,Ann Brashares,"<|begin_of_text|><|start_header_id|>system<|end_header_id|>

Cutting Knowledge Date: December 2023
Today Date: 26 July 2024

<|eot_id|><|start_header_id|>user<|end_header_id|>

What universities did Emily Giffin attend?<|eot_id|><|start_header_id|>assistant<|end_header_id|>

",Wake Forest University and University of Virginia,domain,Wake Forest University and University of Virginia,0.9296875,1.0,1.0,1.086550297189276
260,Ann Brashares,"<|begin_of_text|><|start_header_id|>system<|end_header_id|>

Cutting Knowledge Date: December 2023
Today Date: 26 July 2024

<|eot_id|><|start_header_id|>user<|end_header_id|>

What was Emily Giffin's first job after law school?<|eot_id|><|start_header_id|>assistant<|end_header_id|>

",Working in the litigation department of Winston & Strawn in Manhattan,domain,Working in the litigation department of Winston & Strawn in New York City,0.74609375,0.75,0.9676958918571472,1.5670874200815372
261,Ann Brashares,"<|begin_of_text|><|start_header_id|>system<|end_header_id|>

Cutting Knowledge Date: December 2023
Today Date: 26 July 2024

<|eot_id|><|start_header_id|>user<|end_header_id|>

Which organization was behind the Quill Award?<|eot_id|><|start_header_id|>assistant<|end_header_id|>

",The Quills Foundation.,entity,The Quill Awards were sponsored by Lucky Reader Magazine and the Quill Award Foundation.,0.75390625,0.21428571428571427,0.6091028451919556,1.3937964039695832
262,Ann Brashares,"<|begin_of_text|><|start_header_id|>system<|end_header_id|>

Cutting Knowledge Date: December 2023
Today Date: 26 July 2024

<|eot_id|><|start_header_id|>user<|end_header_id|>

What was the title of Megan McCafferty's dystopian young-adult novel?<|eot_id|><|start_header_id|>assistant<|end_header_id|>

",Bumped,domain,Bumped,0.9375,1.0,1.0,1.0702273405933806
263,Ann Brashares,"<|begin_of_text|><|start_header_id|>system<|end_header_id|>

Cutting Knowledge Date: December 2023
Today Date: 26 July 2024

<|eot_id|><|start_header_id|>user<|end_header_id|>

Which book in the series was adapted into a film titled The Sisterhood of the Traveling Pants 2?<|eot_id|><|start_header_id|>assistant<|end_header_id|>

",The Second Summer of the Sisterhood,entity,The Second Summer of the Sisterhood,0.97265625,1.0,1.0,1.0316174699457041
264,Ann Brashares,"<|begin_of_text|><|start_header_id|>system<|end_header_id|>

Cutting Knowledge Date: December 2023
Today Date: 26 July 2024

<|eot_id|><|start_header_id|>user<|end_header_id|>

What is unique about the pair of jeans shared by the four friends in The Second Summer of the Sisterhood?<|eot_id|><|start_header_id|>assistant<|end_header_id|>

","The jeans fit all of them, even though they are different sizes.",entity,The jeans are embroidered with the names of the four friends.,0.55859375,0.2727272727272727,0.5245268940925598,2.893595944171761
265,Ann Brashares,"<|begin_of_text|><|start_header_id|>system<|end_header_id|>

Cutting Knowledge Date: December 2023
Today Date: 26 July 2024

<|eot_id|><|start_header_id|>user<|end_header_id|>

Is Sisterhood Everlasting the beginning of the series?<|eot_id|><|start_header_id|>assistant<|end_header_id|>

","No, Sisterhood Everlasting is the fifth and last novel in the series.",entity,"No, Sisterhood Everlasting is the fifth and final book in the series.",0.8203125,0.8333333333333334,0.9640775918960571,1.5041126530251907
266,Ann Brashares,"<|begin_of_text|><|start_header_id|>system<|end_header_id|>

Cutting Knowledge Date: December 2023
Today Date: 26 July 2024

<|eot_id|><|start_header_id|>user<|end_header_id|>

What is the name of Sara Shepard's sister?<|eot_id|><|start_header_id|>assistant<|end_header_id|>

",Alison,domain,Emily,0.439453125,0.0,0.6705837249755859,14.467069533669397
267,Ann Brashares,"<|begin_of_text|><|start_header_id|>system<|end_header_id|>

Cutting Knowledge Date: December 2023
Today Date: 26 July 2024

<|eot_id|><|start_header_id|>user<|end_header_id|>

When was Sara Shepard born?<|eot_id|><|start_header_id|>assistant<|end_header_id|>

","April 8, 1977",domain,"April 8, 1977",0.98046875,1.0,1.0,1.01922544251975
268,Ann Brashares,"<|begin_of_text|><|start_header_id|>system<|end_header_id|>

Cutting Knowledge Date: December 2023
Today Date: 26 July 2024

<|eot_id|><|start_header_id|>user<|end_header_id|>

Where did Sara Shepard graduate from high school?<|eot_id|><|start_header_id|>assistant<|end_header_id|>

",Downingtown High School,domain,Downingtown High School,0.9609375,1.0,1.0000001192092896,1.043650443723778
269,Ann Brashares,"<|begin_of_text|><|start_header_id|>system<|end_header_id|>

Cutting Knowledge Date: December 2023
Today Date: 26 July 2024

<|eot_id|><|start_header_id|>user<|end_header_id|>

What book series is loosely based on Sara Shepard's experiences growing up in Chester County?<|eot_id|><|start_header_id|>assistant<|end_header_id|>

",Pretty Little Liars,domain,Pretty Little Liars,0.96484375,1.0,0.9999998807907104,1.0380599263845776
270,Ann Brashares,"<|begin_of_text|><|start_header_id|>system<|end_header_id|>

Cutting Knowledge Date: December 2023
Today Date: 26 July 2024

<|eot_id|><|start_header_id|>user<|end_header_id|>

What was the name of Jennifer Weiner's first novel?<|eot_id|><|start_header_id|>assistant<|end_header_id|>

",Good in Bed,domain,Good in Bed,1.0,1.0,1.0,1.0004254292144674
271,Ann Brashares,"<|begin_of_text|><|start_header_id|>system<|end_header_id|>

Cutting Knowledge Date: December 2023
Today Date: 26 July 2024

<|eot_id|><|start_header_id|>user<|end_header_id|>

What is the name of Jennifer Weiner's TV show that was cancelled in 2011?<|eot_id|><|start_header_id|>assistant<|end_header_id|>

",State of Georgia,domain,State of Georgia,1.0,1.0,0.9999998807907104,1.0020773500205147
272,Ann Brashares,"<|begin_of_text|><|start_header_id|>system<|end_header_id|>

Cutting Knowledge Date: December 2023
Today Date: 26 July 2024

<|eot_id|><|start_header_id|>user<|end_header_id|>

What is the name of Jennifer Weiner's first husband?<|eot_id|><|start_header_id|>assistant<|end_header_id|>

",Adam Bonin,domain,Adam Berger,0.400390625,0.5,0.4984787702560425,6.271010462790426
273,Ann Brashares,"<|begin_of_text|><|start_header_id|>system<|end_header_id|>

Cutting Knowledge Date: December 2023
Today Date: 26 July 2024

<|eot_id|><|start_header_id|>user<|end_header_id|>

What was Sara Shepard's job from 2000 to 2005?<|eot_id|><|start_header_id|>assistant<|end_header_id|>

","Working at Time, Inc. Custom Publishing",domain,"Working at Time, Inc.",0.80078125,1.0,0.5975970029830933,1.6136773212757693
274,Ann Brashares,"<|begin_of_text|><|start_header_id|>system<|end_header_id|>

Cutting Knowledge Date: December 2023
Today Date: 26 July 2024

<|eot_id|><|start_header_id|>user<|end_header_id|>

Why was the Quill Award program suspended?<|eot_id|><|start_header_id|>assistant<|end_header_id|>

","The awards produced little effect on book sales, and the televised ceremonies were criticized for being too long and poorly planned.",entity,The Quill Award program was suspended in 2008 due to declining sales and support.,0.59375,0.2857142857142857,0.27140727639198303,3.056246411227913
275,Ann Brashares,"<|begin_of_text|><|start_header_id|>system<|end_header_id|>

Cutting Knowledge Date: December 2023
Today Date: 26 July 2024

<|eot_id|><|start_header_id|>user<|end_header_id|>

How does the story of The Last Summer (of You and Me) end?<|eot_id|><|start_header_id|>assistant<|end_header_id|>

","Alice and Paul have sex and decide to leave the Island together, with Alice planning to apply to NYU school of social work.",entity,Alice and Paul drive off into the sunset together.,0.55078125,0.5555555555555556,0.39381539821624756,3.2533573698397067
276,Ann Brashares,"<|begin_of_text|><|start_header_id|>system<|end_header_id|>

Cutting Knowledge Date: December 2023
Today Date: 26 July 2024

<|eot_id|><|start_header_id|>user<|end_header_id|>

How long did the Quill Award run?<|eot_id|><|start_header_id|>assistant<|end_header_id|>

","Three years, from 2005 to 2007.",entity,2005 to 2010,0.79296875,0.6666666666666666,0.6272419095039368,1.6105286836000576
277,Ann Brashares,"<|begin_of_text|><|start_header_id|>system<|end_header_id|>

Cutting Knowledge Date: December 2023
Today Date: 26 July 2024

<|eot_id|><|start_header_id|>user<|end_header_id|>

What was the purpose of the Quill Award?<|eot_id|><|start_header_id|>assistant<|end_header_id|>

",To inspire reading while promoting literacy.,entity,To promote literacy and a love of reading by recognizing and celebrating books of exceptional literary merit.,0.359375,0.17647058823529413,0.8336734771728516,17.45061689198871
278,Ann Brashares,"<|begin_of_text|><|start_header_id|>system<|end_header_id|>

Cutting Knowledge Date: December 2023
Today Date: 26 July 2024

<|eot_id|><|start_header_id|>user<|end_header_id|>

What major life event does Riley face in the novel?<|eot_id|><|start_header_id|>assistant<|end_header_id|>

",Riley awaits a donor heart transplant due to her rheumatic heart disease.,entity,Her parents' divorce,0.6328125,0.3333333333333333,0.11372215300798416,4.446812289294302
279,Ann Brashares,"<|begin_of_text|><|start_header_id|>system<|end_header_id|>

Cutting Knowledge Date: December 2023
Today Date: 26 July 2024

<|eot_id|><|start_header_id|>user<|end_header_id|>

What influenced Jacob Collins to pursue a career in art?<|eot_id|><|start_header_id|>assistant<|end_header_id|>

",Copying works by Old Masters in the Metropolitan Museum of Art,entity,The works of the Old Masters and his father,0.65625,0.3333333333333333,0.6620734333992004,2.398875293967098
280,Ann Brashares,"<|begin_of_text|><|start_header_id|>system<|end_header_id|>

Cutting Knowledge Date: December 2023
Today Date: 26 July 2024

<|eot_id|><|start_header_id|>user<|end_header_id|>

At what age did Jennifer Weiner enter Princeton University?<|eot_id|><|start_header_id|>assistant<|end_header_id|>

",17,domain,17,0.9140625,1.0,0.9999998807907104,1.0924019615507992
281,Ann Brashares,"<|begin_of_text|><|start_header_id|>system<|end_header_id|>

Cutting Knowledge Date: December 2023
Today Date: 26 July 2024

<|eot_id|><|start_header_id|>user<|end_header_id|>

Who are the main characters of Sisterhood Everlasting?<|eot_id|><|start_header_id|>assistant<|end_header_id|>

",The main characters are four girls who share a pair of magical pants.,entity,"The main characters are the five friends from the previous books, along with a new character, Zen.",0.51953125,0.29411764705882354,0.5202454328536987,4.8081505060598015
282,Ann Brashares,"<|begin_of_text|><|start_header_id|>system<|end_header_id|>

Cutting Knowledge Date: December 2023
Today Date: 26 July 2024

<|eot_id|><|start_header_id|>user<|end_header_id|>

Can you name two television series produced by Alloy Entertainment?<|eot_id|><|start_header_id|>assistant<|end_header_id|>

",The Vampire Diaries and Gossip Girl,entity,The Vampire Diaries and Gossip Girl,0.9296875,1.0,1.0,1.0998951353390136
283,Ann Brashares,"<|begin_of_text|><|start_header_id|>system<|end_header_id|>

Cutting Knowledge Date: December 2023
Today Date: 26 July 2024

<|eot_id|><|start_header_id|>user<|end_header_id|>

What is the title of the novel that continues the adventures of four best friends and a magical pair of jeans?<|eot_id|><|start_header_id|>assistant<|end_header_id|>

",The Second Summer of the Sisterhood,entity,The Second Summer of the Sisterhood,0.95703125,1.0,1.0,1.0515791310751077
284,Ann Brashares,"<|begin_of_text|><|start_header_id|>system<|end_header_id|>

Cutting Knowledge Date: December 2023
Today Date: 26 July 2024

<|eot_id|><|start_header_id|>user<|end_header_id|>

What style of art is Jacob Collins known for?<|eot_id|><|start_header_id|>assistant<|end_header_id|>

",Realist painting,entity,Realist painting,0.6875,1.0,0.9999999403953552,1.4836885488852596
285,Ann Brashares,"<|begin_of_text|><|start_header_id|>system<|end_header_id|>

Cutting Knowledge Date: December 2023
Today Date: 26 July 2024

<|eot_id|><|start_header_id|>user<|end_header_id|>

What is the main theme of Sisterhood Everlasting?<|eot_id|><|start_header_id|>assistant<|end_header_id|>

",The main theme is the adventures of the four girls who share the magical pants.,entity,Friendship and the power of female relationships,0.380859375,0.2857142857142857,0.30097851157188416,5.038898466692391
286,Ann Brashares,"<|begin_of_text|><|start_header_id|>system<|end_header_id|>

Cutting Knowledge Date: December 2023
Today Date: 26 July 2024

<|eot_id|><|start_header_id|>user<|end_header_id|>

What happened to the Quill Award program in February 2008?<|eot_id|><|start_header_id|>assistant<|end_header_id|>

",Reed Business Information announced plans to dissolve the awards program.,entity,The program was suspended due to financial difficulties.,0.63671875,0.25,0.243882954120636,8.115290514356445
287,Ann Brashares,"<|begin_of_text|><|start_header_id|>system<|end_header_id|>

Cutting Knowledge Date: December 2023
Today Date: 26 July 2024

<|eot_id|><|start_header_id|>user<|end_header_id|>

How many books are in The Sisterhood of the Traveling Pants series?<|eot_id|><|start_header_id|>assistant<|end_header_id|>

",There are five books in The Sisterhood of the Traveling Pants series.,entity,There are four books in The Sisterhood of the Traveling Pants series.,0.91015625,0.9166666666666666,0.9779114723205566,1.1314897827805237
288,Ann Brashares,"<|begin_of_text|><|start_header_id|>system<|end_header_id|>

Cutting Knowledge Date: December 2023
Today Date: 26 July 2024

<|eot_id|><|start_header_id|>user<|end_header_id|>

How does Paul react to his feelings for Alice?<|eot_id|><|start_header_id|>assistant<|end_header_id|>

",He goes to great lengths to hide his feelings about Alice.,entity,"He tries to suppress them and focuses on his relationship with his wife, Margaret",0.36328125,0.21428571428571427,0.46259528398513794,5.038898466692391
289,Ann Brashares,"<|begin_of_text|><|start_header_id|>system<|end_header_id|>

Cutting Knowledge Date: December 2023
Today Date: 26 July 2024

<|eot_id|><|start_header_id|>user<|end_header_id|>

What degree did Sara Shepard graduate with from New York University?<|eot_id|><|start_header_id|>assistant<|end_header_id|>

",B.S. degree,domain,B.A. in creative writing,0.6171875,0.2,0.3612743020057678,1.9125501335578454
290,Ann Brashares,"<|begin_of_text|><|start_header_id|>system<|end_header_id|>

Cutting Knowledge Date: December 2023
Today Date: 26 July 2024

<|eot_id|><|start_header_id|>user<|end_header_id|>

Where did Megan McCafferty graduate from high school?<|eot_id|><|start_header_id|>assistant<|end_header_id|>

","Central Regional High School in Berkeley Township, New Jersey",domain,"West Morris Central High School in Chester, New Jersey",0.8671875,0.6666666666666666,0.667195200920105,1.64229351561891
291,Ariana Grande,"<|begin_of_text|><|start_header_id|>system<|end_header_id|>

Cutting Knowledge Date: December 2023
Today Date: 26 July 2024

<|eot_id|><|start_header_id|>user<|end_header_id|>

What is Ariana Grande's full birth name?<|eot_id|><|start_header_id|>assistant<|end_header_id|>

",Ariana Grande-Butera,general,Ariana Grande-Butera,0.99609375,1.0,1.0000001192092896,1.0056003403986487
292,Ariana Grande,"<|begin_of_text|><|start_header_id|>system<|end_header_id|>

Cutting Knowledge Date: December 2023
Today Date: 26 July 2024

<|eot_id|><|start_header_id|>user<|end_header_id|>

How many Billboard Hot 100 number-one songs did 'Thank U, Next' produce?<|eot_id|><|start_header_id|>assistant<|end_header_id|>

",Two,general,Three,0.279296875,0.0,0.4540676176548004,3.5731140554059015
293,Ariana Grande,"<|begin_of_text|><|start_header_id|>system<|end_header_id|>

Cutting Knowledge Date: December 2023
Today Date: 26 July 2024

<|eot_id|><|start_header_id|>user<|end_header_id|>

Which television series did Ariana Grande star in as Cat Valentine?<|eot_id|><|start_header_id|>assistant<|end_header_id|>

",Victorious,general,Victorious,0.97265625,1.0,0.9999998807907104,1.0292275750298228
294,Ariana Grande,"<|begin_of_text|><|start_header_id|>system<|end_header_id|>

Cutting Knowledge Date: December 2023
Today Date: 26 July 2024

<|eot_id|><|start_header_id|>user<|end_header_id|>

What was Ariana Grande's debut studio album?<|eot_id|><|start_header_id|>assistant<|end_header_id|>

",Yours Truly,general,Yours Truly,0.99609375,1.0,1.0,1.0018556624857033
295,Ariana Grande,"<|begin_of_text|><|start_header_id|>system<|end_header_id|>

Cutting Knowledge Date: December 2023
Today Date: 26 July 2024

<|eot_id|><|start_header_id|>user<|end_header_id|>

When was Ariana Grande born?<|eot_id|><|start_header_id|>assistant<|end_header_id|>

","June 26, 1993",general,"June 26, 1993",1.0,1.0,1.0,1.0000292067024474
296,Arnold Schwarzenegger,"<|begin_of_text|><|start_header_id|>system<|end_header_id|>

Cutting Knowledge Date: December 2023
Today Date: 26 July 2024

<|eot_id|><|start_header_id|>user<|end_header_id|>

In what year was Arnold Schwarzenegger elected as the Governor of California?<|eot_id|><|start_header_id|>assistant<|end_header_id|>

",2003,general,2003,1.0,1.0,1.0,1.0000166894398042
297,Arnold Schwarzenegger,"<|begin_of_text|><|start_header_id|>system<|end_header_id|>

Cutting Knowledge Date: December 2023
Today Date: 26 July 2024

<|eot_id|><|start_header_id|>user<|end_header_id|>

What was Arnold Schwarzenegger's nickname during his bodybuilding days?<|eot_id|><|start_header_id|>assistant<|end_header_id|>

",The Austrian Oak,general,The Austrian Oak,0.92578125,1.0,1.0000001192092896,1.084959835950377
298,Arnold Schwarzenegger,"<|begin_of_text|><|start_header_id|>system<|end_header_id|>

Cutting Knowledge Date: December 2023
Today Date: 26 July 2024

<|eot_id|><|start_header_id|>user<|end_header_id|>

What is the name of the bodybuilding event named after Schwarzenegger?<|eot_id|><|start_header_id|>assistant<|end_header_id|>

",The Arnold Sports Festival,general,The Arnold Sports Festival,0.98828125,1.0,1.0,1.0111703257875584
299,Arnold Schwarzenegger,"<|begin_of_text|><|start_header_id|>system<|end_header_id|>

Cutting Knowledge Date: December 2023
Today Date: 26 July 2024

<|eot_id|><|start_header_id|>user<|end_header_id|>

When was Arnold Schwarzenegger born?<|eot_id|><|start_header_id|>assistant<|end_header_id|>

","July 30, 1947",general,"July 30, 1947",1.0,1.0,0.9999998807907104,1.0004025315556158
300,Arnold Schwarzenegger,"<|begin_of_text|><|start_header_id|>system<|end_header_id|>

Cutting Knowledge Date: December 2023
Today Date: 26 July 2024

<|eot_id|><|start_header_id|>user<|end_header_id|>

How many times did Schwarzenegger win the Mr. Olympia title?<|eot_id|><|start_header_id|>assistant<|end_header_id|>

",Seven times,general,Seven times,0.93359375,1.0,1.0,1.0744160919713373
301,Benedetto Varchi,"<|begin_of_text|><|start_header_id|>system<|end_header_id|>

Cutting Knowledge Date: December 2023
Today Date: 26 July 2024

<|eot_id|><|start_header_id|>user<|end_header_id|>

Where was Lorenzo buried?<|eot_id|><|start_header_id|>assistant<|end_header_id|>

",The Basilica di San Lorenzo,domain,The Basilica di San Lorenzo,0.9453125,1.0,1.0,1.0595680532334966
302,Benedetto Varchi,"<|begin_of_text|><|start_header_id|>system<|end_header_id|>

Cutting Knowledge Date: December 2023
Today Date: 26 July 2024

<|eot_id|><|start_header_id|>user<|end_header_id|>

Who became the ruler of Florence after Lorenzo's death?<|eot_id|><|start_header_id|>assistant<|end_header_id|>

",Piero di Lorenzo de' Medici (Piero the Unfortunate),domain,Piero di Lorenzo de' Medici,0.93359375,1.0,0.884896457195282,1.104739294992646
303,Benedetto Varchi,"<|begin_of_text|><|start_header_id|>system<|end_header_id|>

Cutting Knowledge Date: December 2023
Today Date: 26 July 2024

<|eot_id|><|start_header_id|>user<|end_header_id|>

When was Leon Battista Alberti born?<|eot_id|><|start_header_id|>assistant<|end_header_id|>

",14 February 1404,domain,14 February 1404,0.9921875,1.0,1.0,1.0080276556855061
304,Benedetto Varchi,"<|begin_of_text|><|start_header_id|>system<|end_header_id|>

Cutting Knowledge Date: December 2023
Today Date: 26 July 2024

<|eot_id|><|start_header_id|>user<|end_header_id|>

Who was Leon Battista Alberti's father?<|eot_id|><|start_header_id|>assistant<|end_header_id|>

",Lorenzo di Benedetto Alberti,domain,Lorenzo di Benedetto Alberti,0.98046875,1.0,1.000000238418579,1.0184792128209286
305,Benedetto Varchi,"<|begin_of_text|><|start_header_id|>system<|end_header_id|>

Cutting Knowledge Date: December 2023
Today Date: 26 July 2024

<|eot_id|><|start_header_id|>user<|end_header_id|>

Who was Leon Battista Alberti's mother?<|eot_id|><|start_header_id|>assistant<|end_header_id|>

",Bianca Fieschi,domain,Bianca Fieschi,0.99609375,1.0,0.9999998807907104,1.0047720925254506
306,Benedetto Varchi,"<|begin_of_text|><|start_header_id|>system<|end_header_id|>

Cutting Knowledge Date: December 2023
Today Date: 26 July 2024

<|eot_id|><|start_header_id|>user<|end_header_id|>

What was the name of the disease that medical researchers suggested Lorenzo may have suffered from?<|eot_id|><|start_header_id|>assistant<|end_header_id|>

",Acromegaly,domain,Acromegaly,0.921875,1.0,0.9999998211860657,1.0924019615507992
307,Benedetto Varchi,"<|begin_of_text|><|start_header_id|>system<|end_header_id|>

Cutting Knowledge Date: December 2023
Today Date: 26 July 2024

<|eot_id|><|start_header_id|>user<|end_header_id|>

Where was Leon Battista Alberti born?<|eot_id|><|start_header_id|>assistant<|end_header_id|>

",Genoa,domain,Genoa,1.0,1.0,1.0,1.001549967048999
308,Benedetto Varchi,"<|begin_of_text|><|start_header_id|>system<|end_header_id|>

Cutting Knowledge Date: December 2023
Today Date: 26 July 2024

<|eot_id|><|start_header_id|>user<|end_header_id|>

How many children did Lorenzo have with Clarice?<|eot_id|><|start_header_id|>assistant<|end_header_id|>

",10,domain,10,0.91796875,1.0,1.0000001192092896,1.0886745395185953
309,Benedetto Varchi,"<|begin_of_text|><|start_header_id|>system<|end_header_id|>

Cutting Knowledge Date: December 2023
Today Date: 26 July 2024

<|eot_id|><|start_header_id|>user<|end_header_id|>

Who was the leader of the group that attacked Lorenzo and Giuliano?<|eot_id|><|start_header_id|>assistant<|end_header_id|>

","Girolamo Riario, Francesco de' Pazzi, and Francesco Salviati",domain,"Girolamo Riario, Francesco de' Pazzi, and Francesco Salviati",0.9296875,1.0,0.9999999403953552,1.0844301997217223
310,Benedetto Varchi,"<|begin_of_text|><|start_header_id|>system<|end_header_id|>

Cutting Knowledge Date: December 2023
Today Date: 26 July 2024

<|eot_id|><|start_header_id|>user<|end_header_id|>

Who were some of the artists that Lorenzo supported?<|eot_id|><|start_header_id|>assistant<|end_header_id|>

","Piero and Antonio del Pollaiuolo, Andrea del Verrocchio, Leonardo da Vinci, Sandro Botticelli, Domenico Ghirlandaio and Michelangelo Buonarroti",domain,"Pietro and Antonio Pollaiuolo, Andrea del Verrocchio, Leonardo da Vinci, Sandro Botticelli, Domenico Ghirlandaio and Michelangelo Buonarroti",0.9609375,0.9411764705882353,0.967485249042511,1.052863580813002
311,Benedetto Varchi,"<|begin_of_text|><|start_header_id|>system<|end_header_id|>

Cutting Knowledge Date: December 2023
Today Date: 26 July 2024

<|eot_id|><|start_header_id|>user<|end_header_id|>

What was the name of the library that Lorenzo expanded?<|eot_id|><|start_header_id|>assistant<|end_header_id|>

",The Medici Library (also called the Laurentian Library),domain,The Medici Library (also called the Laurentian Library),0.87890625,1.0,1.0,1.1725486200826334
312,Benedetto Varchi,"<|begin_of_text|><|start_header_id|>system<|end_header_id|>

Cutting Knowledge Date: December 2023
Today Date: 26 July 2024

<|eot_id|><|start_header_id|>user<|end_header_id|>

Where did Leon Battista Alberti study law?<|eot_id|><|start_header_id|>assistant<|end_header_id|>

",Bologna,domain,Bologna,1.0,1.0,0.9999999403953552,1.0023679113890758
313,Benedetto Varchi,"<|begin_of_text|><|start_header_id|>system<|end_header_id|>

Cutting Knowledge Date: December 2023
Today Date: 26 July 2024

<|eot_id|><|start_header_id|>user<|end_header_id|>

What was the name of the conspiracy that targeted Lorenzo and his brother Giuliano?<|eot_id|><|start_header_id|>assistant<|end_header_id|>

",The Pazzi conspiracy,domain,The Pazzi conspiracy,0.9921875,1.0,1.0,1.0061221800299998
314,Benedetto Varchi,"<|begin_of_text|><|start_header_id|>system<|end_header_id|>

Cutting Knowledge Date: December 2023
Today Date: 26 July 2024

<|eot_id|><|start_header_id|>user<|end_header_id|>

Who wrote a poem about Lorenzo's jousting tournament win?<|eot_id|><|start_header_id|>assistant<|end_header_id|>

",Luigi Pulci,domain,Luigi Pulci,0.9375,1.0,1.0,1.0686607724313482
315,Benedetto Varchi,"<|begin_of_text|><|start_header_id|>system<|end_header_id|>

Cutting Knowledge Date: December 2023
Today Date: 26 July 2024

<|eot_id|><|start_header_id|>user<|end_header_id|>

What was the name of the horse Lorenzo rode in the jousting tournament in 1469?<|eot_id|><|start_header_id|>assistant<|end_header_id|>

",Morello di Vento,domain,Bianco Fiorentino,0.6015625,0.0,0.27090194821357727,2.218596968679145
316,Benedetto Varchi,"<|begin_of_text|><|start_header_id|>system<|end_header_id|>

Cutting Knowledge Date: December 2023
Today Date: 26 July 2024

<|eot_id|><|start_header_id|>user<|end_header_id|>

What was the name of the work that Dante wrote, which is a collection of his longest poems with an allegorical commentary?<|eot_id|><|start_header_id|>assistant<|end_header_id|>

",Convivio,domain,Convivio,0.9921875,1.0,1.0,1.0069822709906755
317,Benedetto Varchi,"<|begin_of_text|><|start_header_id|>system<|end_header_id|>

Cutting Knowledge Date: December 2023
Today Date: 26 July 2024

<|eot_id|><|start_header_id|>user<|end_header_id|>

What was the name of Giovanni Boccaccio's stepmother?<|eot_id|><|start_header_id|>assistant<|end_header_id|>

",Margherita de' Mardoli,domain,Margherita de' Mardoli,0.9765625,1.0,1.0,1.026968571383305
318,Benedetto Varchi,"<|begin_of_text|><|start_header_id|>system<|end_header_id|>

Cutting Knowledge Date: December 2023
Today Date: 26 July 2024

<|eot_id|><|start_header_id|>user<|end_header_id|>

What was the name of the guild that Dante entered to take part in public life?<|eot_id|><|start_header_id|>assistant<|end_header_id|>

",The Physicians' and Apothecaries' Guild,domain,The Physicians' and Apothecaries' Guild,0.96875,1.0,0.9999998211860657,1.0355286915359951
319,Benedetto Varchi,"<|begin_of_text|><|start_header_id|>system<|end_header_id|>

Cutting Knowledge Date: December 2023
Today Date: 26 July 2024

<|eot_id|><|start_header_id|>user<|end_header_id|>

Who did Lorenzo marry in 1469?<|eot_id|><|start_header_id|>assistant<|end_header_id|>

",Clarice Orsini,domain,Clarice Orsini,0.98046875,1.0,1.000000238418579,1.0225902480458744
320,Benedetto Varchi,"<|begin_of_text|><|start_header_id|>system<|end_header_id|>

Cutting Knowledge Date: December 2023
Today Date: 26 July 2024

<|eot_id|><|start_header_id|>user<|end_header_id|>

What was the name of the school where Leon Battista Alberti was sent to study?<|eot_id|><|start_header_id|>assistant<|end_header_id|>

",Boarding school in Padua,domain,Boarding school in Padua,0.95703125,1.0,1.0,1.046968072862147
321,Benedetto Varchi,"<|begin_of_text|><|start_header_id|>system<|end_header_id|>

Cutting Knowledge Date: December 2023
Today Date: 26 July 2024

<|eot_id|><|start_header_id|>user<|end_header_id|>

What was the name of the village that was redesigned by Leon Battista Alberti as a retreat for Pope Pius II?<|eot_id|><|start_header_id|>assistant<|end_header_id|>

",Pienza,domain,Pienza,0.984375,1.0,0.9999998807907104,1.0157477085866857
322,Benedetto Varchi,"<|begin_of_text|><|start_header_id|>system<|end_header_id|>

Cutting Knowledge Date: December 2023
Today Date: 26 July 2024

<|eot_id|><|start_header_id|>user<|end_header_id|>

What was the name of the church where Leon Battista Alberti designed the upper parts of the façade?<|eot_id|><|start_header_id|>assistant<|end_header_id|>

",Santa Maria Novella,domain,Santa Maria Novella,0.98046875,1.0,1.0,1.0182305910199367
323,Benedetto Varchi,"<|begin_of_text|><|start_header_id|>system<|end_header_id|>

Cutting Knowledge Date: December 2023
Today Date: 26 July 2024

<|eot_id|><|start_header_id|>user<|end_header_id|>

What was the name of the work that Dante wrote, which describes his journey through Hell, Purgatory, and Paradise?<|eot_id|><|start_header_id|>assistant<|end_header_id|>

",The Divine Comedy,domain,The Divine Comedy,0.98046875,1.0,0.9999999403953552,1.0195987623773142
324,Benedetto Varchi,"<|begin_of_text|><|start_header_id|>system<|end_header_id|>

Cutting Knowledge Date: December 2023
Today Date: 26 July 2024

<|eot_id|><|start_header_id|>user<|end_header_id|>

What was the name of the city where Dante died?<|eot_id|><|start_header_id|>assistant<|end_header_id|>

",Ravenna,domain,Ravenna,0.99609375,1.0,1.0,1.0050174281590813
325,Benedetto Varchi,"<|begin_of_text|><|start_header_id|>system<|end_header_id|>

Cutting Knowledge Date: December 2023
Today Date: 26 July 2024

<|eot_id|><|start_header_id|>user<|end_header_id|>

What was the name of the work that Dante wrote, which is a treatise on vernacular literature?<|eot_id|><|start_header_id|>assistant<|end_header_id|>

",De vulgari eloquentia,domain,De vulgari eloquentia,0.98046875,1.0,1.0,1.0215921122071068
326,Benedetto Varchi,"<|begin_of_text|><|start_header_id|>system<|end_header_id|>

Cutting Knowledge Date: December 2023
Today Date: 26 July 2024

<|eot_id|><|start_header_id|>user<|end_header_id|>

What is the name of the narrative poem written by Francesco Petrarca?<|eot_id|><|start_header_id|>assistant<|end_header_id|>

",I trionfi,domain,I trionfi,0.98046875,1.0,0.9999998211860657,1.020844149742271
327,Benedetto Varchi,"<|begin_of_text|><|start_header_id|>system<|end_header_id|>

Cutting Knowledge Date: December 2023
Today Date: 26 July 2024

<|eot_id|><|start_header_id|>user<|end_header_id|>

What was the name of the institution where Dante's works are housed?<|eot_id|><|start_header_id|>assistant<|end_header_id|>

",Cultural institutions across the world,domain,"The institutions include the Biblioteca Ambrosiana, the Biblioteca Estense, the Biblioteca Nazionale di Torino, the Vaticana library, and others.",0.48828125,0.10526315789473684,0.43391579389572144,6.125742661881986
328,Benedetto Varchi,"<|begin_of_text|><|start_header_id|>system<|end_header_id|>

Cutting Knowledge Date: December 2023
Today Date: 26 July 2024

<|eot_id|><|start_header_id|>user<|end_header_id|>

Who was Lorenzo de Medici's father?<|eot_id|><|start_header_id|>assistant<|end_header_id|>

",Piero di Cosimo de' Medici,domain,Piero di Cosimo de' Medici,1.0,1.0,1.0000001192092896,1.0018327320917844
329,Benedetto Varchi,"<|begin_of_text|><|start_header_id|>system<|end_header_id|>

Cutting Knowledge Date: December 2023
Today Date: 26 July 2024

<|eot_id|><|start_header_id|>user<|end_header_id|>

When was Lorenzo de Medici born?<|eot_id|><|start_header_id|>assistant<|end_header_id|>

",1 January 1449,domain,1 January 1449,0.99609375,1.0,0.9999999403953552,1.0049867579291933
330,Benedetto Varchi,"<|begin_of_text|><|start_header_id|>system<|end_header_id|>

Cutting Knowledge Date: December 2023
Today Date: 26 July 2024

<|eot_id|><|start_header_id|>user<|end_header_id|>

What was the cause of Dante's death?<|eot_id|><|start_header_id|>assistant<|end_header_id|>

",Quartan malaria,domain,Quartan malaria,0.953125,1.0,1.0000001192092896,1.0544069916007983
331,Benedetto Varchi,"<|begin_of_text|><|start_header_id|>system<|end_header_id|>

Cutting Knowledge Date: December 2023
Today Date: 26 July 2024

<|eot_id|><|start_header_id|>user<|end_header_id|>

What was the name of the treatise on architecture written by Leon Battista Alberti?<|eot_id|><|start_header_id|>assistant<|end_header_id|>

",De re aedificatoria,domain,De re aedificatoria,1.0,1.0,1.0000001192092896,1.0001850299333097
332,Benedetto Varchi,"<|begin_of_text|><|start_header_id|>system<|end_header_id|>

Cutting Knowledge Date: December 2023
Today Date: 26 July 2024

<|eot_id|><|start_header_id|>user<|end_header_id|>

Who was Lorenzo's humanist philosopher tutor?<|eot_id|><|start_header_id|>assistant<|end_header_id|>

",Marsilio Ficino,domain,Marsilio Ficino,0.99609375,1.0,1.0,1.0049867579291933
333,Benedetto Varchi,"<|begin_of_text|><|start_header_id|>system<|end_header_id|>

Cutting Knowledge Date: December 2023
Today Date: 26 July 2024

<|eot_id|><|start_header_id|>user<|end_header_id|>

What was the name of the work that Dante wrote, which proposed a universal monarchy under Henry VII?<|eot_id|><|start_header_id|>assistant<|end_header_id|>

",De Monarchia,domain,De Monarchia,0.9921875,1.0,0.9999999403953552,1.0055082791520904
334,Benedetto Varchi,"<|begin_of_text|><|start_header_id|>system<|end_header_id|>

Cutting Knowledge Date: December 2023
Today Date: 26 July 2024

<|eot_id|><|start_header_id|>user<|end_header_id|>

What was the name of the architect that Leon Battista Alberti was compared to by Jacob Burckhardt?<|eot_id|><|start_header_id|>assistant<|end_header_id|>

",Leonardo Da Vinci,domain,Leonardo Da Vinci,0.9296875,1.0,1.0,1.0828428418208405
335,Benedetto Varchi,"<|begin_of_text|><|start_header_id|>system<|end_header_id|>

Cutting Knowledge Date: December 2023
Today Date: 26 July 2024

<|eot_id|><|start_header_id|>user<|end_header_id|>

Who was the Pope that Leon Battista Alberti served under?<|eot_id|><|start_header_id|>assistant<|end_header_id|>

",Pope Nicholas V,domain,Pope Nicholas V,0.9921875,1.0,0.9999998211860657,1.0084584235791871
336,Benedetto Varchi,"<|begin_of_text|><|start_header_id|>system<|end_header_id|>

Cutting Knowledge Date: December 2023
Today Date: 26 July 2024

<|eot_id|><|start_header_id|>user<|end_header_id|>

What was the name of the comedy written by Leon Battista Alberti about the Olympian deities?<|eot_id|><|start_header_id|>assistant<|end_header_id|>

",Momus,domain,Momus,0.9296875,1.0,1.0,1.0759910969550313
337,Benedetto Varchi,"<|begin_of_text|><|start_header_id|>system<|end_header_id|>

Cutting Knowledge Date: December 2023
Today Date: 26 July 2024

<|eot_id|><|start_header_id|>user<|end_header_id|>

What was the name of the dialogue written by Leon Battista Alberti about Florence during the Medici rule?<|eot_id|><|start_header_id|>assistant<|end_header_id|>

",De iciarchia,domain,De iciarchia,0.9609375,1.0,0.9999998211860657,1.0428863311694745
338,Benedetto Varchi,"<|begin_of_text|><|start_header_id|>system<|end_header_id|>

Cutting Knowledge Date: December 2023
Today Date: 26 July 2024

<|eot_id|><|start_header_id|>user<|end_header_id|>

What was the name of the essay written by Leon Battista Alberti on cryptography?<|eot_id|><|start_header_id|>assistant<|end_header_id|>

",De componendis cifris,domain,De componendis cifris,0.94140625,1.0,0.9999998807907104,1.0686607724313482
339,Benedetto Varchi,"<|begin_of_text|><|start_header_id|>system<|end_header_id|>

Cutting Knowledge Date: December 2023
Today Date: 26 July 2024

<|eot_id|><|start_header_id|>user<|end_header_id|>

What was the name of the book written by Leon Battista Alberti on the art of building?<|eot_id|><|start_header_id|>assistant<|end_header_id|>

",De re aedificatoria,domain,De re aedificatoria,1.0,1.0,1.0000001192092896,1.000126846728448
340,Benedetto Varchi,"<|begin_of_text|><|start_header_id|>system<|end_header_id|>

Cutting Knowledge Date: December 2023
Today Date: 26 July 2024

<|eot_id|><|start_header_id|>user<|end_header_id|>

What was the name of the palace where Leon Battista Alberti introduced the use of classical building elements in civic buildings?<|eot_id|><|start_header_id|>assistant<|end_header_id|>

",Palazzo Rucellai,domain,Palazzo Rucellai,0.99609375,1.0,0.9999999403953552,1.0033166451631206
341,Benedetto Varchi,"<|begin_of_text|><|start_header_id|>system<|end_header_id|>

Cutting Knowledge Date: December 2023
Today Date: 26 July 2024

<|eot_id|><|start_header_id|>user<|end_header_id|>

Who tutored Lorenzo de Medici in Greek?<|eot_id|><|start_header_id|>assistant<|end_header_id|>

",John Argyropoulos,domain,John Argyropoulos,0.98828125,1.0,1.0,1.0103683238019048
342,Benedetto Varchi,"<|begin_of_text|><|start_header_id|>system<|end_header_id|>

Cutting Knowledge Date: December 2023
Today Date: 26 July 2024

<|eot_id|><|start_header_id|>user<|end_header_id|>

What was the name of Francesco Petrarca's father?<|eot_id|><|start_header_id|>assistant<|end_header_id|>

",Ser Petracco,domain,Ser Petracco,0.9921875,1.0,1.0,1.0075663228432519
343,Benedetto Varchi,"<|begin_of_text|><|start_header_id|>system<|end_header_id|>

Cutting Knowledge Date: December 2023
Today Date: 26 July 2024

<|eot_id|><|start_header_id|>user<|end_header_id|>

What was the name of the council that ruled the Republic of Florence?<|eot_id|><|start_header_id|>assistant<|end_header_id|>

",Signoria of Florence,entity,Signoria of Florence,0.9296875,1.0,0.9999999403953552,1.0807299784102447
344,Benedetto Varchi,"<|begin_of_text|><|start_header_id|>system<|end_header_id|>

Cutting Knowledge Date: December 2023
Today Date: 26 July 2024

<|eot_id|><|start_header_id|>user<|end_header_id|>

Where did Francesco Petrarca study law?<|eot_id|><|start_header_id|>assistant<|end_header_id|>

",University of Montpellier and University of Bologna,domain,University of Montpellier and University of Bologna,0.9453125,1.0,1.0,1.0717962052145606
345,Benedetto Varchi,"<|begin_of_text|><|start_header_id|>system<|end_header_id|>

Cutting Knowledge Date: December 2023
Today Date: 26 July 2024

<|eot_id|><|start_header_id|>user<|end_header_id|>

What was the name of the book that Giovanni Boccaccio wrote about famous women?<|eot_id|><|start_header_id|>assistant<|end_header_id|>

",De mulieribus claris,domain,De mulieribus claris,1.0,1.0,1.0000001192092896,1.000740325175036
346,Benedetto Varchi,"<|begin_of_text|><|start_header_id|>system<|end_header_id|>

Cutting Knowledge Date: December 2023
Today Date: 26 July 2024

<|eot_id|><|start_header_id|>user<|end_header_id|>

When did Giovanni Boccaccio begin work on The Decameron?<|eot_id|><|start_header_id|>assistant<|end_header_id|>

",Around 1349,domain,Around 1349,0.953125,1.0,0.9999999403953552,1.0505526995987349
347,Benedetto Varchi,"<|begin_of_text|><|start_header_id|>system<|end_header_id|>

Cutting Knowledge Date: December 2023
Today Date: 26 July 2024

<|eot_id|><|start_header_id|>user<|end_header_id|>

What was the name of the poem that Giovanni Boccaccio wrote to commemorate the death of Petrarch?<|eot_id|><|start_header_id|>assistant<|end_header_id|>

",Rime,domain,Rime,0.9921875,1.0,0.9999998807907104,1.0081507134471412
348,Benedetto Varchi,"<|begin_of_text|><|start_header_id|>system<|end_header_id|>

Cutting Knowledge Date: December 2023
Today Date: 26 July 2024

<|eot_id|><|start_header_id|>user<|end_header_id|>

Where did Giovanni Boccaccio die?<|eot_id|><|start_header_id|>assistant<|end_header_id|>

",Certaldo,domain,Certaldo,0.99609375,1.0,1.0000001192092896,1.0034697508143722
349,Benedetto Varchi,"<|begin_of_text|><|start_header_id|>system<|end_header_id|>

Cutting Knowledge Date: December 2023
Today Date: 26 July 2024

<|eot_id|><|start_header_id|>user<|end_header_id|>

Who was a friend of Francesco Petrarca's father?<|eot_id|><|start_header_id|>assistant<|end_header_id|>

",Dante Alighieri,domain,Dante Alighieri,0.9921875,1.0,1.0,1.0089509551560065
350,Benedetto Varchi,"<|begin_of_text|><|start_header_id|>system<|end_header_id|>

Cutting Knowledge Date: December 2023
Today Date: 26 July 2024

<|eot_id|><|start_header_id|>user<|end_header_id|>

When was Giovanni Boccaccio born?<|eot_id|><|start_header_id|>assistant<|end_header_id|>

",16 June 1313,domain,16 June 1313,0.99609375,1.0,0.9999998807907104,1.0035769386715272
351,Benedetto Varchi,"<|begin_of_text|><|start_header_id|>system<|end_header_id|>

Cutting Knowledge Date: December 2023
Today Date: 26 July 2024

<|eot_id|><|start_header_id|>user<|end_header_id|>

What are the main subdivisions of Tuscan dialects?<|eot_id|><|start_header_id|>assistant<|end_header_id|>

","Northern Tuscan dialects, Southern Tuscan dialects, and Corsican",entity,Northern Tuscan dialects and Southern Tuscan dialects.,0.80859375,0.8571428571428571,0.9129739999771118,1.3042458747676378
352,Benedetto Varchi,"<|begin_of_text|><|start_header_id|>system<|end_header_id|>

Cutting Knowledge Date: December 2023
Today Date: 26 July 2024

<|eot_id|><|start_header_id|>user<|end_header_id|>

What historical event marked the beginning of Montevarchi?<|eot_id|><|start_header_id|>assistant<|end_header_id|>

",The town sprang up around 1100 near a fortified Benedictine monastery.,entity,The foundation of a fortified acropolis by the Etruscan city of Volterra.,0.453125,0.25,0.3869076371192932,5.84522448197963
353,Benedetto Varchi,"<|begin_of_text|><|start_header_id|>system<|end_header_id|>

Cutting Knowledge Date: December 2023
Today Date: 26 July 2024

<|eot_id|><|start_header_id|>user<|end_header_id|>

Who was the first member of the Medici family to gain control over Florence?<|eot_id|><|start_header_id|>assistant<|end_header_id|>

",Cosimo de' Medici,entity,Cosimo de' Medici,0.9921875,1.0,0.9999999403953552,1.0095053407213783
354,Benedetto Varchi,"<|begin_of_text|><|start_header_id|>system<|end_header_id|>

Cutting Knowledge Date: December 2023
Today Date: 26 July 2024

<|eot_id|><|start_header_id|>user<|end_header_id|>

In what year did the pope declare Cosimo the first grand duke of Tuscany?<|eot_id|><|start_header_id|>assistant<|end_header_id|>

",1569,entity,1569,0.9765625,1.0,0.9999998807907104,1.0273447273786305
355,Benedetto Varchi,"<|begin_of_text|><|start_header_id|>system<|end_header_id|>

Cutting Knowledge Date: December 2023
Today Date: 26 July 2024

<|eot_id|><|start_header_id|>user<|end_header_id|>

Who did Lorenzino de' Medici assassinate?<|eot_id|><|start_header_id|>assistant<|end_header_id|>

","Alessandro de' Medici, Duke of Florence",entity,"Alessandro de' Medici, Duke of Florence",0.984375,1.0,1.0,1.0159957241412068
356,Benedetto Varchi,"<|begin_of_text|><|start_header_id|>system<|end_header_id|>

Cutting Knowledge Date: December 2023
Today Date: 26 July 2024

<|eot_id|><|start_header_id|>user<|end_header_id|>

Which Italian dialect served as the basis for Standard Italian?<|eot_id|><|start_header_id|>assistant<|end_header_id|>

",Florentine dialect,entity,Florentine dialect,0.96875,1.0,1.0000001192092896,1.0316174699457041
357,Benedetto Varchi,"<|begin_of_text|><|start_header_id|>system<|end_header_id|>

Cutting Knowledge Date: December 2023
Today Date: 26 July 2024

<|eot_id|><|start_header_id|>user<|end_header_id|>

In which Italian region is Montevarchi located?<|eot_id|><|start_header_id|>assistant<|end_header_id|>

",Tuscany,entity,Tuscany,1.0,1.0,1.0,1.0004521438121892
358,Benedetto Varchi,"<|begin_of_text|><|start_header_id|>system<|end_header_id|>

Cutting Knowledge Date: December 2023
Today Date: 26 July 2024

<|eot_id|><|start_header_id|>user<|end_header_id|>

When did Ezra Pound begin writing The Cantos?<|eot_id|><|start_header_id|>assistant<|end_header_id|>

",1915,entity,1915,0.91015625,1.0,1.0,1.104739294992646
359,Benedetto Varchi,"<|begin_of_text|><|start_header_id|>system<|end_header_id|>

Cutting Knowledge Date: December 2023
Today Date: 26 July 2024

<|eot_id|><|start_header_id|>user<|end_header_id|>

What is the title of the section written at the end of World War II?<|eot_id|><|start_header_id|>assistant<|end_header_id|>

",The Pisan Cantos,entity,The Pisan Cantos,0.8046875,1.0,1.0,1.2678273500779451
360,Benedetto Varchi,"<|begin_of_text|><|start_header_id|>system<|end_header_id|>

Cutting Knowledge Date: December 2023
Today Date: 26 July 2024

<|eot_id|><|start_header_id|>user<|end_header_id|>

How many sections are in The Cantos?<|eot_id|><|start_header_id|>assistant<|end_header_id|>

",120,entity,120,0.95703125,1.0,1.0,1.046968072862147
361,Benedetto Varchi,"<|begin_of_text|><|start_header_id|>system<|end_header_id|>

Cutting Knowledge Date: December 2023
Today Date: 26 July 2024

<|eot_id|><|start_header_id|>user<|end_header_id|>

What was Piero Strozzi's relation to the Medici family?<|eot_id|><|start_header_id|>assistant<|end_header_id|>

","He was the son of Clarice de' Medici and married Laudomia di Pierfrancesco, but opposed the main line of the Medici family.",entity,"He was the son of Clarice de' Medici and married Laudomia di Pierfrancesco, but his actions were seen as a threat to the Medici's power.",0.77734375,0.6153846153846154,0.8752236366271973,1.4894955416781699
362,Benedetto Varchi,"<|begin_of_text|><|start_header_id|>system<|end_header_id|>

Cutting Knowledge Date: December 2023
Today Date: 26 July 2024

<|eot_id|><|start_header_id|>user<|end_header_id|>

What themes are integral to The Cantos?<|eot_id|><|start_header_id|>assistant<|end_header_id|>

","Economics, governance and culture",entity,"Economics, history, and culture, with a focus on the relationship between economics and culture",0.60546875,0.21428571428571427,0.7394216060638428,4.24317792875833
363,Benedetto Varchi,"<|begin_of_text|><|start_header_id|>system<|end_header_id|>

Cutting Knowledge Date: December 2023
Today Date: 26 July 2024

<|eot_id|><|start_header_id|>user<|end_header_id|>

Name a dialect of Tuscan spoken in the city of Pisa.<|eot_id|><|start_header_id|>assistant<|end_header_id|>

",Pisano-Livornese,entity,Pisano-Livornese,0.93359375,1.0,0.9999999403953552,1.0786212376586528
364,Benedetto Varchi,"<|begin_of_text|><|start_header_id|>system<|end_header_id|>

Cutting Knowledge Date: December 2023
Today Date: 26 July 2024

<|eot_id|><|start_header_id|>user<|end_header_id|>

What roles did Lorenzino de' Medici serve in?<|eot_id|><|start_header_id|>assistant<|end_header_id|>

","Politician, writer, and dramatist",entity,He served as Gonfaloniere of Justice and Captain-General of the Florentine Republic,0.66796875,0.07692307692307693,0.2922136187553406,2.117000016612675
365,Benedetto Varchi,"<|begin_of_text|><|start_header_id|>system<|end_header_id|>

Cutting Knowledge Date: December 2023
Today Date: 26 July 2024

<|eot_id|><|start_header_id|>user<|end_header_id|>

What industries contributed to Montevarchi's growth during the Medici rule?<|eot_id|><|start_header_id|>assistant<|end_header_id|>

",Agricultural trade and its wool and silk industries,entity,Textile industry and banking,0.392578125,0.25,0.6131675243377686,7.21788879875633
366,Benedetto Varchi,"<|begin_of_text|><|start_header_id|>system<|end_header_id|>

Cutting Knowledge Date: December 2023
Today Date: 26 July 2024

<|eot_id|><|start_header_id|>user<|end_header_id|>

In which battle did Piero Strozzi suffer a defeat by Imperial-Spanish forces?<|eot_id|><|start_header_id|>assistant<|end_header_id|>

",The Battle of Serravalle,entity,The Battle of Serravalle,0.98046875,1.0,1.0,1.0218415547921715
367,Benedetto Varchi,"<|begin_of_text|><|start_header_id|>system<|end_header_id|>

Cutting Knowledge Date: December 2023
Today Date: 26 July 2024

<|eot_id|><|start_header_id|>user<|end_header_id|>

Who was Piero Strozzi's father?<|eot_id|><|start_header_id|>assistant<|end_header_id|>

",Filippo Strozzi the Younger,entity,Filippo Strozzi the Younger,1.0,1.0,0.9999999403953552,1.002046769513322
368,Benedetto Varchi,"<|begin_of_text|><|start_header_id|>system<|end_header_id|>

Cutting Knowledge Date: December 2023
Today Date: 26 July 2024

<|eot_id|><|start_header_id|>user<|end_header_id|>

What happened to Lorenzino de' Medici in 1548?<|eot_id|><|start_header_id|>assistant<|end_header_id|>

",He was murdered in retaliation for assassinating his cousin.,entity,"He was murdered by Alamanni's cousin, Fabrizio Maramaldo",0.609375,0.4444444444444444,0.5985686779022217,3.893758941798335
369,Benedetto Varchi,"<|begin_of_text|><|start_header_id|>system<|end_header_id|>

Cutting Knowledge Date: December 2023
Today Date: 26 July 2024

<|eot_id|><|start_header_id|>user<|end_header_id|>

What award did The Pisan Cantos win in 1948?<|eot_id|><|start_header_id|>assistant<|end_header_id|>

",The first Bollingen Prize,entity,The first Bollingen Prize,0.87109375,1.0,1.0000001192092896,1.1921772413532716
370,Benedetto Varchi,"<|begin_of_text|><|start_header_id|>system<|end_header_id|>

Cutting Knowledge Date: December 2023
Today Date: 26 July 2024

<|eot_id|><|start_header_id|>user<|end_header_id|>

Who was influenced by Giovanni Boccaccio's works?<|eot_id|><|start_header_id|>assistant<|end_header_id|>

","Geoffrey Chaucer, Miguel de Cervantes, Lope de Vega",domain,Geoffrey Chaucer,0.93359375,1.0,0.6578105688095093,1.0902704462051904
371,Benedetto Varchi,"<|begin_of_text|><|start_header_id|>system<|end_header_id|>

Cutting Knowledge Date: December 2023
Today Date: 26 July 2024

<|eot_id|><|start_header_id|>user<|end_header_id|>

What was the name of Giovanni Boccaccio's most notable work?<|eot_id|><|start_header_id|>assistant<|end_header_id|>

",The Decameron,domain,The Decameron,1.0,1.0,1.0,1.000318577956862
372,Benedetto Varchi,"<|begin_of_text|><|start_header_id|>system<|end_header_id|>

Cutting Knowledge Date: December 2023
Today Date: 26 July 2024

<|eot_id|><|start_header_id|>user<|end_header_id|>

Who became Pope Leo X and retook the city of Florence in 1512?<|eot_id|><|start_header_id|>assistant<|end_header_id|>

","Giovanni, Lorenzo's second son",domain,"Giovanni, Lorenzo's second son",0.89453125,1.0,0.9999998807907104,1.1204938563054325
373,Benedetto Varchi,"<|begin_of_text|><|start_header_id|>system<|end_header_id|>

Cutting Knowledge Date: December 2023
Today Date: 26 July 2024

<|eot_id|><|start_header_id|>user<|end_header_id|>

What was the cause of Giovanni Boccaccio's death?<|eot_id|><|start_header_id|>assistant<|end_header_id|>

","Illnesses, including obesity and congestive heart failure",domain,Illnesses that left him bedridden for several months,0.5703125,0.125,0.2722175717353821,5.198850274067211
374,Benedetto Varchi,"<|begin_of_text|><|start_header_id|>system<|end_header_id|>

Cutting Knowledge Date: December 2023
Today Date: 26 July 2024

<|eot_id|><|start_header_id|>user<|end_header_id|>

Who was Francesco Petrarca's lifelong friend and schoolmate?<|eot_id|><|start_header_id|>assistant<|end_header_id|>

",Guido Sette,domain,Guido Sette,0.98828125,1.0,1.0,1.012220058253459
375,Benedetto Varchi,"<|begin_of_text|><|start_header_id|>system<|end_header_id|>

Cutting Knowledge Date: December 2023
Today Date: 26 July 2024

<|eot_id|><|start_header_id|>user<|end_header_id|>

What was the title of Francesco Petrarca's first large-scale work?<|eot_id|><|start_header_id|>assistant<|end_header_id|>

",Africa,domain,Africa,0.93359375,1.0,1.0,1.0723196709942504
376,Benedetto Varchi,"<|begin_of_text|><|start_header_id|>system<|end_header_id|>

Cutting Knowledge Date: December 2023
Today Date: 26 July 2024

<|eot_id|><|start_header_id|>user<|end_header_id|>

When did Francesco Petrarca become the second poet laureate since classical antiquity?<|eot_id|><|start_header_id|>assistant<|end_header_id|>

",8 April 1341,domain,8 April 1341,0.88671875,1.0,1.0,1.1509929446911764
377,Benedetto Varchi,"<|begin_of_text|><|start_header_id|>system<|end_header_id|>

Cutting Knowledge Date: December 2023
Today Date: 26 July 2024

<|eot_id|><|start_header_id|>user<|end_header_id|>

What is the name of the collection of Francesco Petrarca's 366 lyric poems?<|eot_id|><|start_header_id|>assistant<|end_header_id|>

",Rerum vulgarium fragmenta,domain,Rerum vulgarium fragmenta,0.95703125,1.0,1.0,1.0495272700075693
378,Benedetto Varchi,"<|begin_of_text|><|start_header_id|>system<|end_header_id|>

Cutting Knowledge Date: December 2023
Today Date: 26 July 2024

<|eot_id|><|start_header_id|>user<|end_header_id|>

Who is believed to be the woman who inspired Francesco Petrarca's love poems?<|eot_id|><|start_header_id|>assistant<|end_header_id|>

",Laura de Noves,domain,Laura de Noves,0.96875,1.0,0.9999999403953552,1.0355286915359951
379,Benedetto Varchi,"<|begin_of_text|><|start_header_id|>system<|end_header_id|>

Cutting Knowledge Date: December 2023
Today Date: 26 July 2024

<|eot_id|><|start_header_id|>user<|end_header_id|>

When was Francesco Petrarca born?<|eot_id|><|start_header_id|>assistant<|end_header_id|>

",20 July 1304,domain,20 July 1304,1.0,1.0,0.9999998807907104,1.00071742030887
380,Benedetto Varchi,"<|begin_of_text|><|start_header_id|>system<|end_header_id|>

Cutting Knowledge Date: December 2023
Today Date: 26 July 2024

<|eot_id|><|start_header_id|>user<|end_header_id|>

When did Laura de Noves die?<|eot_id|><|start_header_id|>assistant<|end_header_id|>

",1348,domain,1348,0.9921875,1.0,1.0,1.0084584235791871
381,Benedetto Varchi,"<|begin_of_text|><|start_header_id|>system<|end_header_id|>

Cutting Knowledge Date: December 2023
Today Date: 26 July 2024

<|eot_id|><|start_header_id|>user<|end_header_id|>

What is the name of the literary movement that emerged in the 16th century and was influenced by Francesco Petrarca's style?<|eot_id|><|start_header_id|>assistant<|end_header_id|>

",Petrarchism,domain,Petrarchism,1.0,1.0,0.9999998807907104,1.0029492869032979
382,Benedetto Varchi,"<|begin_of_text|><|start_header_id|>system<|end_header_id|>

Cutting Knowledge Date: December 2023
Today Date: 26 July 2024

<|eot_id|><|start_header_id|>user<|end_header_id|>

Who are some of the notable writers who were influenced by Francesco Petrarca's style?<|eot_id|><|start_header_id|>assistant<|end_header_id|>

","Pietro Bembo, Michelangelo, Vittoria Colonna, Clément Marot, Garcilaso de la Vega, Giovanni della Casa, Thomas Wyatt, Henry Howard, Joachim du Bellay, Edmund Spenser, and Philip Sidney",domain,"Pietro Bembo, Michel de Montaigne, Francis Bacon, John Milton, Lord Byron, Percy Bysshe Shelley, Robert Browning, Elizabeth Barrett Browning, Oscar Wilde, W. B. Yeats, T. S",0.94140625,0.11538461538461539,0.44726496934890747,1.0759910969550313
383,Benedetto Varchi,"<|begin_of_text|><|start_header_id|>system<|end_header_id|>

Cutting Knowledge Date: December 2023
Today Date: 26 July 2024

<|eot_id|><|start_header_id|>user<|end_header_id|>

When was Dante Alighieri most likely born?<|eot_id|><|start_header_id|>assistant<|end_header_id|>

",May 1265,domain,May 1265,0.9921875,1.0,0.9999999403953552,1.0080276556855061
384,Benedetto Varchi,"<|begin_of_text|><|start_header_id|>system<|end_header_id|>

Cutting Knowledge Date: December 2023
Today Date: 26 July 2024

<|eot_id|><|start_header_id|>user<|end_header_id|>

Where was Dante Alighieri born?<|eot_id|><|start_header_id|>assistant<|end_header_id|>

","Florence, Republic of Florence",domain,Florence,0.8671875,1.0,0.9121874570846558,1.2145042119417742
385,Benedetto Varchi,"<|begin_of_text|><|start_header_id|>system<|end_header_id|>

Cutting Knowledge Date: December 2023
Today Date: 26 July 2024

<|eot_id|><|start_header_id|>user<|end_header_id|>

What was the name of Dante's father?<|eot_id|><|start_header_id|>assistant<|end_header_id|>

",Alighiero di Bellincione,domain,Alighiero di Bellincione,0.984375,1.0,1.0000001192092896,1.014384704851795
386,Benedetto Varchi,"<|begin_of_text|><|start_header_id|>system<|end_header_id|>

Cutting Knowledge Date: December 2023
Today Date: 26 July 2024

<|eot_id|><|start_header_id|>user<|end_header_id|>

What was the name of Dante's mother?<|eot_id|><|start_header_id|>assistant<|end_header_id|>

","Bella, probably a member of the Abati family",domain,"Bella, probably a member of the Abati family",0.91796875,1.0,0.9999998807907104,1.1031222092191484
387,Benedetto Varchi,"<|begin_of_text|><|start_header_id|>system<|end_header_id|>

Cutting Knowledge Date: December 2023
Today Date: 26 July 2024

<|eot_id|><|start_header_id|>user<|end_header_id|>

What did Giovanni Boccaccio study at the University of Naples?<|eot_id|><|start_header_id|>assistant<|end_header_id|>

",Canon law,domain,Canon law,0.8984375,1.0,0.9999997615814209,1.1150360305114173
388,Benedetto Varchi,"<|begin_of_text|><|start_header_id|>system<|end_header_id|>

Cutting Knowledge Date: December 2023
Today Date: 26 July 2024

<|eot_id|><|start_header_id|>user<|end_header_id|>

Where was Francesco Petrarca born?<|eot_id|><|start_header_id|>assistant<|end_header_id|>

","Arezzo, Italy",domain,"Arezzo, Italy",0.921875,1.0,1.0,1.0886745395185953
389,Benedetto Varchi,"<|begin_of_text|><|start_header_id|>system<|end_header_id|>

Cutting Knowledge Date: December 2023
Today Date: 26 July 2024

<|eot_id|><|start_header_id|>user<|end_header_id|>

Who may have tutored Giovanni Boccaccio?<|eot_id|><|start_header_id|>assistant<|end_header_id|>

",Giovanni Mazzuoli,domain,Giovanni Mazzuoli,0.9921875,1.0,1.0,1.0073511064438474
390,Benedetto Varchi,"<|begin_of_text|><|start_header_id|>system<|end_header_id|>

Cutting Knowledge Date: December 2023
Today Date: 26 July 2024

<|eot_id|><|start_header_id|>user<|end_header_id|>

Who was Giovanni Boccaccio's father?<|eot_id|><|start_header_id|>assistant<|end_header_id|>

",Boccaccino di Chellino,domain,Boccaccino di Chellino,0.984375,1.0,1.0,1.0182305910199367
391,Benedetto Varchi,"<|begin_of_text|><|start_header_id|>system<|end_header_id|>

Cutting Knowledge Date: December 2023
Today Date: 26 July 2024

<|eot_id|><|start_header_id|>user<|end_header_id|>

Where was Giovanni Boccaccio born?<|eot_id|><|start_header_id|>assistant<|end_header_id|>

",Florence or a village near Certaldo,domain,Florence or a village near Certaldo,0.89453125,1.0,1.0,1.144268564975668
392,Benedetto Varchi,"<|begin_of_text|><|start_header_id|>system<|end_header_id|>

Cutting Knowledge Date: December 2023
Today Date: 26 July 2024

<|eot_id|><|start_header_id|>user<|end_header_id|>

Where is Giovanni Boccaccio buried?<|eot_id|><|start_header_id|>assistant<|end_header_id|>

",Certaldo,domain,Certaldo,0.99609375,1.0,1.0000001192092896,1.003347264424434
393,Benedetto Varchi,"<|begin_of_text|><|start_header_id|>system<|end_header_id|>

Cutting Knowledge Date: December 2023
Today Date: 26 July 2024

<|eot_id|><|start_header_id|>user<|end_header_id|>

What was the name of the battle that Dante fought in with the Guelph cavalry?<|eot_id|><|start_header_id|>assistant<|end_header_id|>

",The Battle of Campaldino,domain,The Battle of Campaldino,0.99609375,1.0,1.0,1.0025667650779537
394,Benedetto Varchi,"<|begin_of_text|><|start_header_id|>system<|end_header_id|>

Cutting Knowledge Date: December 2023
Today Date: 26 July 2024

<|eot_id|><|start_header_id|>user<|end_header_id|>

What was the name of the artist that portrayed Leon Battista Alberti in his frescoes in the Camera degli Sposi?<|eot_id|><|start_header_id|>assistant<|end_header_id|>

",Mantegna,domain,Mantegna,0.9609375,1.0,0.9999998807907104,1.0418683846118086
395,Benedetto Varchi,"<|begin_of_text|><|start_header_id|>system<|end_header_id|>

Cutting Knowledge Date: December 2023
Today Date: 26 July 2024

<|eot_id|><|start_header_id|>user<|end_header_id|>

What was the name of the poem that Dante wrote, which is widely considered one of the most important poems of the Middle Ages?<|eot_id|><|start_header_id|>assistant<|end_header_id|>

",The Divine Comedy,domain,The Divine Comedy,0.9921875,1.0,0.9999999403953552,1.009012538514559
396,Benedetto Varchi,"<|begin_of_text|><|start_header_id|>system<|end_header_id|>

Cutting Knowledge Date: December 2023
Today Date: 26 July 2024

<|eot_id|><|start_header_id|>user<|end_header_id|>

What was the name of the dialect that Dante chose to write in?<|eot_id|><|start_header_id|>assistant<|end_header_id|>

","The Tuscan dialect, specifically the Florentine dialect",domain,The Florentine dialect,0.671875,1.0,0.8837457299232483,2.408264226404181
397,Benedetto Varchi,"<|begin_of_text|><|start_header_id|>system<|end_header_id|>

Cutting Knowledge Date: December 2023
Today Date: 26 July 2024

<|eot_id|><|start_header_id|>user<|end_header_id|>

Who was the woman that Dante claimed to have fallen in love with at first sight?<|eot_id|><|start_header_id|>assistant<|end_header_id|>

",Beatrice Portinari,domain,Beatrice Portinari,0.99609375,1.0,0.9999999403953552,1.0032554094436996
398,Benedetto Varchi,"<|begin_of_text|><|start_header_id|>system<|end_header_id|>

Cutting Knowledge Date: December 2023
Today Date: 26 July 2024

<|eot_id|><|start_header_id|>user<|end_header_id|>

Where did Giovanni Boccaccio grow up?<|eot_id|><|start_header_id|>assistant<|end_header_id|>

",Florence,domain,Florence,1.0,1.0,1.000000238418579,1.001763944058954
399,Benedetto Varchi,"<|begin_of_text|><|start_header_id|>system<|end_header_id|>

Cutting Knowledge Date: December 2023
Today Date: 26 July 2024

<|eot_id|><|start_header_id|>user<|end_header_id|>

Who was the woman that Dante was promised to marry when he was 12 years old?<|eot_id|><|start_header_id|>assistant<|end_header_id|>

",Gemma di Manetto Donati,domain,Gemma di Manetto Donati,0.98046875,1.0,1.0,1.0198477182452943
400,Beyoncé,"<|begin_of_text|><|start_header_id|>system<|end_header_id|>

Cutting Knowledge Date: December 2023
Today Date: 26 July 2024

<|eot_id|><|start_header_id|>user<|end_header_id|>

What group was Beyoncé a part of in the late 1990s?<|eot_id|><|start_header_id|>assistant<|end_header_id|>

",Destiny's Child,general,Destiny's Child,0.99609375,1.0,1.0000001192092896,1.004189660392943
401,Beyoncé,"<|begin_of_text|><|start_header_id|>system<|end_header_id|>

Cutting Knowledge Date: December 2023
Today Date: 26 July 2024

<|eot_id|><|start_header_id|>user<|end_header_id|>

What nickname is Beyoncé known by?<|eot_id|><|start_header_id|>assistant<|end_header_id|>

",Queen Bey,general,Queen Bey,1.0,1.0,0.9999999403953552,1.0003834505735785
402,Beyoncé,"<|begin_of_text|><|start_header_id|>system<|end_header_id|>

Cutting Knowledge Date: December 2023
Today Date: 26 July 2024

<|eot_id|><|start_header_id|>user<|end_header_id|>

When was Beyoncé born?<|eot_id|><|start_header_id|>assistant<|end_header_id|>

","September 4, 1981",general,"September 4, 1981",1.0,1.0,0.9999998211860657,1.0000126362645294
403,Beyoncé,"<|begin_of_text|><|start_header_id|>system<|end_header_id|>

Cutting Knowledge Date: December 2023
Today Date: 26 July 2024

<|eot_id|><|start_header_id|>user<|end_header_id|>

What is Beyoncé's full name?<|eot_id|><|start_header_id|>assistant<|end_header_id|>

",Beyoncé Giselle Knowles-Carter,general,Beyoncé Giselle Knowles-Carter,0.9921875,1.0,0.9999998807907104,1.009320511694879
404,Beyoncé,"<|begin_of_text|><|start_header_id|>system<|end_header_id|>

Cutting Knowledge Date: December 2023
Today Date: 26 July 2024

<|eot_id|><|start_header_id|>user<|end_header_id|>

What was the name of Beyoncé's debut album?<|eot_id|><|start_header_id|>assistant<|end_header_id|>

",Dangerously in Love,general,Dangerously in Love,0.984375,1.0,1.0,1.0157477085866857
405,Bill Gates,"<|begin_of_text|><|start_header_id|>system<|end_header_id|>

Cutting Knowledge Date: December 2023
Today Date: 26 July 2024

<|eot_id|><|start_header_id|>user<|end_header_id|>

What is Bill Gates best known for?<|eot_id|><|start_header_id|>assistant<|end_header_id|>

",Co-founding Microsoft,general,Co-founding Microsoft,0.97265625,1.0,1.0,1.029478881969126
406,Bill Gates,"<|begin_of_text|><|start_header_id|>system<|end_header_id|>

Cutting Knowledge Date: December 2023
Today Date: 26 July 2024

<|eot_id|><|start_header_id|>user<|end_header_id|>

Who did Bill Gates co-found Microsoft with?<|eot_id|><|start_header_id|>assistant<|end_header_id|>

",Paul Allen,general,Paul Allen,1.0,1.0,1.0,1.0004464191954814
407,Bill Gates,"<|begin_of_text|><|start_header_id|>system<|end_header_id|>

Cutting Knowledge Date: December 2023
Today Date: 26 July 2024

<|eot_id|><|start_header_id|>user<|end_header_id|>

What foundation did Bill Gates establish with his then-wife Melinda?<|eot_id|><|start_header_id|>assistant<|end_header_id|>

",Bill & Melinda Gates Foundation,general,Bill & Melinda Gates Foundation,0.99609375,1.0,1.0,1.0042816009108217
408,Bill Gates,"<|begin_of_text|><|start_header_id|>system<|end_header_id|>

Cutting Knowledge Date: December 2023
Today Date: 26 July 2024

<|eot_id|><|start_header_id|>user<|end_header_id|>

What was the name of the venture Gates formed at 17 with Paul Allen?<|eot_id|><|start_header_id|>assistant<|end_header_id|>

",Traf-O-Data,general,Traf-O-Data,0.9921875,1.0,1.0000001192092896,1.0082737862313926
409,Bill Gates,"<|begin_of_text|><|start_header_id|>system<|end_header_id|>

Cutting Knowledge Date: December 2023
Today Date: 26 July 2024

<|eot_id|><|start_header_id|>user<|end_header_id|>

When was Bill Gates born?<|eot_id|><|start_header_id|>assistant<|end_header_id|>

","October 28, 1955",general,"October 28, 1955",1.0,1.0,1.0,1.0000014454136805
410,Bob Marley,"<|begin_of_text|><|start_header_id|>system<|end_header_id|>

Cutting Knowledge Date: December 2023
Today Date: 26 July 2024

<|eot_id|><|start_header_id|>user<|end_header_id|>

What was Bob Marley's first hit outside Jamaica?<|eot_id|><|start_header_id|>assistant<|end_header_id|>

","No Woman, No Cry",general,"No Woman, No Cry",1.0,1.0,0.9999999403953552,1.0014429956842084
411,Bob Marley,"<|begin_of_text|><|start_header_id|>system<|end_header_id|>

Cutting Knowledge Date: December 2023
Today Date: 26 July 2024

<|eot_id|><|start_header_id|>user<|end_header_id|>

What was the name of Bob Marley's first band?<|eot_id|><|start_header_id|>assistant<|end_header_id|>

",The Teenagers,general,The Teenagers,0.96875,1.0,1.0000001192092896,1.0322473114732151
412,Bob Marley,"<|begin_of_text|><|start_header_id|>system<|end_header_id|>

Cutting Knowledge Date: December 2023
Today Date: 26 July 2024

<|eot_id|><|start_header_id|>user<|end_header_id|>

Where was Bob Marley born?<|eot_id|><|start_header_id|>assistant<|end_header_id|>

","Nine Mile, Jamaica",general,"Nine Mile, Jamaica",0.9375,1.0,0.9999998807907104,1.06970489621001
413,Bob Marley,"<|begin_of_text|><|start_header_id|>system<|end_header_id|>

Cutting Knowledge Date: December 2023
Today Date: 26 July 2024

<|eot_id|><|start_header_id|>user<|end_header_id|>

In what year did Bob Marley die?<|eot_id|><|start_header_id|>assistant<|end_header_id|>

",1981,general,1981,1.0,1.0,1.0,1.000001788140942
414,Bob Marley,"<|begin_of_text|><|start_header_id|>system<|end_header_id|>

Cutting Knowledge Date: December 2023
Today Date: 26 July 2024

<|eot_id|><|start_header_id|>user<|end_header_id|>

What was the cause of Bob Marley's death?<|eot_id|><|start_header_id|>assistant<|end_header_id|>

",Acral lentiginous melanoma,general,Acral lentiginous melanoma,0.98828125,1.0,1.0,1.0137657624676528
415,Brad Pitt,"<|begin_of_text|><|start_header_id|>system<|end_header_id|>

Cutting Knowledge Date: December 2023
Today Date: 26 July 2024

<|eot_id|><|start_header_id|>user<|end_header_id|>

What is Brad Pitt's full name?<|eot_id|><|start_header_id|>assistant<|end_header_id|>

",William Bradley Pitt,general,William Bradley Pitt,1.0,1.0,0.9999999403953552,1.0018862371606834
416,Brad Pitt,"<|begin_of_text|><|start_header_id|>system<|end_header_id|>

Cutting Knowledge Date: December 2023
Today Date: 26 July 2024

<|eot_id|><|start_header_id|>user<|end_header_id|>

Which film did Brad Pitt first gain recognition?<|eot_id|><|start_header_id|>assistant<|end_header_id|>

",Thelma & Louise,general,Thelma & Louise,0.99609375,1.0,1.0,1.0035309996165513
417,Brad Pitt,"<|begin_of_text|><|start_header_id|>system<|end_header_id|>

Cutting Knowledge Date: December 2023
Today Date: 26 July 2024

<|eot_id|><|start_header_id|>user<|end_header_id|>

How many children does Brad Pitt have with Angelina Jolie?<|eot_id|><|start_header_id|>assistant<|end_header_id|>

",Six,general,Six,0.9140625,1.0,0.9999998807907104,1.0934692814088276
418,Brad Pitt,"<|begin_of_text|><|start_header_id|>system<|end_header_id|>

Cutting Knowledge Date: December 2023
Today Date: 26 July 2024

<|eot_id|><|start_header_id|>user<|end_header_id|>

When was Brad Pitt born?<|eot_id|><|start_header_id|>assistant<|end_header_id|>

","December 18, 1963",general,"December 18, 1963",1.0,1.0,0.9999999403953552,1.000013947584144
419,Brad Pitt,"<|begin_of_text|><|start_header_id|>system<|end_header_id|>

Cutting Knowledge Date: December 2023
Today Date: 26 July 2024

<|eot_id|><|start_header_id|>user<|end_header_id|>

For which film did Brad Pitt win his first Academy Award for Best Supporting Actor?<|eot_id|><|start_header_id|>assistant<|end_header_id|>

",Once Upon a Time in Hollywood,general,Once Upon a Time in Hollywood,1.0,1.0,0.9999998807907104,1.0002002916621424
420,Britney Spears,"<|begin_of_text|><|start_header_id|>system<|end_header_id|>

Cutting Knowledge Date: December 2023
Today Date: 26 July 2024

<|eot_id|><|start_header_id|>user<|end_header_id|>

When was Britney Spears born?<|eot_id|><|start_header_id|>assistant<|end_header_id|>

","December 2, 1981",general,"December 2, 1981",1.0,1.0,0.9999998807907104,1.000012576659133
421,Britney Spears,"<|begin_of_text|><|start_header_id|>system<|end_header_id|>

Cutting Knowledge Date: December 2023
Today Date: 26 July 2024

<|eot_id|><|start_header_id|>user<|end_header_id|>

What are the titles of Britney Spears' first two studio albums?<|eot_id|><|start_header_id|>assistant<|end_header_id|>

",...Baby One More Time and Oops!... I Did It Again,general,...Baby One More Time and Oops!... I Did It Again,0.97265625,1.0,0.9999999403953552,1.030233171017311
422,Britney Spears,"<|begin_of_text|><|start_header_id|>system<|end_header_id|>

Cutting Knowledge Date: December 2023
Today Date: 26 July 2024

<|eot_id|><|start_header_id|>user<|end_header_id|>

What year did Britney Spears sign with Jive Records?<|eot_id|><|start_header_id|>assistant<|end_header_id|>

",1997,general,1997,1.0,1.0,1.0,1.0000100136304584
423,Britney Spears,"<|begin_of_text|><|start_header_id|>system<|end_header_id|>

Cutting Knowledge Date: December 2023
Today Date: 26 July 2024

<|eot_id|><|start_header_id|>user<|end_header_id|>

What was the name of the concert residency Britney Spears embarked on at Planet Hollywood Resort & Casino?<|eot_id|><|start_header_id|>assistant<|end_header_id|>

",Britney: Piece of Me,general,Britney: Piece of Me,0.99609375,1.0,0.9999998807907104,1.0039751652494182
424,Britney Spears,"<|begin_of_text|><|start_header_id|>system<|end_header_id|>

Cutting Knowledge Date: December 2023
Today Date: 26 July 2024

<|eot_id|><|start_header_id|>user<|end_header_id|>

How many Grammy Awards has Britney Spears won?<|eot_id|><|start_header_id|>assistant<|end_header_id|>

",One,general,One,0.93359375,1.0,1.0,1.0712729949710043
425,Bruce Lee,"<|begin_of_text|><|start_header_id|>system<|end_header_id|>

Cutting Knowledge Date: December 2023
Today Date: 26 July 2024

<|eot_id|><|start_header_id|>user<|end_header_id|>

Name a film directed and written by Bruce Lee.<|eot_id|><|start_header_id|>assistant<|end_header_id|>

",The Way of the Dragon,general,The Way of the Dragon,1.0,1.0,1.0,1.0008128607099236
426,Bruce Lee,"<|begin_of_text|><|start_header_id|>system<|end_header_id|>

Cutting Knowledge Date: December 2023
Today Date: 26 July 2024

<|eot_id|><|start_header_id|>user<|end_header_id|>

Where was Bruce Lee born?<|eot_id|><|start_header_id|>assistant<|end_header_id|>

",San Francisco,general,"San Francisco, California",1.0,0.6666666666666666,0.9225407838821411,1.0015728909708654
427,Bruce Lee,"<|begin_of_text|><|start_header_id|>system<|end_header_id|>

Cutting Knowledge Date: December 2023
Today Date: 26 July 2024

<|eot_id|><|start_header_id|>user<|end_header_id|>

What martial arts philosophy did Bruce Lee found?<|eot_id|><|start_header_id|>assistant<|end_header_id|>

",Jeet Kune Do,general,Jeet Kune Do,0.99609375,1.0,1.0,1.0035616254195432
428,Bruce Lee,"<|begin_of_text|><|start_header_id|>system<|end_header_id|>

Cutting Knowledge Date: December 2023
Today Date: 26 July 2024

<|eot_id|><|start_header_id|>user<|end_header_id|>

When was Bruce Lee born?<|eot_id|><|start_header_id|>assistant<|end_header_id|>

","November 27, 1940",general,"November 27, 1940",1.0,1.0,1.0,1.000056506799696
429,Bruce Lee,"<|begin_of_text|><|start_header_id|>system<|end_header_id|>

Cutting Knowledge Date: December 2023
Today Date: 26 July 2024

<|eot_id|><|start_header_id|>user<|end_header_id|>

What was Bruce Lee's birth name?<|eot_id|><|start_header_id|>assistant<|end_header_id|>

",Lee Jun-fan,general,Lee Jun-fan,0.99609375,1.0,1.0,1.0029492869032979
430,Charles Manson,"<|begin_of_text|><|start_header_id|>system<|end_header_id|>

Cutting Knowledge Date: December 2023
Today Date: 26 July 2024

<|eot_id|><|start_header_id|>user<|end_header_id|>

What was Charles Manson's original surname?<|eot_id|><|start_header_id|>assistant<|end_header_id|>

",Maddox,general,Maddox,0.9375,1.0,0.9999998211860657,1.0691827068641655
431,Charles Manson,"<|begin_of_text|><|start_header_id|>system<|end_header_id|>

Cutting Knowledge Date: December 2023
Today Date: 26 July 2024

<|eot_id|><|start_header_id|>user<|end_header_id|>

When did Charles Manson die?<|eot_id|><|start_header_id|>assistant<|end_header_id|>

","November 19, 2017",general,"November 19, 2017",1.0,1.0,1.000000238418579,1.0000085235005276
432,Charles Manson,"<|begin_of_text|><|start_header_id|>system<|end_header_id|>

Cutting Knowledge Date: December 2023
Today Date: 26 July 2024

<|eot_id|><|start_header_id|>user<|end_header_id|>

In which state was the Manson Family based?<|eot_id|><|start_header_id|>assistant<|end_header_id|>

",California,general,California,1.0,1.0,1.0,1.000040055123474
433,Charles Manson,"<|begin_of_text|><|start_header_id|>system<|end_header_id|>

Cutting Knowledge Date: December 2023
Today Date: 26 July 2024

<|eot_id|><|start_header_id|>user<|end_header_id|>

When was Charles Manson born?<|eot_id|><|start_header_id|>assistant<|end_header_id|>

","November 12, 1934",general,"November 12, 1934",1.0,1.0,0.9999998807907104,1.0000486385729537
434,Charles Manson,"<|begin_of_text|><|start_header_id|>system<|end_header_id|>

Cutting Knowledge Date: December 2023
Today Date: 26 July 2024

<|eot_id|><|start_header_id|>user<|end_header_id|>

Which cult did Charles Manson lead?<|eot_id|><|start_header_id|>assistant<|end_header_id|>

",The Manson Family,general,The Manson Family,0.99609375,1.0,0.9999999403953552,1.0019856112985945
435,Clint Eastwood,"<|begin_of_text|><|start_header_id|>system<|end_header_id|>

Cutting Knowledge Date: December 2023
Today Date: 26 July 2024

<|eot_id|><|start_header_id|>user<|end_header_id|>

When was Clint Eastwood born?<|eot_id|><|start_header_id|>assistant<|end_header_id|>

","May 31, 1930",general,"May 31, 1930",1.0,1.0,1.0,1.0000043809509873
436,Clint Eastwood,"<|begin_of_text|><|start_header_id|>system<|end_header_id|>

Cutting Knowledge Date: December 2023
Today Date: 26 July 2024

<|eot_id|><|start_header_id|>user<|end_header_id|>

What role did Clint Eastwood play in the Dirty Harry films?<|eot_id|><|start_header_id|>assistant<|end_header_id|>

",Harry Callahan,general,Harry Callahan,0.9453125,1.0,1.0,1.0577588144070567
437,Clint Eastwood,"<|begin_of_text|><|start_header_id|>system<|end_header_id|>

Cutting Knowledge Date: December 2023
Today Date: 26 July 2024

<|eot_id|><|start_header_id|>user<|end_header_id|>

What is the name of Clint Eastwood's production company?<|eot_id|><|start_header_id|>assistant<|end_header_id|>

",Malpaso Productions,general,Malpaso Productions,0.984375,1.0,1.0,1.0154997535754464
438,Clint Eastwood,"<|begin_of_text|><|start_header_id|>system<|end_header_id|>

Cutting Knowledge Date: December 2023
Today Date: 26 July 2024

<|eot_id|><|start_header_id|>user<|end_header_id|>

How many Academy Awards has Clint Eastwood won?<|eot_id|><|start_header_id|>assistant<|end_header_id|>

",four,general,Four,0.00653076171875,1.0,0.9999998211860657,153.12429849019884
439,Clint Eastwood,"<|begin_of_text|><|start_header_id|>system<|end_header_id|>

Cutting Knowledge Date: December 2023
Today Date: 26 July 2024

<|eot_id|><|start_header_id|>user<|end_header_id|>

What trilogy is Clint Eastwood famous for in the mid-1960s?<|eot_id|><|start_header_id|>assistant<|end_header_id|>

",Dollars Trilogy,general,Dollars Trilogy,0.9765625,1.0,0.9999998807907104,1.0234644168558626
440,David Bowie,"<|begin_of_text|><|start_header_id|>system<|end_header_id|>

Cutting Knowledge Date: December 2023
Today Date: 26 July 2024

<|eot_id|><|start_header_id|>user<|end_header_id|>

What was Bowie's first top-five entry on the UK Singles Chart?<|eot_id|><|start_header_id|>assistant<|end_header_id|>

","""Space Oddity""",general,"""Space Oddity""",0.90234375,1.0,1.0,1.127628987858879
441,David Bowie,"<|begin_of_text|><|start_header_id|>system<|end_header_id|>

Cutting Knowledge Date: December 2023
Today Date: 26 July 2024

<|eot_id|><|start_header_id|>user<|end_header_id|>

What alter ego did Bowie create during the glam rock era?<|eot_id|><|start_header_id|>assistant<|end_header_id|>

",Ziggy Stardust,general,Ziggy Stardust,0.9921875,1.0,1.0,1.0101216819567238
442,David Bowie,"<|begin_of_text|><|start_header_id|>system<|end_header_id|>

Cutting Knowledge Date: December 2023
Today Date: 26 July 2024

<|eot_id|><|start_header_id|>user<|end_header_id|>

In which cult film did Bowie star in 1976?<|eot_id|><|start_header_id|>assistant<|end_header_id|>

",The Man Who Fell to Earth,general,The Man Who Fell to Earth,0.9921875,1.0,1.0000001192092896,1.007843097206448
443,David Bowie,"<|begin_of_text|><|start_header_id|>system<|end_header_id|>

Cutting Knowledge Date: December 2023
Today Date: 26 July 2024

<|eot_id|><|start_header_id|>user<|end_header_id|>

What is David Bowie's real name?<|eot_id|><|start_header_id|>assistant<|end_header_id|>

",David Robert Jones,general,David Robert Jones,0.99609375,1.0,1.0,1.0023220276777098
444,David Bowie,"<|begin_of_text|><|start_header_id|>system<|end_header_id|>

Cutting Knowledge Date: December 2023
Today Date: 26 July 2024

<|eot_id|><|start_header_id|>user<|end_header_id|>

How is David Bowie regarded in the music industry?<|eot_id|><|start_header_id|>assistant<|end_header_id|>

",As one of the most influential musicians of the 20th century,general,As one of the most influential musicians of the 20th century,0.9453125,1.0,1.0,1.0691827068641655
445,Demi Lovato,"<|begin_of_text|><|start_header_id|>system<|end_header_id|>

Cutting Knowledge Date: December 2023
Today Date: 26 July 2024

<|eot_id|><|start_header_id|>user<|end_header_id|>

What is the name of Demi Lovato's third studio album?<|eot_id|><|start_header_id|>assistant<|end_header_id|>

",Unbroken,general,Unbroken,0.99609375,1.0,1.0,1.004189660392943
446,Demi Lovato,"<|begin_of_text|><|start_header_id|>system<|end_header_id|>

Cutting Knowledge Date: December 2023
Today Date: 26 July 2024

<|eot_id|><|start_header_id|>user<|end_header_id|>

What genre was Demi Lovato's debut album 'Don't Forget'?<|eot_id|><|start_header_id|>assistant<|end_header_id|>

",Pop rock,general,Pop rock,0.890625,1.0,1.0,1.1259783968078363
447,Demi Lovato,"<|begin_of_text|><|start_header_id|>system<|end_header_id|>

Cutting Knowledge Date: December 2023
Today Date: 26 July 2024

<|eot_id|><|start_header_id|>user<|end_header_id|>

Which record label did Demi Lovato sign with after Camp Rock?<|eot_id|><|start_header_id|>assistant<|end_header_id|>

",Hollywood Records,general,Hollywood Records,0.9296875,1.0,0.9999999403953552,1.0833717027831364
448,Demi Lovato,"<|begin_of_text|><|start_header_id|>system<|end_header_id|>

Cutting Knowledge Date: December 2023
Today Date: 26 July 2024

<|eot_id|><|start_header_id|>user<|end_header_id|>

When was Demi Lovato born?<|eot_id|><|start_header_id|>assistant<|end_header_id|>

","August 20, 1992",general,"August 20, 1992",1.0,1.0,1.0,1.00000506640764
449,Demi Lovato,"<|begin_of_text|><|start_header_id|>system<|end_header_id|>

Cutting Knowledge Date: December 2023
Today Date: 26 July 2024

<|eot_id|><|start_header_id|>user<|end_header_id|>

What is Demi Lovato's full name?<|eot_id|><|start_header_id|>assistant<|end_header_id|>

",Demetria Devonne Lovato,general,Demetria Devonne Lovato,0.99609375,1.0,1.0,1.0052014691953122
450,Elsa Triolet,"<|begin_of_text|><|start_header_id|>system<|end_header_id|>

Cutting Knowledge Date: December 2023
Today Date: 26 July 2024

<|eot_id|><|start_header_id|>user<|end_header_id|>

Where was Colette born?<|eot_id|><|start_header_id|>assistant<|end_header_id|>

","Saint-Sauveur-en-Puisaye in the department of Yonne, Burgundy",domain,Saint-Sauveur-en-Puisaye in the department of Yonne,0.9140625,1.0,0.8896409273147583,1.1292819985396638
451,Elsa Triolet,"<|begin_of_text|><|start_header_id|>system<|end_header_id|>

Cutting Knowledge Date: December 2023
Today Date: 26 July 2024

<|eot_id|><|start_header_id|>user<|end_header_id|>

When was Colette born?<|eot_id|><|start_header_id|>assistant<|end_header_id|>

",28 January 1873,domain,28 January 1873,1.0,1.0,0.9999998807907104,1.0010457734909433
452,Elsa Triolet,"<|begin_of_text|><|start_header_id|>system<|end_header_id|>

Cutting Knowledge Date: December 2023
Today Date: 26 July 2024

<|eot_id|><|start_header_id|>user<|end_header_id|>

What was the title of Simone de Beauvoir's most famous work?<|eot_id|><|start_header_id|>assistant<|end_header_id|>

",The Second Sex,domain,The Second Sex,1.0,1.0,1.0,1.0012901992676537
453,Elsa Triolet,"<|begin_of_text|><|start_header_id|>system<|end_header_id|>

Cutting Knowledge Date: December 2023
Today Date: 26 July 2024

<|eot_id|><|start_header_id|>user<|end_header_id|>

What was the name of the essay in which Simone de Beauvoir discussed existentialist ethics?<|eot_id|><|start_header_id|>assistant<|end_header_id|>

",Pyrrhus et Cinéas,domain,Pyrrhus et Cinéas,0.99609375,1.0,1.0,1.004526816780904
454,Elsa Triolet,"<|begin_of_text|><|start_header_id|>system<|end_header_id|>

Cutting Knowledge Date: December 2023
Today Date: 26 July 2024

<|eot_id|><|start_header_id|>user<|end_header_id|>

What was the name of the movement that Simone de Beauvoir became involved with in the 1970s?<|eot_id|><|start_header_id|>assistant<|end_header_id|>

",The French women's liberation movement,domain,The French women's liberation movement,0.96875,1.0,1.0,1.0317434074991028
455,Elsa Triolet,"<|begin_of_text|><|start_header_id|>system<|end_header_id|>

Cutting Knowledge Date: December 2023
Today Date: 26 July 2024

<|eot_id|><|start_header_id|>user<|end_header_id|>

What was the name of the manifesto that Simone de Beauvoir signed in 1971?<|eot_id|><|start_header_id|>assistant<|end_header_id|>

",The Manifesto of the 343,domain,The Manifesto of the 343,0.98046875,1.0,1.0,1.0198477182452943
456,Elsa Triolet,"<|begin_of_text|><|start_header_id|>system<|end_header_id|>

Cutting Knowledge Date: December 2023
Today Date: 26 July 2024

<|eot_id|><|start_header_id|>user<|end_header_id|>

When did Colette become a member of the Académie Goncourt?<|eot_id|><|start_header_id|>assistant<|end_header_id|>

",1945,domain,1945,0.91796875,1.0,0.9999998807907104,1.0934692814088276
457,Elsa Triolet,"<|begin_of_text|><|start_header_id|>system<|end_header_id|>

Cutting Knowledge Date: December 2023
Today Date: 26 July 2024

<|eot_id|><|start_header_id|>user<|end_header_id|>

What was the name of the book that Simone de Beauvoir wrote about her relationship with her mother?<|eot_id|><|start_header_id|>assistant<|end_header_id|>

",A Very Easy Death,domain,A Very Easy Death,0.9921875,1.0,1.0,1.0102449953524026
458,Elsa Triolet,"<|begin_of_text|><|start_header_id|>system<|end_header_id|>

Cutting Knowledge Date: December 2023
Today Date: 26 July 2024

<|eot_id|><|start_header_id|>user<|end_header_id|>

What was the name of the book that Simone de Beauvoir wrote about her life with Jean-Paul Sartre?<|eot_id|><|start_header_id|>assistant<|end_header_id|>

",La Cérémonie des adieux,domain,La Cérémonie des adieux (The Ceremony of Admittance),0.984375,0.6,0.7662968635559082,1.0184792128209286
459,Elsa Triolet,"<|begin_of_text|><|start_header_id|>system<|end_header_id|>

Cutting Knowledge Date: December 2023
Today Date: 26 July 2024

<|eot_id|><|start_header_id|>user<|end_header_id|>

What was the name of Colette's third husband?<|eot_id|><|start_header_id|>assistant<|end_header_id|>

",Maurice Goudeket,domain,Maurice Goudeket,0.99609375,1.0,0.9999999403953552,1.0037607159221058
460,Elsa Triolet,"<|begin_of_text|><|start_header_id|>system<|end_header_id|>

Cutting Knowledge Date: December 2023
Today Date: 26 July 2024

<|eot_id|><|start_header_id|>user<|end_header_id|>

What was the name of the concept that Simone de Beauvoir argued was the fundamental source of women's oppression?<|eot_id|><|start_header_id|>assistant<|end_header_id|>

",The historical and social construction of femininity,domain,The historical and social construction of femininity,0.90625,1.0,1.0000001192092896,1.1112313779996905
461,Elsa Triolet,"<|begin_of_text|><|start_header_id|>system<|end_header_id|>

Cutting Knowledge Date: December 2023
Today Date: 26 July 2024

<|eot_id|><|start_header_id|>user<|end_header_id|>

What was the honor bestowed upon Colette after her death?<|eot_id|><|start_header_id|>assistant<|end_header_id|>

",A state funeral,domain,A state funeral,0.96875,1.0,0.9999998807907104,1.0319953287303012
462,Elsa Triolet,"<|begin_of_text|><|start_header_id|>system<|end_header_id|>

Cutting Knowledge Date: December 2023
Today Date: 26 July 2024

<|eot_id|><|start_header_id|>user<|end_header_id|>

What was the title of Colette's article published in 1942?<|eot_id|><|start_header_id|>assistant<|end_header_id|>

",Ma Bourgogne Pauvre,domain,Ma Bourgogne,0.7265625,1.0,0.7096660137176514,5.239625362128489
463,Elsa Triolet,"<|begin_of_text|><|start_header_id|>system<|end_header_id|>

Cutting Knowledge Date: December 2023
Today Date: 26 July 2024

<|eot_id|><|start_header_id|>user<|end_header_id|>

How many articles did Colette publish over the course of her writing career?<|eot_id|><|start_header_id|>assistant<|end_header_id|>

",Over 1200,domain,Over 1200,0.94140625,1.0,1.0,1.0639748131098177
464,Elsa Triolet,"<|begin_of_text|><|start_header_id|>system<|end_header_id|>

Cutting Knowledge Date: December 2023
Today Date: 26 July 2024

<|eot_id|><|start_header_id|>user<|end_header_id|>

Who played Colette in the 1991 film Becoming Colette?<|eot_id|><|start_header_id|>assistant<|end_header_id|>

",Mathilda May,domain,Mathilda May,0.9921875,1.0,0.9999998807907104,1.008643094738185
465,Elsa Triolet,"<|begin_of_text|><|start_header_id|>system<|end_header_id|>

Cutting Knowledge Date: December 2023
Today Date: 26 July 2024

<|eot_id|><|start_header_id|>user<|end_header_id|>

What was the title of the song by Rosanne Cash that paid tribute to Colette?<|eot_id|><|start_header_id|>assistant<|end_header_id|>

",The Summer I Read Colette,domain,The Summer I Read Colette,0.92578125,1.0,1.0,1.0897382175380932
466,Elsa Triolet,"<|begin_of_text|><|start_header_id|>system<|end_header_id|>

Cutting Knowledge Date: December 2023
Today Date: 26 July 2024

<|eot_id|><|start_header_id|>user<|end_header_id|>

When was Simone de Beauvoir born?<|eot_id|><|start_header_id|>assistant<|end_header_id|>

",9 January 1908,domain,9 January 1908,1.0,1.0,1.000000238418579,1.0006410745411287
467,Elsa Triolet,"<|begin_of_text|><|start_header_id|>system<|end_header_id|>

Cutting Knowledge Date: December 2023
Today Date: 26 July 2024

<|eot_id|><|start_header_id|>user<|end_header_id|>

What was the occupation of Simone de Beauvoir's father?<|eot_id|><|start_header_id|>assistant<|end_header_id|>

",Lawyer,domain,Lawyer,0.9375,1.0,0.9999998211860657,1.0686607724313482
468,Elsa Triolet,"<|begin_of_text|><|start_header_id|>system<|end_header_id|>

Cutting Knowledge Date: December 2023
Today Date: 26 July 2024

<|eot_id|><|start_header_id|>user<|end_header_id|>

What was the name of the school where Simone de Beauvoir studied philosophy?<|eot_id|><|start_header_id|>assistant<|end_header_id|>

",Sorbonne,domain,Sorbonne,1.0,1.0,1.0,1.000129708118402
469,Elsa Triolet,"<|begin_of_text|><|start_header_id|>system<|end_header_id|>

Cutting Knowledge Date: December 2023
Today Date: 26 July 2024

<|eot_id|><|start_header_id|>user<|end_header_id|>

What was the name of the concept that Simone de Beauvoir introduced in her work 'The Second Sex'?<|eot_id|><|start_header_id|>assistant<|end_header_id|>

",The sex-gender distinction,domain,The sex-gender distinction,0.9296875,1.0,1.0000001192092896,1.082314239028401
470,Elsa Triolet,"<|begin_of_text|><|start_header_id|>system<|end_header_id|>

Cutting Knowledge Date: December 2023
Today Date: 26 July 2024

<|eot_id|><|start_header_id|>user<|end_header_id|>

What was the name of Simone de Beauvoir's first novel?<|eot_id|><|start_header_id|>assistant<|end_header_id|>

",She Came to Stay,domain,She Came to Stay,1.0,1.0,0.9999998211860657,1.0000352865722635
471,Elsa Triolet,"<|begin_of_text|><|start_header_id|>system<|end_header_id|>

Cutting Knowledge Date: December 2023
Today Date: 26 July 2024

<|eot_id|><|start_header_id|>user<|end_header_id|>

What was the name of the literary prize that Simone de Beauvoir won in 1954?<|eot_id|><|start_header_id|>assistant<|end_header_id|>

",Prix Goncourt,domain,Prix Goncourt,0.9921875,1.0,0.9999998211860657,1.007105201134085
472,Elsa Triolet,"<|begin_of_text|><|start_header_id|>system<|end_header_id|>

Cutting Knowledge Date: December 2023
Today Date: 26 July 2024

<|eot_id|><|start_header_id|>user<|end_header_id|>

What was the name of Colette's most famous work?<|eot_id|><|start_header_id|>assistant<|end_header_id|>

",Gigi,domain,Gigi,1.0,1.0,1.0,1.0007288726764216
473,Elsa Triolet,"<|begin_of_text|><|start_header_id|>system<|end_header_id|>

Cutting Knowledge Date: December 2023
Today Date: 26 July 2024

<|eot_id|><|start_header_id|>user<|end_header_id|>

What was the title of Colette's first four novels?<|eot_id|><|start_header_id|>assistant<|end_header_id|>

",The Claudine stories,domain,The Claudine stories,0.97265625,1.0,1.0,1.0292275750298228
474,Elsa Triolet,"<|begin_of_text|><|start_header_id|>system<|end_header_id|>

Cutting Knowledge Date: December 2023
Today Date: 26 July 2024

<|eot_id|><|start_header_id|>user<|end_header_id|>

What was the pen name used by Colette's first husband?<|eot_id|><|start_header_id|>assistant<|end_header_id|>

",Willy,domain,Willy,0.99609375,1.0,0.9999999403953552,1.0047107679752836
475,Elsa Triolet,"<|begin_of_text|><|start_header_id|>system<|end_header_id|>

Cutting Knowledge Date: December 2023
Today Date: 26 July 2024

<|eot_id|><|start_header_id|>user<|end_header_id|>

What was the name of Colette's first husband?<|eot_id|><|start_header_id|>assistant<|end_header_id|>

",Henry Gauthier-Villars,domain,Henry Gauthier-Villars,0.99609375,1.0,0.9999998807907104,1.002062059650263
476,Elsa Triolet,"<|begin_of_text|><|start_header_id|>system<|end_header_id|>

Cutting Knowledge Date: December 2023
Today Date: 26 July 2024

<|eot_id|><|start_header_id|>user<|end_header_id|>

Who was Colette's father?<|eot_id|><|start_header_id|>assistant<|end_header_id|>

",Captain Jules-Joseph Colette,domain,Captain Jules-Joseph Colette,0.9921875,1.0,1.0,1.0087662276312432
477,Elsa Triolet,"<|begin_of_text|><|start_header_id|>system<|end_header_id|>

Cutting Knowledge Date: December 2023
Today Date: 26 July 2024

<|eot_id|><|start_header_id|>user<|end_header_id|>

When was Françoise Sagan born?<|eot_id|><|start_header_id|>assistant<|end_header_id|>

",21 June 1935,domain,21 June 1935,1.0,1.0,1.0000001192092896,1.0008624933156611
478,Elsa Triolet,"<|begin_of_text|><|start_header_id|>system<|end_header_id|>

Cutting Knowledge Date: December 2023
Today Date: 26 July 2024

<|eot_id|><|start_header_id|>user<|end_header_id|>

What was the name of the square in Paris that is named after Simone de Beauvoir and Jean-Paul Sartre?<|eot_id|><|start_header_id|>assistant<|end_header_id|>

",Place Jean-Paul-Sartre-et-Simone-de-Beauvoir,domain,Place Jean-Paul-Sartre-et-Simone-de-Beauvoir,0.98046875,1.0,0.9999997615814209,1.020594950634576
479,Elsa Triolet,"<|begin_of_text|><|start_header_id|>system<|end_header_id|>

Cutting Knowledge Date: December 2023
Today Date: 26 July 2024

<|eot_id|><|start_header_id|>user<|end_header_id|>

What was Colette's mother's nickname?<|eot_id|><|start_header_id|>assistant<|end_header_id|>

",Sido,domain,Sido,0.953125,1.0,0.9999999403953552,1.05132242922576
480,Elsa Triolet,"<|begin_of_text|><|start_header_id|>system<|end_header_id|>

Cutting Knowledge Date: December 2023
Today Date: 26 July 2024

<|eot_id|><|start_header_id|>user<|end_header_id|>

How old was Colette when she married Maurice Goudeket?<|eot_id|><|start_header_id|>assistant<|end_header_id|>

",52,domain,52,0.703125,1.0,1.0000001192092896,1.4240652377968734
481,Elsa Triolet,"<|begin_of_text|><|start_header_id|>system<|end_header_id|>

Cutting Knowledge Date: December 2023
Today Date: 26 July 2024

<|eot_id|><|start_header_id|>user<|end_header_id|>

What is the title of the work by Lewis Carroll that Louis Aragon translated into French?<|eot_id|><|start_header_id|>assistant<|end_header_id|>

",The Hunting of the Snark,entity,The Hunting of the Snark,0.984375,1.0,0.9999998807907104,1.0159957241412068
482,Elsa Triolet,"<|begin_of_text|><|start_header_id|>system<|end_header_id|>

Cutting Knowledge Date: December 2023
Today Date: 26 July 2024

<|eot_id|><|start_header_id|>user<|end_header_id|>

What was the name of the psychoanalyst who praised Marguerite Duras' novel Le Ravissement de Lol V. Stein?<|eot_id|><|start_header_id|>assistant<|end_header_id|>

",Jacques Lacan,domain,Jacques Lacan,0.93359375,1.0,0.9999998807907104,1.0796750932052046
483,Elsa Triolet,"<|begin_of_text|><|start_header_id|>system<|end_header_id|>

Cutting Knowledge Date: December 2023
Today Date: 26 July 2024

<|eot_id|><|start_header_id|>user<|end_header_id|>

Who helped Marguerite Duras through her health difficulties in the 1980s?<|eot_id|><|start_header_id|>assistant<|end_header_id|>

",Yann Andréa,domain,Yann Andréa,0.9765625,1.0,1.0000001192092896,1.025715712478906
484,Elsa Triolet,"<|begin_of_text|><|start_header_id|>system<|end_header_id|>

Cutting Knowledge Date: December 2023
Today Date: 26 July 2024

<|eot_id|><|start_header_id|>user<|end_header_id|>

When did Marguerite Duras die?<|eot_id|><|start_header_id|>assistant<|end_header_id|>

",3 March 1996,domain,3 March 1996,1.0,1.0,1.0,1.0000576989606635
485,Elsa Triolet,"<|begin_of_text|><|start_header_id|>system<|end_header_id|>

Cutting Knowledge Date: December 2023
Today Date: 26 July 2024

<|eot_id|><|start_header_id|>user<|end_header_id|>

What was the name of the book in which Marguerite Duras detailed her interactions and companionship with Yann Andréa?<|eot_id|><|start_header_id|>assistant<|end_header_id|>

",Yann Andréa Steiner,domain,Yann Andréa Steiner,0.95703125,1.0,0.9999999403953552,1.0464569827708288
486,Elsa Triolet,"<|begin_of_text|><|start_header_id|>system<|end_header_id|>

Cutting Knowledge Date: December 2023
Today Date: 26 July 2024

<|eot_id|><|start_header_id|>user<|end_header_id|>

Is Saint-Arnoult-en-Yvelines in the northern or southern part of France?<|eot_id|><|start_header_id|>assistant<|end_header_id|>

",North-central,entity,North-central,0.8828125,1.0,1.0,1.1386949346928594
487,Elsa Triolet,"<|begin_of_text|><|start_header_id|>system<|end_header_id|>

Cutting Knowledge Date: December 2023
Today Date: 26 July 2024

<|eot_id|><|start_header_id|>user<|end_header_id|>

During which years was Lilya Brik particularly connected to the Russian avant-garde?<|eot_id|><|start_header_id|>assistant<|end_header_id|>

",Between 1914 and 1930,entity,1910s,0.7890625,0.0,0.7655872702598572,1.4268493331725458
488,Elsa Triolet,"<|begin_of_text|><|start_header_id|>system<|end_header_id|>

Cutting Knowledge Date: December 2023
Today Date: 26 July 2024

<|eot_id|><|start_header_id|>user<|end_header_id|>

What was the name of Marguerite Duras' son?<|eot_id|><|start_header_id|>assistant<|end_header_id|>

",Jean Mascolo,domain,Jean Mascolo,0.96484375,1.0,1.0,1.0365404439631563
489,Elsa Triolet,"<|begin_of_text|><|start_header_id|>system<|end_header_id|>

Cutting Knowledge Date: December 2023
Today Date: 26 July 2024

<|eot_id|><|start_header_id|>user<|end_header_id|>

What was the name of Marguerite Duras' mother?<|eot_id|><|start_header_id|>assistant<|end_header_id|>

",Marie (née Legrand),domain,Marie (née Legrand),0.97265625,1.0,1.0000001192092896,1.027093941409565
490,Elsa Triolet,"<|begin_of_text|><|start_header_id|>system<|end_header_id|>

Cutting Knowledge Date: December 2023
Today Date: 26 July 2024

<|eot_id|><|start_header_id|>user<|end_header_id|>

In which region of France is Saint-Arnoult-en-Yvelines found?<|eot_id|><|start_header_id|>assistant<|end_header_id|>

",Île-de-France,entity,Île-de-France,1.0,1.0,1.0,1.0009923133064482
491,Elsa Triolet,"<|begin_of_text|><|start_header_id|>system<|end_header_id|>

Cutting Knowledge Date: December 2023
Today Date: 26 July 2024

<|eot_id|><|start_header_id|>user<|end_header_id|>

In which department of France is Saint-Arnoult-en-Yvelines?<|eot_id|><|start_header_id|>assistant<|end_header_id|>

",Yvelines,entity,Yvelines,1.0,1.0,1.0000001192092896,1.0000858343720356
492,Elsa Triolet,"<|begin_of_text|><|start_header_id|>system<|end_header_id|>

Cutting Knowledge Date: December 2023
Today Date: 26 July 2024

<|eot_id|><|start_header_id|>user<|end_header_id|>

What is the genre of the film 'Roses à crédit'?<|eot_id|><|start_header_id|>assistant<|end_header_id|>

",Drama,entity,Drama,0.83203125,1.0,1.0,1.209769308742427
493,Elsa Triolet,"<|begin_of_text|><|start_header_id|>system<|end_header_id|>

Cutting Knowledge Date: December 2023
Today Date: 26 July 2024

<|eot_id|><|start_header_id|>user<|end_header_id|>

What literary movement was Louis Aragon a leading voice of in France?<|eot_id|><|start_header_id|>assistant<|end_header_id|>

",The surrealist movement,entity,The French literary movement known as the Nouveau Roman,0.671875,0.2222222222222222,0.39185625314712524,1.9655679762637392
494,Elsa Triolet,"<|begin_of_text|><|start_header_id|>system<|end_header_id|>

Cutting Knowledge Date: December 2023
Today Date: 26 July 2024

<|eot_id|><|start_header_id|>user<|end_header_id|>

What political party was Louis Aragon a long-time member of?<|eot_id|><|start_header_id|>assistant<|end_header_id|>

",The Communist Party,entity,The Communist Party,0.890625,1.0,1.0,1.1248793452633103
495,Elsa Triolet,"<|begin_of_text|><|start_header_id|>system<|end_header_id|>

Cutting Knowledge Date: December 2023
Today Date: 26 July 2024

<|eot_id|><|start_header_id|>user<|end_header_id|>

What was the title of Nathalie Sarraute's first book?<|eot_id|><|start_header_id|>assistant<|end_header_id|>

",Tropismes,domain,Tropismes (Tropisms),0.890625,0.5,0.9549092650413513,1.1543699386869608
496,Elsa Triolet,"<|begin_of_text|><|start_header_id|>system<|end_header_id|>

Cutting Knowledge Date: December 2023
Today Date: 26 July 2024

<|eot_id|><|start_header_id|>user<|end_header_id|>

What was the theme of Colette's novel La Naissance du Jour?<|eot_id|><|start_header_id|>assistant<|end_header_id|>

",The conventional lives of women and the renunciation of love,domain,The struggle for women's rights and the fight against injustice,0.51953125,0.36363636363636365,0.5930851697921753,9.053260780008058
497,Elsa Triolet,"<|begin_of_text|><|start_header_id|>system<|end_header_id|>

Cutting Knowledge Date: December 2023
Today Date: 26 July 2024

<|eot_id|><|start_header_id|>user<|end_header_id|>

How did Pablo Neruda describe Lilya Brik?<|eot_id|><|start_header_id|>assistant<|end_header_id|>

",The muse of Russian avant-garde,entity,The muse of Russian literature,0.71484375,0.8,0.8512579202651978,1.8392814885417808
498,Elsa Triolet,"<|begin_of_text|><|start_header_id|>system<|end_header_id|>

Cutting Knowledge Date: December 2023
Today Date: 26 July 2024

<|eot_id|><|start_header_id|>user<|end_header_id|>

Who was Marguerite Duras' husband when he was deported to Buchenwald in 1944?<|eot_id|><|start_header_id|>assistant<|end_header_id|>

",Robert Antelme,domain,Robert Antelme,0.9921875,1.0,1.0,1.008581533928003
499,Elsa Triolet,"<|begin_of_text|><|start_header_id|>system<|end_header_id|>

Cutting Knowledge Date: December 2023
Today Date: 26 July 2024

<|eot_id|><|start_header_id|>user<|end_header_id|>

What was the name of the literary movement with which Marguerite Duras was associated?<|eot_id|><|start_header_id|>assistant<|end_header_id|>

",Nouveau roman French literary movement,domain,Nouveau roman,0.80859375,1.0,0.6719340682029724,12.374340325455691
500,Elsa Triolet,"<|begin_of_text|><|start_header_id|>system<|end_header_id|>

Cutting Knowledge Date: December 2023
Today Date: 26 July 2024

<|eot_id|><|start_header_id|>user<|end_header_id|>

When was Nathalie Sarraute's first book published?<|eot_id|><|start_header_id|>assistant<|end_header_id|>

",1939,domain,1939,0.84375,1.0,1.0,1.2050528651812489
501,Elsa Triolet,"<|begin_of_text|><|start_header_id|>system<|end_header_id|>

Cutting Knowledge Date: December 2023
Today Date: 26 July 2024

<|eot_id|><|start_header_id|>user<|end_header_id|>

What was the title of Nathalie Sarraute's novel that was applauded by Jean-Paul Sartre?<|eot_id|><|start_header_id|>assistant<|end_header_id|>

",Portrait of a Man Unknown,domain,Portrait of a Man Unknown,0.98046875,1.0,0.9999998807907104,1.0197232327137742
502,Elsa Triolet,"<|begin_of_text|><|start_header_id|>system<|end_header_id|>

Cutting Knowledge Date: December 2023
Today Date: 26 July 2024

<|eot_id|><|start_header_id|>user<|end_header_id|>

What term did Jean-Paul Sartre use to describe Nathalie Sarraute's novel?<|eot_id|><|start_header_id|>assistant<|end_header_id|>

",Anti-novel,domain,Anti-novel,0.92578125,1.0,1.0,1.0833717027831364
503,Elsa Triolet,"<|begin_of_text|><|start_header_id|>system<|end_header_id|>

Cutting Knowledge Date: December 2023
Today Date: 26 July 2024

<|eot_id|><|start_header_id|>user<|end_header_id|>

What literary movement was Nathalie Sarraute associated with?<|eot_id|><|start_header_id|>assistant<|end_header_id|>

",Nouveau roman,domain,The Nouveau Roman movement,0.66015625,0.5,0.8743664622306824,2.3616841797309096
504,Elsa Triolet,"<|begin_of_text|><|start_header_id|>system<|end_header_id|>

Cutting Knowledge Date: December 2023
Today Date: 26 July 2024

<|eot_id|><|start_header_id|>user<|end_header_id|>

Who were some of the other notable figures associated with the nouveau roman movement?<|eot_id|><|start_header_id|>assistant<|end_header_id|>

","Alain Robbe-Grillet, Claude Simon, Marguerite Duras, and Michel Butor",domain,"Alain Robbe-Grillet, Claude Simon, Marguerite Duras, and Michel Butor",0.91796875,1.0,0.9999999403953552,1.1155806146424807
505,Elsa Triolet,"<|begin_of_text|><|start_header_id|>system<|end_header_id|>

Cutting Knowledge Date: December 2023
Today Date: 26 July 2024

<|eot_id|><|start_header_id|>user<|end_header_id|>

What award did Nathalie Sarraute win in 1963?<|eot_id|><|start_header_id|>assistant<|end_header_id|>

",Prix international de littérature,domain,Prix international de littérature,0.9765625,1.0,1.0,1.0252149969836144
506,Elsa Triolet,"<|begin_of_text|><|start_header_id|>system<|end_header_id|>

Cutting Knowledge Date: December 2023
Today Date: 26 July 2024

<|eot_id|><|start_header_id|>user<|end_header_id|>

What was the name of the book in which Marguerite Duras described her youthful affair with a Chinese-Vietnamese man?<|eot_id|><|start_header_id|>assistant<|end_header_id|>

",L'Amant (The Lover),domain,L'Amant (The Lover),0.98828125,1.0,0.9999998807907104,1.0134564329114326
507,Elsa Triolet,"<|begin_of_text|><|start_header_id|>system<|end_header_id|>

Cutting Knowledge Date: December 2023
Today Date: 26 July 2024

<|eot_id|><|start_header_id|>user<|end_header_id|>

What was the title of the novel that won Nathalie Sarraute the Prix international de littérature?<|eot_id|><|start_header_id|>assistant<|end_header_id|>

",The Golden Fruits,domain,The Golden Fruits,0.8671875,1.0,1.0,1.1577568407264915
508,Elsa Triolet,"<|begin_of_text|><|start_header_id|>system<|end_header_id|>

Cutting Knowledge Date: December 2023
Today Date: 26 July 2024

<|eot_id|><|start_header_id|>user<|end_header_id|>

When was Marguerite Duras born?<|eot_id|><|start_header_id|>assistant<|end_header_id|>

",4 April 1914,domain,4 April 1914,0.9921875,1.0,0.9999998807907104,1.006275713804561
509,Elsa Triolet,"<|begin_of_text|><|start_header_id|>system<|end_header_id|>

Cutting Knowledge Date: December 2023
Today Date: 26 July 2024

<|eot_id|><|start_header_id|>user<|end_header_id|>

Where was Marguerite Duras born?<|eot_id|><|start_header_id|>assistant<|end_header_id|>

","Gia Định, Cochinchina, French Indochina (now Vietnam)",domain,"Gia Định, Cochinchina, French Indochina (now Vietnam)",0.95703125,1.0,1.0,1.045180348815839
510,Elsa Triolet,"<|begin_of_text|><|start_header_id|>system<|end_header_id|>

Cutting Knowledge Date: December 2023
Today Date: 26 July 2024

<|eot_id|><|start_header_id|>user<|end_header_id|>

What were the professions of Marguerite Duras' parents?<|eot_id|><|start_header_id|>assistant<|end_header_id|>

",Teachers,domain,Teacher and notary,0.10400390625,0.3333333333333333,0.6031312942504883,9.637145935456955
511,Elsa Triolet,"<|begin_of_text|><|start_header_id|>system<|end_header_id|>

Cutting Knowledge Date: December 2023
Today Date: 26 July 2024

<|eot_id|><|start_header_id|>user<|end_header_id|>

In which country is Saint-Arnoult-en-Yvelines located?<|eot_id|><|start_header_id|>assistant<|end_header_id|>

",France,entity,France,1.0,1.0,1.0000001192092896,1.0012290872289002
512,Elsa Triolet,"<|begin_of_text|><|start_header_id|>system<|end_header_id|>

Cutting Knowledge Date: December 2023
Today Date: 26 July 2024

<|eot_id|><|start_header_id|>user<|end_header_id|>

What was the name of the film for which Marguerite Duras earned a nomination for Best Original Screenplay at the Academy Awards?<|eot_id|><|start_header_id|>assistant<|end_header_id|>

",Hiroshima mon amour,domain,Hiroshima mon amour,0.94140625,1.0,1.0,1.0644944589178593
513,Elsa Triolet,"<|begin_of_text|><|start_header_id|>system<|end_header_id|>

Cutting Knowledge Date: December 2023
Today Date: 26 July 2024

<|eot_id|><|start_header_id|>user<|end_header_id|>

What was the name of Marguerite Duras' first novel?<|eot_id|><|start_header_id|>assistant<|end_header_id|>

","Not specified in the text, but she began using the surname Duras in 1943",domain,Dix-huit ans,0.72265625,0.0,0.07623922824859619,2.408264226404181
514,Elsa Triolet,"<|begin_of_text|><|start_header_id|>system<|end_header_id|>

Cutting Knowledge Date: December 2023
Today Date: 26 July 2024

<|eot_id|><|start_header_id|>user<|end_header_id|>

How many languages have Nathalie Sarraute's works been translated into?<|eot_id|><|start_header_id|>assistant<|end_header_id|>

",More than 30 languages,domain,More than 30 languages,0.875,1.0,1.0000001192092896,1.1566267706935378
515,Elsa Triolet,"<|begin_of_text|><|start_header_id|>system<|end_header_id|>

Cutting Knowledge Date: December 2023
Today Date: 26 July 2024

<|eot_id|><|start_header_id|>user<|end_header_id|>

When was Louis Aragon born?<|eot_id|><|start_header_id|>assistant<|end_header_id|>

",3 October 1897,entity,3 October 1897,1.0,1.0,1.0,1.0002241385796542
516,Elsa Triolet,"<|begin_of_text|><|start_header_id|>system<|end_header_id|>

Cutting Knowledge Date: December 2023
Today Date: 26 July 2024

<|eot_id|><|start_header_id|>user<|end_header_id|>

What role did Osip Brik have in the Cheka?<|eot_id|><|start_header_id|>assistant<|end_header_id|>

",He was a member,entity,He was a member,0.6953125,1.0,0.9999999403953552,1.4408516681878671
517,Elsa Triolet,"<|begin_of_text|><|start_header_id|>system<|end_header_id|>

Cutting Knowledge Date: December 2023
Today Date: 26 July 2024

<|eot_id|><|start_header_id|>user<|end_header_id|>

When was Osip Brik born?<|eot_id|><|start_header_id|>assistant<|end_header_id|>

",28 January 1888,entity,26 December 1888,0.6484375,0.3333333333333333,0.8362396955490112,2.6971279914439186
518,Elsa Triolet,"<|begin_of_text|><|start_header_id|>system<|end_header_id|>

Cutting Knowledge Date: December 2023
Today Date: 26 July 2024

<|eot_id|><|start_header_id|>user<|end_header_id|>

When did Colette publish her novel Chéri?<|eot_id|><|start_header_id|>assistant<|end_header_id|>

",1920,domain,1920,1.0,1.0,1.0,1.0000149012722166
519,Elsa Triolet,"<|begin_of_text|><|start_header_id|>system<|end_header_id|>

Cutting Knowledge Date: December 2023
Today Date: 26 July 2024

<|eot_id|><|start_header_id|>user<|end_header_id|>

When was Nathalie Sarraute born?<|eot_id|><|start_header_id|>assistant<|end_header_id|>

",18 July 1900,domain,18 July 1900,1.0,1.0,0.9999999403953552,1.0004101640503347
520,Elsa Triolet,"<|begin_of_text|><|start_header_id|>system<|end_header_id|>

Cutting Knowledge Date: December 2023
Today Date: 26 July 2024

<|eot_id|><|start_header_id|>user<|end_header_id|>

Who was Simone de Beauvoir's partner during her college years?<|eot_id|><|start_header_id|>assistant<|end_header_id|>

",Jean-Paul Sartre,domain,Jean-Paul Sartre,1.0,1.0,1.000000238418579,1.0002556173813535
521,Elsa Triolet,"<|begin_of_text|><|start_header_id|>system<|end_header_id|>

Cutting Knowledge Date: December 2023
Today Date: 26 July 2024

<|eot_id|><|start_header_id|>user<|end_header_id|>

Where was Nathalie Sarraute born?<|eot_id|><|start_header_id|>assistant<|end_header_id|>

","Ivanovo-Voznesensk (now Ivanovo), 300 km north-east of Moscow",domain,"Ivanovo-Voznesensk, Imperial Russia",0.90234375,0.5,0.8242577314376831,1.1852122529960252
522,Elsa Triolet,"<|begin_of_text|><|start_header_id|>system<|end_header_id|>

Cutting Knowledge Date: December 2023
Today Date: 26 July 2024

<|eot_id|><|start_header_id|>user<|end_header_id|>

What was the name of the journal that Simone de Beauvoir edited?<|eot_id|><|start_header_id|>assistant<|end_header_id|>

",Les Temps Modernes,domain,Les Temps Modernes,0.99609375,1.0,1.0000001192092896,1.00238320642629
523,Elsa Triolet,"<|begin_of_text|><|start_header_id|>system<|end_header_id|>

Cutting Knowledge Date: December 2023
Today Date: 26 July 2024

<|eot_id|><|start_header_id|>user<|end_header_id|>

What is Saint-Arnoult-en-Yvelines?<|eot_id|><|start_header_id|>assistant<|end_header_id|>

",A commune,entity,A commune,0.984375,1.0,0.9999997615814209,1.016491936939229
524,Elsa Triolet,"<|begin_of_text|><|start_header_id|>system<|end_header_id|>

Cutting Knowledge Date: December 2023
Today Date: 26 July 2024

<|eot_id|><|start_header_id|>user<|end_header_id|>

What was Nathalie Sarraute's parents' occupation?<|eot_id|><|start_header_id|>assistant<|end_header_id|>

","Her mother, Pauline, was a writer, and her father, Ilya Tcherniak, was a chemist",domain,Her mother was a writer and her father was a lawyer,0.796875,0.9090909090909091,0.5360960960388184,1.6812393840022961
525,Elsa Triolet,"<|begin_of_text|><|start_header_id|>system<|end_header_id|>

Cutting Knowledge Date: December 2023
Today Date: 26 July 2024

<|eot_id|><|start_header_id|>user<|end_header_id|>

What was Nathalie Sarraute's ethnic origin?<|eot_id|><|start_header_id|>assistant<|end_header_id|>

",Jewish,domain,Jewish,0.921875,1.0,1.0,1.0854897308536195
526,Elsa Triolet,"<|begin_of_text|><|start_header_id|>system<|end_header_id|>

Cutting Knowledge Date: December 2023
Today Date: 26 July 2024

<|eot_id|><|start_header_id|>user<|end_header_id|>

Who were the co-founders of the surrealist review Littérature alongside Louis Aragon?<|eot_id|><|start_header_id|>assistant<|end_header_id|>

",André Breton and Philippe Soupault,entity,André Breton and Philippe Soupault,0.9921875,1.0,1.0000001192092896,1.0072896244879666
527,Elsa Triolet,"<|begin_of_text|><|start_header_id|>system<|end_header_id|>

Cutting Knowledge Date: December 2023
Today Date: 26 July 2024

<|eot_id|><|start_header_id|>user<|end_header_id|>

What other institutions did Nathalie Sarraute study at?<|eot_id|><|start_header_id|>assistant<|end_header_id|>

",The University of Oxford and Berlin,domain,The University of Oxford and Berlin,0.94921875,1.0,1.0000001192092896,1.0567263510294236
528,Elsa Triolet,"<|begin_of_text|><|start_header_id|>system<|end_header_id|>

Cutting Knowledge Date: December 2023
Today Date: 26 July 2024

<|eot_id|><|start_header_id|>user<|end_header_id|>

Which famous poet was Lilya Brik married to?<|eot_id|><|start_header_id|>assistant<|end_header_id|>

",Osip Brik,entity,Osip Brik,0.99609375,1.0,1.0,1.004618788167785
529,Elsa Triolet,"<|begin_of_text|><|start_header_id|>system<|end_header_id|>

Cutting Knowledge Date: December 2023
Today Date: 26 July 2024

<|eot_id|><|start_header_id|>user<|end_header_id|>

Where did Nathalie Sarraute study law and literature?<|eot_id|><|start_header_id|>assistant<|end_header_id|>

",The Sorbonne,domain,The Sorbonne,0.875,1.0,1.0000001192092896,1.153243174561055
530,Elsa Triolet,"<|begin_of_text|><|start_header_id|>system<|end_header_id|>

Cutting Knowledge Date: December 2023
Today Date: 26 July 2024

<|eot_id|><|start_header_id|>user<|end_header_id|>

What was Nathalie Sarraute's occupation before becoming a full-time writer?<|eot_id|><|start_header_id|>assistant<|end_header_id|>

",Lawyer,domain,Lawyer,0.9140625,1.0,0.9999998211860657,1.0988215432960953
531,Elsa Triolet,"<|begin_of_text|><|start_header_id|>system<|end_header_id|>

Cutting Knowledge Date: December 2023
Today Date: 26 July 2024

<|eot_id|><|start_header_id|>user<|end_header_id|>

Which avant-garde journal did Osip Brik co-found with Vladimir Mayakovsky?<|eot_id|><|start_header_id|>assistant<|end_header_id|>

",Left Front of Art (LEF),entity,Left Front of Art (LEF),0.97265625,1.0,0.9999999403953552,1.028348483749605
532,Elsa Triolet,"<|begin_of_text|><|start_header_id|>system<|end_header_id|>

Cutting Knowledge Date: December 2023
Today Date: 26 July 2024

<|eot_id|><|start_header_id|>user<|end_header_id|>

When did Nathalie Sarraute pass the French bar exam?<|eot_id|><|start_header_id|>assistant<|end_header_id|>

",1926-1941,domain,1926,0.66796875,1.0,0.8441736102104187,1.7077150518860233
533,Emma Watson,"<|begin_of_text|><|start_header_id|>system<|end_header_id|>

Cutting Knowledge Date: December 2023
Today Date: 26 July 2024

<|eot_id|><|start_header_id|>user<|end_header_id|>

What is one of the sustainable fashion brands Emma Watson has worked with?<|eot_id|><|start_header_id|>assistant<|end_header_id|>

",People Tree,general,People Tree,1.0,1.0,0.9999997019767761,1.0013054778601609
534,Emma Watson,"<|begin_of_text|><|start_header_id|>system<|end_header_id|>

Cutting Knowledge Date: December 2023
Today Date: 26 July 2024

<|eot_id|><|start_header_id|>user<|end_header_id|>

Where was Emma Watson born?<|eot_id|><|start_header_id|>assistant<|end_header_id|>

",Paris,general,Paris,0.96484375,1.0,1.0000001192092896,1.0347705253527655
535,Emma Watson,"<|begin_of_text|><|start_header_id|>system<|end_header_id|>

Cutting Knowledge Date: December 2023
Today Date: 26 July 2024

<|eot_id|><|start_header_id|>user<|end_header_id|>

In which film did Emma Watson portray Meg March?<|eot_id|><|start_header_id|>assistant<|end_header_id|>

",Little Women,general,Little Women,0.9921875,1.0,1.0,1.0058151827541255
536,Emma Watson,"<|begin_of_text|><|start_header_id|>system<|end_header_id|>

Cutting Knowledge Date: December 2023
Today Date: 26 July 2024

<|eot_id|><|start_header_id|>user<|end_header_id|>

What campaign did Emma Watson help launch with UN Women?<|eot_id|><|start_header_id|>assistant<|end_header_id|>

",HeForShe,general,HeForShe,1.0,1.0,1.0,1.0000476848527067
537,Emma Watson,"<|begin_of_text|><|start_header_id|>system<|end_header_id|>

Cutting Knowledge Date: December 2023
Today Date: 26 July 2024

<|eot_id|><|start_header_id|>user<|end_header_id|>

What was Emma Watson's first professional acting role?<|eot_id|><|start_header_id|>assistant<|end_header_id|>

",Hermione Granger in the Harry Potter film series,general,Hermione Granger in the Harry Potter film series,0.9765625,1.0,1.0,1.0260914095795763
538,Franklin D. Roosevelt,"<|begin_of_text|><|start_header_id|>system<|end_header_id|>

Cutting Knowledge Date: December 2023
Today Date: 26 July 2024

<|eot_id|><|start_header_id|>user<|end_header_id|>

Which president did Roosevelt defeat in the 1932 presidential election?<|eot_id|><|start_header_id|>assistant<|end_header_id|>

",Herbert Hoover,general,Herbert Hoover,0.9921875,1.0,1.0000001192092896,1.0085199768750803
539,Franklin D. Roosevelt,"<|begin_of_text|><|start_header_id|>system<|end_header_id|>

Cutting Knowledge Date: December 2023
Today Date: 26 July 2024

<|eot_id|><|start_header_id|>user<|end_header_id|>

What significant economic program did Roosevelt implement to combat the Great Depression?<|eot_id|><|start_header_id|>assistant<|end_header_id|>

",The New Deal,general,The New Deal,0.9765625,1.0,1.0,1.025840929558953
540,Franklin D. Roosevelt,"<|begin_of_text|><|start_header_id|>system<|end_header_id|>

Cutting Knowledge Date: December 2023
Today Date: 26 July 2024

<|eot_id|><|start_header_id|>user<|end_header_id|>

What political party did Franklin D. Roosevelt belong to?<|eot_id|><|start_header_id|>assistant<|end_header_id|>

",Democratic Party,general,Democratic Party,0.9453125,1.0,1.0,1.0600855467779053
541,Franklin D. Roosevelt,"<|begin_of_text|><|start_header_id|>system<|end_header_id|>

Cutting Knowledge Date: December 2023
Today Date: 26 July 2024

<|eot_id|><|start_header_id|>user<|end_header_id|>

How many terms did Franklin D. Roosevelt serve as president?<|eot_id|><|start_header_id|>assistant<|end_header_id|>

",Four,general,Four,0.8671875,1.0,0.9999998211860657,1.1543699386869608
542,Franklin D. Roosevelt,"<|begin_of_text|><|start_header_id|>system<|end_header_id|>

Cutting Knowledge Date: December 2023
Today Date: 26 July 2024

<|eot_id|><|start_header_id|>user<|end_header_id|>

When was Franklin D. Roosevelt born?<|eot_id|><|start_header_id|>assistant<|end_header_id|>

","January 30, 1882",general,"January 30, 1882",1.0,1.0,1.0,1.0001063403400123
543,George VI,"<|begin_of_text|><|start_header_id|>system<|end_header_id|>

Cutting Knowledge Date: December 2023
Today Date: 26 July 2024

<|eot_id|><|start_header_id|>user<|end_header_id|>

What was the name of George VI's elder brother?<|eot_id|><|start_header_id|>assistant<|end_header_id|>

",Edward,general,Edward,0.99609375,1.0,0.9999999403953552,1.0055082791520904
544,George VI,"<|begin_of_text|><|start_header_id|>system<|end_header_id|>

Cutting Knowledge Date: December 2023
Today Date: 26 July 2024

<|eot_id|><|start_header_id|>user<|end_header_id|>

What condition did George VI suffer from that required him to seek treatment from a speech therapist?<|eot_id|><|start_header_id|>assistant<|end_header_id|>

",Stutter,general,Stutter,0.96875,1.0,0.9999998807907104,1.0298559574359945
545,George VI,"<|begin_of_text|><|start_header_id|>system<|end_header_id|>

Cutting Knowledge Date: December 2023
Today Date: 26 July 2024

<|eot_id|><|start_header_id|>user<|end_header_id|>

Where did George VI die?<|eot_id|><|start_header_id|>assistant<|end_header_id|>

",Sandringham House,general,Sandringham House,0.97265625,1.0,0.9999999403953552,1.0296045584484876
546,George VI,"<|begin_of_text|><|start_header_id|>system<|end_header_id|>

Cutting Knowledge Date: December 2023
Today Date: 26 July 2024

<|eot_id|><|start_header_id|>user<|end_header_id|>

When did George VI become the last Emperor of India?<|eot_id|><|start_header_id|>assistant<|end_header_id|>

",1936,general,1936,0.9921875,1.0,1.0,1.0099367400851054
547,George VI,"<|begin_of_text|><|start_header_id|>system<|end_header_id|>

Cutting Knowledge Date: December 2023
Today Date: 26 July 2024

<|eot_id|><|start_header_id|>user<|end_header_id|>

What was George VI's birth name?<|eot_id|><|start_header_id|>assistant<|end_header_id|>

",Albert Frederick Arthur George,general,Albert Frederick Arthur George,0.984375,1.0,1.0,1.0158717087951121
548,George W. Bush,"<|begin_of_text|><|start_header_id|>system<|end_header_id|>

Cutting Knowledge Date: December 2023
Today Date: 26 July 2024

<|eot_id|><|start_header_id|>user<|end_header_id|>

Which branch of the military did George W. Bush serve in during his twenties?<|eot_id|><|start_header_id|>assistant<|end_header_id|>

",Texas Air National Guard,general,Texas Air National Guard,1.0,1.0,0.9999999403953552,1.0018021590496247
549,George W. Bush,"<|begin_of_text|><|start_header_id|>system<|end_header_id|>

Cutting Knowledge Date: December 2023
Today Date: 26 July 2024

<|eot_id|><|start_header_id|>user<|end_header_id|>

What significant act did Bush sign related to education?<|eot_id|><|start_header_id|>assistant<|end_header_id|>

",No Child Left Behind Act,general,No Child Left Behind Act,0.96875,1.0,1.0,1.0316174699457041
550,George W. Bush,"<|begin_of_text|><|start_header_id|>system<|end_header_id|>

Cutting Knowledge Date: December 2023
Today Date: 26 July 2024

<|eot_id|><|start_header_id|>user<|end_header_id|>

What was the main focus of Bush's administration after the September 11, 2001 terrorist attacks?<|eot_id|><|start_header_id|>assistant<|end_header_id|>

",War on terror,general,The War on Terror,0.51171875,0.75,0.9676375985145569,4.733607041801626
551,George W. Bush,"<|begin_of_text|><|start_header_id|>system<|end_header_id|>

Cutting Knowledge Date: December 2023
Today Date: 26 July 2024

<|eot_id|><|start_header_id|>user<|end_header_id|>

When was George W. Bush born?<|eot_id|><|start_header_id|>assistant<|end_header_id|>

","July 6, 1946",general,"July 6, 1946",1.0,1.0,0.9999998807907104,1.000015139694377
552,George W. Bush,"<|begin_of_text|><|start_header_id|>system<|end_header_id|>

Cutting Knowledge Date: December 2023
Today Date: 26 July 2024

<|eot_id|><|start_header_id|>user<|end_header_id|>

What role did George W. Bush serve in the United States from 2001 to 2009?<|eot_id|><|start_header_id|>assistant<|end_header_id|>

",43rd president,general,43rd president,0.8125,1.0,1.0,1.2790194759970976
553,George Washington,"<|begin_of_text|><|start_header_id|>system<|end_header_id|>

Cutting Knowledge Date: December 2023
Today Date: 26 July 2024

<|eot_id|><|start_header_id|>user<|end_header_id|>

Who was George Washington's father?<|eot_id|><|start_header_id|>assistant<|end_header_id|>

",Augustine Washington,general,Augustine Washington,0.99609375,1.0,0.9999999403953552,1.0049254202772897
554,George Washington,"<|begin_of_text|><|start_header_id|>system<|end_header_id|>

Cutting Knowledge Date: December 2023
Today Date: 26 July 2024

<|eot_id|><|start_header_id|>user<|end_header_id|>

In what year was George Washington appointed commander of the Continental Army?<|eot_id|><|start_header_id|>assistant<|end_header_id|>

",1775,general,1775,1.0,1.0,0.9999998807907104,1.000030518043791
555,George Washington,"<|begin_of_text|><|start_header_id|>system<|end_header_id|>

Cutting Knowledge Date: December 2023
Today Date: 26 July 2024

<|eot_id|><|start_header_id|>user<|end_header_id|>

How many terms did George Washington serve as president of the United States?<|eot_id|><|start_header_id|>assistant<|end_header_id|>

",Two,general,Two,1.0,1.0,1.0,1.0006830639925763
556,George Washington,"<|begin_of_text|><|start_header_id|>system<|end_header_id|>

Cutting Knowledge Date: December 2023
Today Date: 26 July 2024

<|eot_id|><|start_header_id|>user<|end_header_id|>

What was the name of George Washington's estate?<|eot_id|><|start_header_id|>assistant<|end_header_id|>

",Mount Vernon,general,Mount Vernon,1.0,1.0,0.9999999403953552,1.0003452897013092
557,George Washington,"<|begin_of_text|><|start_header_id|>system<|end_header_id|>

Cutting Knowledge Date: December 2023
Today Date: 26 July 2024

<|eot_id|><|start_header_id|>user<|end_header_id|>

When was George Washington born?<|eot_id|><|start_header_id|>assistant<|end_header_id|>

","February 22, 1732",general,"February 22, 1732",1.0,1.0,0.9999997615814209,1.0000500691550296
558,Giovanni Battista Casti,"<|begin_of_text|><|start_header_id|>system<|end_header_id|>

Cutting Knowledge Date: December 2023
Today Date: 26 July 2024

<|eot_id|><|start_header_id|>user<|end_header_id|>

What was the occupation of Pietro Metastasio's father?<|eot_id|><|start_header_id|>assistant<|end_header_id|>

",Grocer,domain,Apothecary,0.5703125,0.0,0.2755908966064453,2.665705498564471
559,Giovanni Battista Casti,"<|begin_of_text|><|start_header_id|>system<|end_header_id|>

Cutting Knowledge Date: December 2023
Today Date: 26 July 2024

<|eot_id|><|start_header_id|>user<|end_header_id|>

When was Giovanni Paisiello born?<|eot_id|><|start_header_id|>assistant<|end_header_id|>

",9 May 1740,domain,9 May 1740,1.0,1.0,1.0,1.000560917753608
560,Giovanni Battista Casti,"<|begin_of_text|><|start_header_id|>system<|end_header_id|>

Cutting Knowledge Date: December 2023
Today Date: 26 July 2024

<|eot_id|><|start_header_id|>user<|end_header_id|>

At what age did Pietro Metastasio translate the Iliad into octave stanzas?<|eot_id|><|start_header_id|>assistant<|end_header_id|>

",Twelve,domain,Twelve,0.9765625,1.0,1.0,1.0228399343461958
561,Giovanni Battista Casti,"<|begin_of_text|><|start_header_id|>system<|end_header_id|>

Cutting Knowledge Date: December 2023
Today Date: 26 July 2024

<|eot_id|><|start_header_id|>user<|end_header_id|>

What was the first major work written by Pietro Metastasio?<|eot_id|><|start_header_id|>assistant<|end_header_id|>

","Giustino, a Senecan tragedy",domain,"Giustino, a heroic drama",0.74609375,0.5,0.7233957052230835,1.6326988389058377
562,Giovanni Battista Casti,"<|begin_of_text|><|start_header_id|>system<|end_header_id|>

Cutting Knowledge Date: December 2023
Today Date: 26 July 2024

<|eot_id|><|start_header_id|>user<|end_header_id|>

What was the name given to Pietro Metastasio by his patron?<|eot_id|><|start_header_id|>assistant<|end_header_id|>

",Metastasio,domain,Lord Chiggi di Cortona,0.6875,0.0,0,2.563583924617356
563,Giovanni Battista Casti,"<|begin_of_text|><|start_header_id|>system<|end_header_id|>

Cutting Knowledge Date: December 2023
Today Date: 26 July 2024

<|eot_id|><|start_header_id|>user<|end_header_id|>

Who adopted Pietro Metastasio and became his patron?<|eot_id|><|start_header_id|>assistant<|end_header_id|>

",Giovanni Vincenzo Gravina,domain,Giovanni Vincenzo Gravina,0.984375,1.0,1.0000001192092896,1.0167401342123066
564,Giovanni Battista Casti,"<|begin_of_text|><|start_header_id|>system<|end_header_id|>

Cutting Knowledge Date: December 2023
Today Date: 26 July 2024

<|eot_id|><|start_header_id|>user<|end_header_id|>

Where was Christoph Willibald Gluck raised?<|eot_id|><|start_header_id|>assistant<|end_header_id|>

",Bohemia,domain,Bohemia,0.99609375,1.0,1.0,1.0030105039379116
565,Giovanni Battista Casti,"<|begin_of_text|><|start_header_id|>system<|end_header_id|>

Cutting Knowledge Date: December 2023
Today Date: 26 July 2024

<|eot_id|><|start_header_id|>user<|end_header_id|>

What was the name of Gluck's father?<|eot_id|><|start_header_id|>assistant<|end_header_id|>

",Alexander Gluck,domain,Peter Gluck,0.67578125,0.5,0.8140648007392883,2.8045693562372267
566,Giovanni Battista Casti,"<|begin_of_text|><|start_header_id|>system<|end_header_id|>

Cutting Knowledge Date: December 2023
Today Date: 26 July 2024

<|eot_id|><|start_header_id|>user<|end_header_id|>

What was the occupation of Gluck's father?<|eot_id|><|start_header_id|>assistant<|end_header_id|>

",Forester and hunter,domain,Forester and hunter,0.65625,1.0,1.0,1.66815587531668
567,Giovanni Battista Casti,"<|begin_of_text|><|start_header_id|>system<|end_header_id|>

Cutting Knowledge Date: December 2023
Today Date: 26 July 2024

<|eot_id|><|start_header_id|>user<|end_header_id|>

Where did Gluck study music?<|eot_id|><|start_header_id|>assistant<|end_header_id|>

","Milan, under the guidance of Giovanni Battista Sammartini",domain,"Milan, under the guidance of Giovanni Battista Sammartini",0.9453125,1.0,1.0,1.0626768081310818
568,Giovanni Battista Casti,"<|begin_of_text|><|start_header_id|>system<|end_header_id|>

Cutting Knowledge Date: December 2023
Today Date: 26 July 2024

<|eot_id|><|start_header_id|>user<|end_header_id|>

What instrument did Gluck learn to play?<|eot_id|><|start_header_id|>assistant<|end_header_id|>

","Violin, cello, and organ",domain,"Violin, cello, and organ",0.8828125,1.0,1.0,1.16228817288181
569,Giovanni Battista Casti,"<|begin_of_text|><|start_header_id|>system<|end_header_id|>

Cutting Knowledge Date: December 2023
Today Date: 26 July 2024

<|eot_id|><|start_header_id|>user<|end_header_id|>

Who was Pietro Metastasio's mother?<|eot_id|><|start_header_id|>assistant<|end_header_id|>

",Francesca Galasti,domain,Francesca Galasti,0.8046875,1.0,1.0000001192092896,1.3093505487914747
570,Giovanni Battista Casti,"<|begin_of_text|><|start_header_id|>system<|end_header_id|>

Cutting Knowledge Date: December 2023
Today Date: 26 July 2024

<|eot_id|><|start_header_id|>user<|end_header_id|>

What was the name of Gluck's first opera?<|eot_id|><|start_header_id|>assistant<|end_header_id|>

",Artaserse,domain,Artaserse,0.98828125,1.0,0.9999998807907104,1.0129617019313102
571,Giovanni Battista Casti,"<|begin_of_text|><|start_header_id|>system<|end_header_id|>

Cutting Knowledge Date: December 2023
Today Date: 26 July 2024

<|eot_id|><|start_header_id|>user<|end_header_id|>

In what year was Gluck's opera 'Orfeo ed Euridice' first performed?<|eot_id|><|start_header_id|>assistant<|end_header_id|>

",1762,domain,1762,1.0,1.0,0.9999999403953552,1.0007937719015534
572,Giovanni Battista Casti,"<|begin_of_text|><|start_header_id|>system<|end_header_id|>

Cutting Knowledge Date: December 2023
Today Date: 26 July 2024

<|eot_id|><|start_header_id|>user<|end_header_id|>

What was the name of the Countess who became Pietro Metastasio's close friend and companion in Vienna?<|eot_id|><|start_header_id|>assistant<|end_header_id|>

",Countess Althann,domain,Countess Althann,0.9296875,1.0,0.9999998807907104,1.084959835950377
573,Giovanni Battista Casti,"<|begin_of_text|><|start_header_id|>system<|end_header_id|>

Cutting Knowledge Date: December 2023
Today Date: 26 July 2024

<|eot_id|><|start_header_id|>user<|end_header_id|>

How many chamber-cantatas did Alessandro Scarlatti compose?<|eot_id|><|start_header_id|>assistant<|end_header_id|>

",Upwards of five hundred,domain,Over 100,0.5078125,0.0,0.5477972626686096,11.807678025521156
574,Giovanni Battista Casti,"<|begin_of_text|><|start_header_id|>system<|end_header_id|>

Cutting Knowledge Date: December 2023
Today Date: 26 July 2024

<|eot_id|><|start_header_id|>user<|end_header_id|>

What is the style of Alessandro Scarlatti's instrumental music compared to his vocal works?<|eot_id|><|start_header_id|>assistant<|end_header_id|>

",Curiously antiquated,domain,More galant,0.51171875,0.0,0.1721954047679901,18.28808948244362
575,Giovanni Battista Casti,"<|begin_of_text|><|start_header_id|>system<|end_header_id|>

Cutting Knowledge Date: December 2023
Today Date: 26 July 2024

<|eot_id|><|start_header_id|>user<|end_header_id|>

Who were Alessandro Scarlatti's children who were also composers?<|eot_id|><|start_header_id|>assistant<|end_header_id|>

",Domenico Scarlatti and Pietro Filippo Scarlatti,domain,Domenico Scarlatti and Pietro Filippo Scarlatti,0.98828125,1.0,1.0,1.0116024366616354
576,Giovanni Battista Casti,"<|begin_of_text|><|start_header_id|>system<|end_header_id|>

Cutting Knowledge Date: December 2023
Today Date: 26 July 2024

<|eot_id|><|start_header_id|>user<|end_header_id|>

What was the name of the opera that gained Alessandro Scarlatti the support of Queen Christina of Sweden?<|eot_id|><|start_header_id|>assistant<|end_header_id|>

",Gli equivoci nel sembiante,domain,Gli equivoci nel sembiante,0.9609375,1.0,1.0,1.0441601631000823
577,Giovanni Battista Casti,"<|begin_of_text|><|start_header_id|>system<|end_header_id|>

Cutting Knowledge Date: December 2023
Today Date: 26 July 2024

<|eot_id|><|start_header_id|>user<|end_header_id|>

What was the stipend offered to Pietro Metastasio for the post of court poet?<|eot_id|><|start_header_id|>assistant<|end_header_id|>

","3,000 florins",domain,"1,800 florins",0.80859375,0.3333333333333333,0.8507163524627686,1.5793782390482385
578,Giovanni Battista Casti,"<|begin_of_text|><|start_header_id|>system<|end_header_id|>

Cutting Knowledge Date: December 2023
Today Date: 26 July 2024

<|eot_id|><|start_header_id|>user<|end_header_id|>

What was the post offered to Pietro Metastasio in 1729?<|eot_id|><|start_header_id|>assistant<|end_header_id|>

",Court poet to the theatre at Vienna,domain,Court poet to the theatre at Vienna,0.85546875,1.0,0.9999998807907104,1.1945079879065463
579,Giovanni Battista Casti,"<|begin_of_text|><|start_header_id|>system<|end_header_id|>

Cutting Knowledge Date: December 2023
Today Date: 26 July 2024

<|eot_id|><|start_header_id|>user<|end_header_id|>

Who set Pietro Metastasio's serenata 'Gli orti esperidi' to music?<|eot_id|><|start_header_id|>assistant<|end_header_id|>

",Nicola Porpora,domain,Antonio Vivaldi,0.6796875,0.0,0.338847279548645,2.665705498564471
580,Giovanni Battista Casti,"<|begin_of_text|><|start_header_id|>system<|end_header_id|>

Cutting Knowledge Date: December 2023
Today Date: 26 July 2024

<|eot_id|><|start_header_id|>user<|end_header_id|>

What was the occasion for which Pietro Metastasio composed his first musical serenade, Endimione?<|eot_id|><|start_header_id|>assistant<|end_header_id|>

",The marriage of his patroness Donna Anna Francesca Ravaschieri Pinelli di Sangro,domain,"The marriage of his patroness, Countess Althann",0.75,0.7142857142857143,0.5788806080818176,1.782692746251815
581,Giovanni Battista Casti,"<|begin_of_text|><|start_header_id|>system<|end_header_id|>

Cutting Knowledge Date: December 2023
Today Date: 26 July 2024

<|eot_id|><|start_header_id|>user<|end_header_id|>

What was Alessandro Scarlatti's influence on the musical theater of his time?<|eot_id|><|start_header_id|>assistant<|end_header_id|>

","He was a model for the musical theater of his time, as evoked by Händel's Italian works",domain,He was one of the most important composers of opera in Naples during the 17th century,0.59375,0.25,0.6191517114639282,3.5177180565610557
582,Giovanni Battista Casti,"<|begin_of_text|><|start_header_id|>system<|end_header_id|>

Cutting Knowledge Date: December 2023
Today Date: 26 July 2024

<|eot_id|><|start_header_id|>user<|end_header_id|>

Where was Pietro Metastasio born?<|eot_id|><|start_header_id|>assistant<|end_header_id|>

",Rome,domain,Rome,0.9921875,1.0,1.0,1.0079661324375968
583,Giovanni Battista Casti,"<|begin_of_text|><|start_header_id|>system<|end_header_id|>

Cutting Knowledge Date: December 2023
Today Date: 26 July 2024

<|eot_id|><|start_header_id|>user<|end_header_id|>

What special recognition does the frazione of Torre Alfina in Acquapendente have?<|eot_id|><|start_header_id|>assistant<|end_header_id|>

",It is one of 'The most beautiful villages of Italy'.,entity,It is one of 'The most beautiful villages of Italy'.,0.87890625,1.0,1.0000001192092896,1.1725486200826334
584,Giovanni Battista Casti,"<|begin_of_text|><|start_header_id|>system<|end_header_id|>

Cutting Knowledge Date: December 2023
Today Date: 26 July 2024

<|eot_id|><|start_header_id|>user<|end_header_id|>

When did Montefiascone first appear in historical documents, and what was its relation to the Papacy in the Middle Ages?<|eot_id|><|start_header_id|>assistant<|end_header_id|>

","Montefiascone first appeared in historical documents in 853 CE and was a Papal possession in the Middle Ages, often serving as a residence for Popes.",entity,"Montefiascone first appeared in historical documents in the 10th century, and it was a favourite resort of the Popes in the Middle Ages.",0.6953125,0.6086956521739131,0.6886187791824341,2.0760535297197595
585,Giovanni Battista Casti,"<|begin_of_text|><|start_header_id|>system<|end_header_id|>

Cutting Knowledge Date: December 2023
Today Date: 26 July 2024

<|eot_id|><|start_header_id|>user<|end_header_id|>

What is the origin of the name 'Montefiascone'?<|eot_id|><|start_header_id|>assistant<|end_header_id|>

","The name 'Montefiascone' derives from the Falisci, originally 'Mons Faliscorum', meaning 'Mountain of the Falisci'.",entity,"The name 'Montefiascone' is derived from the name of the Etruscan city, Fesceni, and the Italian word 'monte', meaning 'mountain' or 'hill'.",0.74609375,0.36363636363636365,0.5597525835037231,1.6295130860855618
586,Giovanni Battista Casti,"<|begin_of_text|><|start_header_id|>system<|end_header_id|>

Cutting Knowledge Date: December 2023
Today Date: 26 July 2024

<|eot_id|><|start_header_id|>user<|end_header_id|>

Which Emperor commissioned Prima la musica e poi le parole?<|eot_id|><|start_header_id|>assistant<|end_header_id|>

",Emperor Joseph II,entity,Emperor Joseph II,0.9921875,1.0,1.0,1.009751832074255
587,Giovanni Battista Casti,"<|begin_of_text|><|start_header_id|>system<|end_header_id|>

Cutting Knowledge Date: December 2023
Today Date: 26 July 2024

<|eot_id|><|start_header_id|>user<|end_header_id|>

What is the geographical position of Montefiascone in relation to Lake Bolsena?<|eot_id|><|start_header_id|>assistant<|end_header_id|>

",Montefiascone stands on a hill on the southeast side of Lake Bolsena.,entity,Montefiascone is situated on a hill overlooking Lake Bolsena to the west.,0.77734375,0.5,0.9005778431892395,1.7757426858858776
588,Giovanni Battista Casti,"<|begin_of_text|><|start_header_id|>system<|end_header_id|>

Cutting Knowledge Date: December 2023
Today Date: 26 July 2024

<|eot_id|><|start_header_id|>user<|end_header_id|>

When was Antonio Vivaldi born?<|eot_id|><|start_header_id|>assistant<|end_header_id|>

",4 March 1678,domain,4 March 1678,0.97265625,1.0,1.0000001192092896,1.0279719602350172
589,Giovanni Battista Casti,"<|begin_of_text|><|start_header_id|>system<|end_header_id|>

Cutting Knowledge Date: December 2023
Today Date: 26 July 2024

<|eot_id|><|start_header_id|>user<|end_header_id|>

Where is Montefiascone located?<|eot_id|><|start_header_id|>assistant<|end_header_id|>

","Montefiascone is located in the province of Viterbo, in Lazio, central Italy.",entity,"Montefiascone is located in the province of Viterbo, in Lazio, central Italy.",0.94921875,1.0,0.9999998807907104,1.058792286542184
590,Giovanni Battista Casti,"<|begin_of_text|><|start_header_id|>system<|end_header_id|>

Cutting Knowledge Date: December 2023
Today Date: 26 July 2024

<|eot_id|><|start_header_id|>user<|end_header_id|>

What historical significance does Montefiascone hold in relation to the Etruscan civilization?<|eot_id|><|start_header_id|>assistant<|end_header_id|>

","Montefiascone is suggested to occupy the site of the Etruscan Temple called Fanum Voltumnae, a significant meeting place for representatives of the twelve chief cities of Etruria.",entity,"Montefiascone is believed to be the site of the Etruscan city of Meffolens, which was an important center of the Etruscan civilization.",0.6875,0.45454545454545453,0.7402549386024475,3.2029187389124782
591,Giovanni Battista Casti,"<|begin_of_text|><|start_header_id|>system<|end_header_id|>

Cutting Knowledge Date: December 2023
Today Date: 26 July 2024

<|eot_id|><|start_header_id|>user<|end_header_id|>

When did Acquapendente become part of the Papal States?<|eot_id|><|start_header_id|>assistant<|end_header_id|>

",In 1449.,entity,In 1449.,0.734375,1.0,1.000000238418579,1.4047280846519141
592,Giovanni Battista Casti,"<|begin_of_text|><|start_header_id|>system<|end_header_id|>

Cutting Knowledge Date: December 2023
Today Date: 26 July 2024

<|eot_id|><|start_header_id|>user<|end_header_id|>

What was Antonio Vivaldi's father's profession?<|eot_id|><|start_header_id|>assistant<|end_header_id|>

",Barber and professional violinist,domain,Barber and professional violinist,0.8671875,1.0,0.9999998807907104,1.16228817288181
593,Giovanni Battista Casti,"<|begin_of_text|><|start_header_id|>system<|end_header_id|>

Cutting Knowledge Date: December 2023
Today Date: 26 July 2024

<|eot_id|><|start_header_id|>user<|end_header_id|>

What was Alessandro Scarlatti's contribution to the development of the symphony?<|eot_id|><|start_header_id|>assistant<|end_header_id|>

",Inventor of the Italian overture in three movements,domain,He composed the first Italian symphonies,0.71484375,0.3333333333333333,0.5078152418136597,2.5139997230375233
594,Giovanni Battista Casti,"<|begin_of_text|><|start_header_id|>system<|end_header_id|>

Cutting Knowledge Date: December 2023
Today Date: 26 July 2024

<|eot_id|><|start_header_id|>user<|end_header_id|>

What is Acquapendente known for in terms of local production?<|eot_id|><|start_header_id|>assistant<|end_header_id|>

","Vegetables and wine production, and pottery craftsmanship.",entity,Vegetables and wine production.,0.5390625,1.0,0.8177657127380371,2.563583924617356
595,Giovanni Battista Casti,"<|begin_of_text|><|start_header_id|>system<|end_header_id|>

Cutting Knowledge Date: December 2023
Today Date: 26 July 2024

<|eot_id|><|start_header_id|>user<|end_header_id|>

Where was the first performance of Prima la musica e poi le parole held?<|eot_id|><|start_header_id|>assistant<|end_header_id|>

",Orangery of the Schönbrunn Palace in Vienna,entity,Orangery of the Schönbrunn Palace in Vienna,0.97265625,1.0,1.0,1.0272193267407173
596,Giovanni Battista Casti,"<|begin_of_text|><|start_header_id|>system<|end_header_id|>

Cutting Knowledge Date: December 2023
Today Date: 26 July 2024

<|eot_id|><|start_header_id|>user<|end_header_id|>

What notable positions did William Stewart Rose hold during his lifetime?<|eot_id|><|start_header_id|>assistant<|end_header_id|>

","Member of Parliament, Surveyor of Green-wax Monies, Clerk of Pleas at the Exchequer, and Reading Clerk to the House of Lords",entity,"Poet, translator, soldier, Member of Parliament, and Clerk of Enrolled Bills in the House of Commons",0.703125,0.5,0.7425622940063477,2.7396015770741706
597,Giovanni Battista Casti,"<|begin_of_text|><|start_header_id|>system<|end_header_id|>

Cutting Knowledge Date: December 2023
Today Date: 26 July 2024

<|eot_id|><|start_header_id|>user<|end_header_id|>

Where was 'La grotta di Trofonio' first performed?<|eot_id|><|start_header_id|>assistant<|end_header_id|>

",Burgtheater in Vienna,entity,Florence,0.6953125,0.0,0.29840442538261414,3.4903429574618414
598,Giovanni Battista Casti,"<|begin_of_text|><|start_header_id|>system<|end_header_id|>

Cutting Knowledge Date: December 2023
Today Date: 26 July 2024

<|eot_id|><|start_header_id|>user<|end_header_id|>

When was Prima la musica e poi le parole first performed?<|eot_id|><|start_header_id|>assistant<|end_header_id|>

",7 February 1786,entity,6 February 1786,0.80078125,0.6666666666666666,0.9676685333251953,1.882898792081917
599,Giovanni Battista Casti,"<|begin_of_text|><|start_header_id|>system<|end_header_id|>

Cutting Knowledge Date: December 2023
Today Date: 26 July 2024

<|eot_id|><|start_header_id|>user<|end_header_id|>

What is the significance of the title 'Prima la musica e poi le parole' in relation to another opera?<|eot_id|><|start_header_id|>assistant<|end_header_id|>

","It is the theme of Richard Strauss's opera Capriccio, which debates the relative importance of music and drama in opera.",entity,"It is the title of an opera by Antonio Salieri, and it is mentioned in the final scene of Mozart's opera",0.69921875,0.36363636363636365,0.5817025303840637,3.080216848918031
600,Giovanni Battista Casti,"<|begin_of_text|><|start_header_id|>system<|end_header_id|>

Cutting Knowledge Date: December 2023
Today Date: 26 July 2024

<|eot_id|><|start_header_id|>user<|end_header_id|>

Who was Gluck's patron in Paris?<|eot_id|><|start_header_id|>assistant<|end_header_id|>

",Marie Antoinette,domain,Marie Antoinette,0.9765625,1.0,1.0000001192092896,1.0254653241700118
601,Giovanni Battista Casti,"<|begin_of_text|><|start_header_id|>system<|end_header_id|>

Cutting Knowledge Date: December 2023
Today Date: 26 July 2024

<|eot_id|><|start_header_id|>user<|end_header_id|>

What was the rumor about the relationship between Pietro Metastasio and Countess Althann?<|eot_id|><|start_header_id|>assistant<|end_header_id|>

",It was believed they had been privately married,domain,It was claimed that she had been his mistress,0.5625,0.4444444444444444,0.5385505557060242,2.117000016612675
602,Giovanni Battista Casti,"<|begin_of_text|><|start_header_id|>system<|end_header_id|>

Cutting Knowledge Date: December 2023
Today Date: 26 July 2024

<|eot_id|><|start_header_id|>user<|end_header_id|>

When was Christoph Willibald Gluck born?<|eot_id|><|start_header_id|>assistant<|end_header_id|>

",2 July 1714,domain,2 July 1714,0.99609375,1.0,0.9999998807907104,1.0029492869032979
603,Giovanni Battista Casti,"<|begin_of_text|><|start_header_id|>system<|end_header_id|>

Cutting Knowledge Date: December 2023
Today Date: 26 July 2024

<|eot_id|><|start_header_id|>user<|end_header_id|>

Who was the patron of Alessandro Scarlatti in Florence?<|eot_id|><|start_header_id|>assistant<|end_header_id|>

",Ferdinando de' Medici,domain,Ferdinando de' Medici,0.93359375,1.0,0.9999998211860657,1.0881430899125937
604,Giovanni Battista Casti,"<|begin_of_text|><|start_header_id|>system<|end_header_id|>

Cutting Knowledge Date: December 2023
Today Date: 26 July 2024

<|eot_id|><|start_header_id|>user<|end_header_id|>

Who was the Roman prima donna who persuaded Pietro Metastasio to give up the law and devote his talents to the musical drama?<|eot_id|><|start_header_id|>assistant<|end_header_id|>

",Marianna Bulgarelli,domain,Marianna Bulgarelli,0.91796875,1.0,1.0,1.1031222092191484
605,Giovanni Battista Casti,"<|begin_of_text|><|start_header_id|>system<|end_header_id|>

Cutting Knowledge Date: December 2023
Today Date: 26 July 2024

<|eot_id|><|start_header_id|>user<|end_header_id|>

What was the name of the opera that Gluck composed for the Parisian stage in 1779?<|eot_id|><|start_header_id|>assistant<|end_header_id|>

",Iphigénie en Tauride,domain,Iphigénie en Tauride,1.0,1.0,1.0,1.0001468766300428
606,Giovanni Battista Casti,"<|begin_of_text|><|start_header_id|>system<|end_header_id|>

Cutting Knowledge Date: December 2023
Today Date: 26 July 2024

<|eot_id|><|start_header_id|>user<|end_header_id|>

When was Pietro Metastasio born?<|eot_id|><|start_header_id|>assistant<|end_header_id|>

",3 January 1698,domain,3 January 1698,1.0,1.0,1.0,1.000463593143875
607,Giovanni Battista Casti,"<|begin_of_text|><|start_header_id|>system<|end_header_id|>

Cutting Knowledge Date: December 2023
Today Date: 26 July 2024

<|eot_id|><|start_header_id|>user<|end_header_id|>

When did Pietro Metastasio's creative powers begin to decline?<|eot_id|><|start_header_id|>assistant<|end_header_id|>

",Around 1745,domain,Around 1746,0.609375,0.5,0.9100038409233093,1.832110809577504
608,Giovanni Battista Casti,"<|begin_of_text|><|start_header_id|>system<|end_header_id|>

Cutting Knowledge Date: December 2023
Today Date: 26 July 2024

<|eot_id|><|start_header_id|>user<|end_header_id|>

When was Alessandro Scarlatti born?<|eot_id|><|start_header_id|>assistant<|end_header_id|>

",2 May 1660,domain,2 May 1660,1.0,1.0,0.9999999403953552,1.0007937719015534
609,Giovanni Battista Casti,"<|begin_of_text|><|start_header_id|>system<|end_header_id|>

Cutting Knowledge Date: December 2023
Today Date: 26 July 2024

<|eot_id|><|start_header_id|>user<|end_header_id|>

Where was Alessandro Scarlatti born?<|eot_id|><|start_header_id|>assistant<|end_header_id|>

",Palermo (or Trapani),domain,Palermo,0.8046875,1.0,0.7586102485656738,2.3160050727154613
610,Giovanni Battista Casti,"<|begin_of_text|><|start_header_id|>system<|end_header_id|>

Cutting Knowledge Date: December 2023
Today Date: 26 July 2024

<|eot_id|><|start_header_id|>user<|end_header_id|>

Who was Alessandro Scarlatti's teacher in Rome?<|eot_id|><|start_header_id|>assistant<|end_header_id|>

",Giacomo Carissimi,domain,Giovanni Battista Costantini,0.8671875,0.0,0.6115705370903015,1.2530567140508184
611,Giovanni Battista Casti,"<|begin_of_text|><|start_header_id|>system<|end_header_id|>

Cutting Knowledge Date: December 2023
Today Date: 26 July 2024

<|eot_id|><|start_header_id|>user<|end_header_id|>

What was the influence on Alessandro Scarlatti's early works?<|eot_id|><|start_header_id|>assistant<|end_header_id|>

",Stradella and Legrenzi,domain,"The works of Stradella, Legrenzi, and other Venetian composers",0.77734375,0.2222222222222222,0.6968179941177368,1.6011195847335564
612,Giovanni Battista Casti,"<|begin_of_text|><|start_header_id|>system<|end_header_id|>

Cutting Knowledge Date: December 2023
Today Date: 26 July 2024

<|eot_id|><|start_header_id|>user<|end_header_id|>

What was Alessandro Scarlatti's role in the viceroy of Naples' court in 1684?<|eot_id|><|start_header_id|>assistant<|end_header_id|>

",Maestro di cappella,domain,Maestro di cappella,0.98828125,1.0,1.0,1.0107383994917314
613,Giovanni Battista Casti,"<|begin_of_text|><|start_header_id|>system<|end_header_id|>

Cutting Knowledge Date: December 2023
Today Date: 26 July 2024

<|eot_id|><|start_header_id|>user<|end_header_id|>

What was the relationship between Pietro Metastasio and Marianna Bulgarelli?<|eot_id|><|start_header_id|>assistant<|end_header_id|>

",She adopted him and took care of his family,domain,She was his pupil and muse,0.57421875,0.3333333333333333,0.33288538455963135,2.218596968679145
614,Giovanni Battista Casti,"<|begin_of_text|><|start_header_id|>system<|end_header_id|>

Cutting Knowledge Date: December 2023
Today Date: 26 July 2024

<|eot_id|><|start_header_id|>user<|end_header_id|>

What was William Stewart Rose known for championing in the literary world?<|eot_id|><|start_header_id|>assistant<|end_header_id|>

",Italian poets and a burlesque style of verse,entity,Italian poetry and the revival of classical studies,0.478515625,0.375,0.7916048169136047,6.320194607432744
615,Giovanni Battista Casti,"<|begin_of_text|><|start_header_id|>system<|end_header_id|>

Cutting Knowledge Date: December 2023
Today Date: 26 July 2024

<|eot_id|><|start_header_id|>user<|end_header_id|>

In what language is the libretto of 'La grotta di Trofonio' written?<|eot_id|><|start_header_id|>assistant<|end_header_id|>

",Italian,entity,Italian,0.953125,1.0,0.9999998807907104,1.0502962483124219
616,Giovanni Battista Casti,"<|begin_of_text|><|start_header_id|>system<|end_header_id|>

Cutting Knowledge Date: December 2023
Today Date: 26 July 2024

<|eot_id|><|start_header_id|>user<|end_header_id|>

Who was instrumental in the revival of Antonio Vivaldi's music in the 20th century?<|eot_id|><|start_header_id|>assistant<|end_header_id|>

","Fritz Kreisler, Marc Pincherle, and others",domain,Walter Kolneder,0.72265625,0.0,0.4837047755718231,2.8710778018843075
617,Giovanni Battista Casti,"<|begin_of_text|><|start_header_id|>system<|end_header_id|>

Cutting Knowledge Date: December 2023
Today Date: 26 July 2024

<|eot_id|><|start_header_id|>user<|end_header_id|>

What is the meaning of the name 'Acquapendentem'?<|eot_id|><|start_header_id|>assistant<|end_header_id|>

",Hanging water.,entity,Water below,0.462890625,0.5,0.6097515225410461,4.69676981955058
618,Giovanni Battista Casti,"<|begin_of_text|><|start_header_id|>system<|end_header_id|>

Cutting Knowledge Date: December 2023
Today Date: 26 July 2024

<|eot_id|><|start_header_id|>user<|end_header_id|>

Who conducted Gluck's De profundis at his formal commemoration?<|eot_id|><|start_header_id|>assistant<|end_header_id|>

",Antonio Salieri,domain,Antonio Salieri,0.984375,1.0,1.0,1.0137657624676528
619,Giovanni Battista Casti,"<|begin_of_text|><|start_header_id|>system<|end_header_id|>

Cutting Knowledge Date: December 2023
Today Date: 26 July 2024

<|eot_id|><|start_header_id|>user<|end_header_id|>

How many operas did Antonio Vivaldi compose?<|eot_id|><|start_header_id|>assistant<|end_header_id|>

",Around 50,domain,Around 50,0.85546875,1.0,0.9999999403953552,1.1840553841245272
620,Giovanni Battista Casti,"<|begin_of_text|><|start_header_id|>system<|end_header_id|>

Cutting Knowledge Date: December 2023
Today Date: 26 July 2024

<|eot_id|><|start_header_id|>user<|end_header_id|>

What was the name of Gluck's musical heir in Paris?<|eot_id|><|start_header_id|>assistant<|end_header_id|>

",Antonio Salieri,domain,Antonio Salieri,0.98828125,1.0,1.0,1.0114789575727852
621,Giovanni Battista Casti,"<|begin_of_text|><|start_header_id|>system<|end_header_id|>

Cutting Knowledge Date: December 2023
Today Date: 26 July 2024

<|eot_id|><|start_header_id|>user<|end_header_id|>

What was the name of Antonio Vivaldi's father?<|eot_id|><|start_header_id|>assistant<|end_header_id|>

",Giovanni Battista Vivaldi,domain,Giovanni Battista Vivaldi,0.9921875,1.0,1.0000001192092896,1.0064599852608698
622,Giovanni Battista Casti,"<|begin_of_text|><|start_header_id|>system<|end_header_id|>

Cutting Knowledge Date: December 2023
Today Date: 26 July 2024

<|eot_id|><|start_header_id|>user<|end_header_id|>

At what age did Antonio Vivaldi begin studying to become a priest?<|eot_id|><|start_header_id|>assistant<|end_header_id|>

",15,domain,15,0.9921875,1.0,1.0,1.0067979039097483
623,Giovanni Battista Casti,"<|begin_of_text|><|start_header_id|>system<|end_header_id|>

Cutting Knowledge Date: December 2023
Today Date: 26 July 2024

<|eot_id|><|start_header_id|>user<|end_header_id|>

At what age was Antonio Vivaldi ordained as a priest?<|eot_id|><|start_header_id|>assistant<|end_header_id|>

",25,domain,25,0.98828125,1.0,0.9999999403953552,1.0104916673070683
624,Giovanni Battista Casti,"<|begin_of_text|><|start_header_id|>system<|end_header_id|>

Cutting Knowledge Date: December 2023
Today Date: 26 July 2024

<|eot_id|><|start_header_id|>user<|end_header_id|>

How did World War II affect Montefiascone?<|eot_id|><|start_header_id|>assistant<|end_header_id|>

",Montefiascone was damaged by two Allied bombings in May 1944.,entity,Montefiascone was involved in the Italian resistance and was bombed by the Allies.,0.58984375,0.3076923076923077,0.5825577974319458,2.35247684568587
625,Giovanni Battista Casti,"<|begin_of_text|><|start_header_id|>system<|end_header_id|>

Cutting Knowledge Date: December 2023
Today Date: 26 July 2024

<|eot_id|><|start_header_id|>user<|end_header_id|>

What instrument did Antonio Vivaldi play?<|eot_id|><|start_header_id|>assistant<|end_header_id|>

",Violin,domain,Violin,0.99609375,1.0,1.0,1.0038066654929003
626,Giovanni Battista Casti,"<|begin_of_text|><|start_header_id|>system<|end_header_id|>

Cutting Knowledge Date: December 2023
Today Date: 26 July 2024

<|eot_id|><|start_header_id|>user<|end_header_id|>

What was the name of Antonio Vivaldi's first opera?<|eot_id|><|start_header_id|>assistant<|end_header_id|>

",Ottone in villa,domain,Ottone in villa,0.99609375,1.0,1.0,1.004741429782498
627,Giovanni Battista Casti,"<|begin_of_text|><|start_header_id|>system<|end_header_id|>

Cutting Knowledge Date: December 2023
Today Date: 26 July 2024

<|eot_id|><|start_header_id|>user<|end_header_id|>

What was the name of Antonio Vivaldi's most famous work?<|eot_id|><|start_header_id|>assistant<|end_header_id|>

",The Four Seasons,domain,The Four Seasons,1.0,1.0,1.0,1.0023220276777098
628,Giovanni Battista Casti,"<|begin_of_text|><|start_header_id|>system<|end_header_id|>

Cutting Knowledge Date: December 2023
Today Date: 26 July 2024

<|eot_id|><|start_header_id|>user<|end_header_id|>

Where was Antonio Vivaldi born?<|eot_id|><|start_header_id|>assistant<|end_header_id|>

","Venice, Republic of Venice",domain,Venice,0.875,1.0,0.9324460029602051,1.1805915483221041
629,Giovanni Battista Casti,"<|begin_of_text|><|start_header_id|>system<|end_header_id|>

Cutting Knowledge Date: December 2023
Today Date: 26 July 2024

<|eot_id|><|start_header_id|>user<|end_header_id|>

Why did Antonio Vivaldi leave Venice?<|eot_id|><|start_header_id|>assistant<|end_header_id|>

",To take up a position as a composer in the imperial court in Vienna,domain,To take up the position of composer and musician at the court of the Holy Roman Emperor in Vienna,0.6484375,0.47368421052631576,0.9086390733718872,1.8537071520464343
630,Giovanni Battista Casti,"<|begin_of_text|><|start_header_id|>system<|end_header_id|>

Cutting Knowledge Date: December 2023
Today Date: 26 July 2024

<|eot_id|><|start_header_id|>user<|end_header_id|>

Where did Antonio Vivaldi die?<|eot_id|><|start_header_id|>assistant<|end_header_id|>

",Vienna,domain,Vienna,1.0,1.0,0.9999998807907104,1.0003471977103495
631,Giovanni Battista Casti,"<|begin_of_text|><|start_header_id|>system<|end_header_id|>

Cutting Knowledge Date: December 2023
Today Date: 26 July 2024

<|eot_id|><|start_header_id|>user<|end_header_id|>

What is the name of the catalog used to identify Antonio Vivaldi's compositions?<|eot_id|><|start_header_id|>assistant<|end_header_id|>

",Ryom-Verzeichnis,domain,Ryom-Verzeichnis (RV),0.9375,0.6666666666666666,0.9265544414520264,1.0707500401388383
632,Hartmann von Aue,"<|begin_of_text|><|start_header_id|>system<|end_header_id|>

Cutting Knowledge Date: December 2023
Today Date: 26 July 2024

<|eot_id|><|start_header_id|>user<|end_header_id|>

What type of songs did Reinmar von Hagenau compose and perform?<|eot_id|><|start_header_id|>assistant<|end_header_id|>

",Love-songs in Middle High German,domain,Love-songs in Middle High German,0.90234375,1.0,0.9999998807907104,1.1177616122175784
633,Hartmann von Aue,"<|begin_of_text|><|start_header_id|>system<|end_header_id|>

Cutting Knowledge Date: December 2023
Today Date: 26 July 2024

<|eot_id|><|start_header_id|>user<|end_header_id|>

What is the Neue Deutsche Biographie?<|eot_id|><|start_header_id|>assistant<|end_header_id|>

",It is a biographical reference work.,entity,It is a biographical reference work.,0.96875,1.0,1.0,1.0319953287303012
634,Hartmann von Aue,"<|begin_of_text|><|start_header_id|>system<|end_header_id|>

Cutting Knowledge Date: December 2023
Today Date: 26 July 2024

<|eot_id|><|start_header_id|>user<|end_header_id|>

What is the significance of the sparrow-hawk in the story?<|eot_id|><|start_header_id|>assistant<|end_header_id|>

","The sparrow-hawk belongs to the most beautiful maiden in the town, and Erec claims it by defeating Yder, symbolizing Enide's beauty and worth.",entity,"The sparrow-hawk is a symbol of the narrator's love for the lady, and its death is a metaphor for the loss of that love.",0.58984375,0.23076923076923078,0.5031697750091553,4.177393552442564
635,Hartmann von Aue,"<|begin_of_text|><|start_header_id|>system<|end_header_id|>

Cutting Knowledge Date: December 2023
Today Date: 26 July 2024

<|eot_id|><|start_header_id|>user<|end_header_id|>

How does Gregorius discover his true origins?<|eot_id|><|start_header_id|>assistant<|end_header_id|>

",The abbot reveals a tablet that relates the story of his birth.,entity,"He discovers a tombstone in Rome that mentions a certain 'Wigbertus, de genere Langobardorum', which he believes refers to himself.",0.35546875,0.1,0.2739063501358032,12.374340325455691
636,Hartmann von Aue,"<|begin_of_text|><|start_header_id|>system<|end_header_id|>

Cutting Knowledge Date: December 2023
Today Date: 26 July 2024

<|eot_id|><|start_header_id|>user<|end_header_id|>

What is 'Der arme Heinrich' about?<|eot_id|><|start_header_id|>assistant<|end_header_id|>

","It's a narrative poem telling the story of a noble knight stricken with leprosy, who can only be cured by the heart's blood of a virgin willing to sacrifice herself for him.",entity,It is a narrative poem about a noble named Heinrich who is afflicted with a leprosy-causing curse and can only be cured by the sacrifice of a white dove.,0.82421875,0.5333333333333333,0.7586263418197632,1.3221998136791053
637,Hartmann von Aue,"<|begin_of_text|><|start_header_id|>system<|end_header_id|>

Cutting Knowledge Date: December 2023
Today Date: 26 July 2024

<|eot_id|><|start_header_id|>user<|end_header_id|>

What is the name of the square in Bolzano where a statue of Walter von der Vogelweide was unveiled in 1889?<|eot_id|><|start_header_id|>assistant<|end_header_id|>

",Walther von der Vogelweide-Platz,domain,Walther von der Vogelweide-Platz,0.98828125,1.0,1.0,1.0125290104404983
638,Hartmann von Aue,"<|begin_of_text|><|start_header_id|>system<|end_header_id|>

Cutting Knowledge Date: December 2023
Today Date: 26 July 2024

<|eot_id|><|start_header_id|>user<|end_header_id|>

When was 'Der arme Heinrich' probably written?<|eot_id|><|start_header_id|>assistant<|end_header_id|>

",In the 1190s.,entity,In the early 13th century.,0.7890625,0.4,0.6838068962097168,1.3562011239273402
639,Hartmann von Aue,"<|begin_of_text|><|start_header_id|>system<|end_header_id|>

Cutting Knowledge Date: December 2023
Today Date: 26 July 2024

<|eot_id|><|start_header_id|>user<|end_header_id|>

Are the articles from the first 26 volumes of Neue Deutsche Biographie available online?<|eot_id|><|start_header_id|>assistant<|end_header_id|>

","Yes, they are freely available online.",entity,"Yes, they are available online through the Digitale Bibliothek or in printed form through the Deutsche Biographie.",0.78125,0.29411764705882354,0.5649631023406982,1.4779041954117385
640,Hartmann von Aue,"<|begin_of_text|><|start_header_id|>system<|end_header_id|>

Cutting Knowledge Date: December 2023
Today Date: 26 July 2024

<|eot_id|><|start_header_id|>user<|end_header_id|>

When was Iwein likely completed?<|eot_id|><|start_header_id|>assistant<|end_header_id|>

",Iwein was likely completed around the start of the 13th century.,entity,Iwein was likely completed around 1195-1200.,0.80859375,0.7142857142857143,0.7847537994384766,1.9426684157185412
641,Hartmann von Aue,"<|begin_of_text|><|start_header_id|>system<|end_header_id|>

Cutting Knowledge Date: December 2023
Today Date: 26 July 2024

<|eot_id|><|start_header_id|>user<|end_header_id|>

How does Erec meet Enide?<|eot_id|><|start_header_id|>assistant<|end_header_id|>

","Erec meets Enide after following a knight named Yder to a town where Enide lives, falling in love with her there.",entity,Erec meets Enide when he rescues her from being sold by her uncle.,0.58203125,0.3076923076923077,0.6007816791534424,2.7396015770741706
642,Hartmann von Aue,"<|begin_of_text|><|start_header_id|>system<|end_header_id|>

Cutting Knowledge Date: December 2023
Today Date: 26 July 2024

<|eot_id|><|start_header_id|>user<|end_header_id|>

What must Heinrich do to be cured of his leprosy?<|eot_id|><|start_header_id|>assistant<|end_header_id|>

",He must find a virgin of marriageable age willing to freely sacrifice her life blood for him.,entity,He must be burned at the stake.,0.490234375,0.2857142857142857,0.18681296706199646,5.66538583090943
643,Hartmann von Aue,"<|begin_of_text|><|start_header_id|>system<|end_header_id|>

Cutting Knowledge Date: December 2023
Today Date: 26 July 2024

<|eot_id|><|start_header_id|>user<|end_header_id|>

Who wrote a modernised and colloquial verse translation of 34 songs by Walter von der Vogelweide?<|eot_id|><|start_header_id|>assistant<|end_header_id|>

",Peter Rühmkorf,domain,Peter Rühmkorf,0.890625,1.0,0.9999999403953552,1.1487471055123326
644,Hartmann von Aue,"<|begin_of_text|><|start_header_id|>system<|end_header_id|>

Cutting Knowledge Date: December 2023
Today Date: 26 July 2024

<|eot_id|><|start_header_id|>user<|end_header_id|>

How many complete manuscripts and fragments of Walter von der Vogelweide's work are preserved?<|eot_id|><|start_header_id|>assistant<|end_header_id|>

",Over 30,domain,Over 30,0.890625,1.0,0.9999999403953552,1.1431516606573842
645,Hartmann von Aue,"<|begin_of_text|><|start_header_id|>system<|end_header_id|>

Cutting Knowledge Date: December 2023
Today Date: 26 July 2024

<|eot_id|><|start_header_id|>user<|end_header_id|>

Who evaluated Walter von der Vogelweide's work as one of the most outstanding and innovative authors of his generation?<|eot_id|><|start_header_id|>assistant<|end_header_id|>

",Grove Music Online,domain,Grove Music Online,0.828125,1.0,0.9999998807907104,1.301701005576294
646,Hartmann von Aue,"<|begin_of_text|><|start_header_id|>system<|end_header_id|>

Cutting Knowledge Date: December 2023
Today Date: 26 July 2024

<|eot_id|><|start_header_id|>user<|end_header_id|>

What is the name of the poem that is considered one of Walter von der Vogelweide's most beautiful lyrics, written after the death of Duke Frederick I?<|eot_id|><|start_header_id|>assistant<|end_header_id|>

","Not specified, but it is mentioned as one of his most beautiful lyrics",domain,"Not specified, but it is mentioned as one of his most beautiful lyrics",0.94921875,1.0,0.9999999403953552,1.0600855467779053
647,Hartmann von Aue,"<|begin_of_text|><|start_header_id|>system<|end_header_id|>

Cutting Knowledge Date: December 2023
Today Date: 26 July 2024

<|eot_id|><|start_header_id|>user<|end_header_id|>

What is the name of the garden where Walter von der Vogelweide's tomb is located?<|eot_id|><|start_header_id|>assistant<|end_header_id|>

",Lusamgärtchen,domain,Grimm's garden in Hanau,0.67578125,0.0,0.3615046739578247,6.5208191203301125
648,Hartmann von Aue,"<|begin_of_text|><|start_header_id|>system<|end_header_id|>

Cutting Knowledge Date: December 2023
Today Date: 26 July 2024

<|eot_id|><|start_header_id|>user<|end_header_id|>

Where was Walter von der Vogelweide buried?<|eot_id|><|start_header_id|>assistant<|end_header_id|>

",Würzburg,domain,Würzburg,0.98828125,1.0,1.0,1.0114789575727852
649,Hartmann von Aue,"<|begin_of_text|><|start_header_id|>system<|end_header_id|>

Cutting Knowledge Date: December 2023
Today Date: 26 July 2024

<|eot_id|><|start_header_id|>user<|end_header_id|>

What is the main plot of Erec and Enide?<|eot_id|><|start_header_id|>assistant<|end_header_id|>

",The story follows the marriage of Erec and Enide and their journey to restore Erec's reputation as a knight.,entity,The story of Erec and Enide revolves around the marriage of Erec and Enide and their journey to achieve happiness and glory.,0.87890625,0.5454545454545454,0.819466233253479,1.1933420456000339
650,Hartmann von Aue,"<|begin_of_text|><|start_header_id|>system<|end_header_id|>

Cutting Knowledge Date: December 2023
Today Date: 26 July 2024

<|eot_id|><|start_header_id|>user<|end_header_id|>

Who publishes the Neue Deutsche Biographie?<|eot_id|><|start_header_id|>assistant<|end_header_id|>

",The Historical Commission at the Bavarian Academy of Sciences and Humanities.,entity,The Historical Commission at the Bavarian Academy of Sciences and Humanities.,0.9765625,1.0,1.0,1.0253401529374337
651,Hartmann von Aue,"<|begin_of_text|><|start_header_id|>system<|end_header_id|>

Cutting Knowledge Date: December 2023
Today Date: 26 July 2024

<|eot_id|><|start_header_id|>user<|end_header_id|>

What is the significance of the lion in Iwein's story?<|eot_id|><|start_header_id|>assistant<|end_header_id|>

","The lion becomes Iwein's companion after Iwein helps it fight a dragon, symbolizing Iwein's restored honour and heroism.",entity,The lion is a symbol of Iwein's knightly virtues and represents his struggle with his own nature.,0.609375,0.3888888888888889,0.6760704517364502,3.2029187389124782
652,Hartmann von Aue,"<|begin_of_text|><|start_header_id|>system<|end_header_id|>

Cutting Knowledge Date: December 2023
Today Date: 26 July 2024

<|eot_id|><|start_header_id|>user<|end_header_id|>

What marked the 'golden age' of medieval German literature?<|eot_id|><|start_header_id|>assistant<|end_header_id|>

","The period around 1170 to 1230, known for the blossoming of Minnesang, courtly romances, and a new take on the heroic tradition.",entity,The period around 1170 to 1230.,0.5703125,1.0,0.5946602821350098,4.1126290683490705
653,Hartmann von Aue,"<|begin_of_text|><|start_header_id|>system<|end_header_id|>

Cutting Knowledge Date: December 2023
Today Date: 26 July 2024

<|eot_id|><|start_header_id|>user<|end_header_id|>

What influenced the early MHG lyric poetry known as Minnesang?<|eot_id|><|start_header_id|>assistant<|end_header_id|>

",The French and Provençal tradition of courtly love song.,entity,"French and Provençal courtly love songs, and the works of the German poet Hartmann von Aue",0.76953125,0.4117647058823529,0.671347975730896,1.4129830741948972
654,Hartmann von Aue,"<|begin_of_text|><|start_header_id|>system<|end_header_id|>

Cutting Knowledge Date: December 2023
Today Date: 26 July 2024

<|eot_id|><|start_header_id|>user<|end_header_id|>

Who is the author of Erec and Enide?<|eot_id|><|start_header_id|>assistant<|end_header_id|>

",Chrétien de Troyes,entity,Chrétien de Troyes,1.0,1.0,1.000000238418579,1.0019473893099096
655,Hartmann von Aue,"<|begin_of_text|><|start_header_id|>system<|end_header_id|>

Cutting Knowledge Date: December 2023
Today Date: 26 July 2024

<|eot_id|><|start_header_id|>user<|end_header_id|>

How does Heinrich react upon seeing the girl prepared for the sacrifice?<|eot_id|><|start_header_id|>assistant<|end_header_id|>

","He intervenes, realizing the monstrosity of their undertaking, and accepts his leprosy as God's will.",entity,He refuses to kill her and instead flees with her,0.48828125,0.2,0.20896482467651367,8.912902981198737
656,Hartmann von Aue,"<|begin_of_text|><|start_header_id|>system<|end_header_id|>

Cutting Knowledge Date: December 2023
Today Date: 26 July 2024

<|eot_id|><|start_header_id|>user<|end_header_id|>

What was the name of the emperor who gave Walter von der Vogelweide a small fief in Franconia?<|eot_id|><|start_header_id|>assistant<|end_header_id|>

",Frederick II,domain,Frederick II,0.99609375,1.0,0.9999999403953552,1.0040058046074765
657,Hartmann von Aue,"<|begin_of_text|><|start_header_id|>system<|end_header_id|>

Cutting Knowledge Date: December 2023
Today Date: 26 July 2024

<|eot_id|><|start_header_id|>user<|end_header_id|>

What is the name of the story that features Walter von der Vogelweide as one of the traditional competitors in the tale of the song contest at the Wartburg?<|eot_id|><|start_header_id|>assistant<|end_header_id|>

",The tale of the song contest at the Wartburg,domain,The story of the song contest at the Wartburg,0.9375,0.8888888888888888,0.9876456260681152,1.0886745395185953
658,Hartmann von Aue,"<|begin_of_text|><|start_header_id|>system<|end_header_id|>

Cutting Knowledge Date: December 2023
Today Date: 26 July 2024

<|eot_id|><|start_header_id|>user<|end_header_id|>

How does the story of Erec and Enide conclude?<|eot_id|><|start_header_id|>assistant<|end_header_id|>

","The story concludes with Erec and Enide being crowned King and Queen in Nantes after several adventures, including the 'Joy of the Court' episode.",entity,"The story concludes with Erec and Enide being crowned king and queen, and they go to the Waste, where Erec is healed.",0.69921875,0.5909090909090909,0.7293816804885864,2.244749087691627
659,Hartmann von Aue,"<|begin_of_text|><|start_header_id|>system<|end_header_id|>

Cutting Knowledge Date: December 2023
Today Date: 26 July 2024

<|eot_id|><|start_header_id|>user<|end_header_id|>

Who was Walter von der Vogelweide's master and patron in Vienna?<|eot_id|><|start_header_id|>assistant<|end_header_id|>

",Duke Frederick I of the house of Babenberg and Reinmar von Hagenau,domain,Duke Frederick I of the house of Babenberg,0.8671875,1.0,0.9130407571792603,1.4807935477580523
660,Hartmann von Aue,"<|begin_of_text|><|start_header_id|>system<|end_header_id|>

Cutting Knowledge Date: December 2023
Today Date: 26 July 2024

<|eot_id|><|start_header_id|>user<|end_header_id|>

What is the name of the poem that pictures the changes that had taken place in the scenes of Walter von der Vogelweide's childhood?<|eot_id|><|start_header_id|>assistant<|end_header_id|>

","Not specified, but it is mentioned as a poem about his native Tirol",domain,"Not specified, but it is mentioned as a poem about his native Tirol",0.89453125,1.0,0.9999997615814209,1.14538656055358
661,Hartmann von Aue,"<|begin_of_text|><|start_header_id|>system<|end_header_id|>

Cutting Knowledge Date: December 2023
Today Date: 26 July 2024

<|eot_id|><|start_header_id|>user<|end_header_id|>

What is often repressed in Reinmar's lyrics?<|eot_id|><|start_header_id|>assistant<|end_header_id|>

",Passion and natural feeling,domain,Love and desire,0.451171875,0.3333333333333333,0.7085739374160767,3.715450737941104
662,Hartmann von Aue,"<|begin_of_text|><|start_header_id|>system<|end_header_id|>

Cutting Knowledge Date: December 2023
Today Date: 26 July 2024

<|eot_id|><|start_header_id|>user<|end_header_id|>

What was Reinmar's status in the century after his death?<|eot_id|><|start_header_id|>assistant<|end_header_id|>

","Paramount, second only to Walther",domain,He was considered the greatest of all Middle High German love-singers,0.71484375,0.0,0.20921899378299713,2.6971279914439186
663,Hartmann von Aue,"<|begin_of_text|><|start_header_id|>system<|end_header_id|>

Cutting Knowledge Date: December 2023
Today Date: 26 July 2024

<|eot_id|><|start_header_id|>user<|end_header_id|>

Who included Reinmar as one of the 'twelve old masters' of their craft?<|eot_id|><|start_header_id|>assistant<|end_header_id|>

",The meistersinger of the 15th century,domain,The Meistersinger of Nuremberg,0.86328125,0.75,0.748534083366394,1.3170450451188909
664,Hartmann von Aue,"<|begin_of_text|><|start_header_id|>system<|end_header_id|>

Cutting Knowledge Date: December 2023
Today Date: 26 July 2024

<|eot_id|><|start_header_id|>user<|end_header_id|>

Where was Ulrich von Hutten born?<|eot_id|><|start_header_id|>assistant<|end_header_id|>

","Steckelberg Castle, now in Schlüchtern, Hesse",domain,"Steckelberg Castle, now in Schlüchtern, Hesse",0.8046875,1.0,1.0,1.3615091450469345
665,Hartmann von Aue,"<|begin_of_text|><|start_header_id|>system<|end_header_id|>

Cutting Knowledge Date: December 2023
Today Date: 26 July 2024

<|eot_id|><|start_header_id|>user<|end_header_id|>

When was Reinmar von Hagenau a German Minnesänger?<|eot_id|><|start_header_id|>assistant<|end_header_id|>

",Late twelfth century,domain,Late twelfth century,0.8984375,1.0,0.9999998211860657,1.132595292983566
666,Hartmann von Aue,"<|begin_of_text|><|start_header_id|>system<|end_header_id|>

Cutting Knowledge Date: December 2023
Today Date: 26 July 2024

<|eot_id|><|start_header_id|>user<|end_header_id|>

What was the occupation of Ulrich von Hutten's father?<|eot_id|><|start_header_id|>assistant<|end_header_id|>

",Knight,domain,Knight,0.9453125,1.0,0.9999998211860657,1.0582754243183563
667,Hartmann von Aue,"<|begin_of_text|><|start_header_id|>system<|end_header_id|>

Cutting Knowledge Date: December 2023
Today Date: 26 July 2024

<|eot_id|><|start_header_id|>user<|end_header_id|>

How does the story of Tristan end in Gottfried's version?<|eot_id|><|start_header_id|>assistant<|end_header_id|>

","The story ends with Tristan expressing his emotional confusion over the two Isoldes, and does not provide a complete conclusion",domain,"The story ends with the death of Tristan, and the narrator laments the transience of earthly beauty and the cruelty of fate.",0.486328125,0.3181818181818182,0.664245069026947,4.733607041801626
668,Hartmann von Aue,"<|begin_of_text|><|start_header_id|>system<|end_header_id|>

Cutting Knowledge Date: December 2023
Today Date: 26 July 2024

<|eot_id|><|start_header_id|>user<|end_header_id|>

When was Ulrich von Hutten born?<|eot_id|><|start_header_id|>assistant<|end_header_id|>

",21 April 1488,domain,21 April 1488,1.0,1.0,1.000000238418579,1.0002498938891757
669,Hartmann von Aue,"<|begin_of_text|><|start_header_id|>system<|end_header_id|>

Cutting Knowledge Date: December 2023
Today Date: 26 July 2024

<|eot_id|><|start_header_id|>user<|end_header_id|>

What is the name of the edition that is used as a reference for Walter von der Vogelweide's songs, which includes page and line numbers?<|eot_id|><|start_header_id|>assistant<|end_header_id|>

",Lachmann edition,domain,Lachmann edition,1.0,1.0,0.9999998807907104,1.0020773500205147
670,Hartmann von Aue,"<|begin_of_text|><|start_header_id|>system<|end_header_id|>

Cutting Knowledge Date: December 2023
Today Date: 26 July 2024

<|eot_id|><|start_header_id|>user<|end_header_id|>

What is the time frame for Middle High German literature?<|eot_id|><|start_header_id|>assistant<|end_header_id|>

",Between the middle of the 11th century and the middle of the 14th century.,entity,The 12th to the 14th centuries.,0.9296875,0.6666666666666666,0.8434271216392517,1.3119103730967598
671,Hartmann von Aue,"<|begin_of_text|><|start_header_id|>system<|end_header_id|>

Cutting Knowledge Date: December 2023
Today Date: 26 July 2024

<|eot_id|><|start_header_id|>user<|end_header_id|>

When did Gottfried von Strassburg die?<|eot_id|><|start_header_id|>assistant<|end_header_id|>

",Around 1210,domain,Around 1210,0.8984375,1.0,1.0000001192092896,1.1409211215400887
672,Hartmann von Aue,"<|begin_of_text|><|start_header_id|>system<|end_header_id|>

Cutting Knowledge Date: December 2023
Today Date: 26 July 2024

<|eot_id|><|start_header_id|>user<|end_header_id|>

What is the name of the Middle High German courtly romance written by Gottfried von Strassburg?<|eot_id|><|start_header_id|>assistant<|end_header_id|>

",Tristan,domain,Tristan,0.9921875,1.0,0.9999996423721313,1.0062142974834347
673,Hartmann von Aue,"<|begin_of_text|><|start_header_id|>system<|end_header_id|>

Cutting Knowledge Date: December 2023
Today Date: 26 July 2024

<|eot_id|><|start_header_id|>user<|end_header_id|>

What is known about Gottfried's life?<|eot_id|><|start_header_id|>assistant<|end_header_id|>

",Nothing is known about his life except that he was probably from Strasbourg and was a man of good birth and position,domain,Nothing is known about Gottfried's life except that he was a knight and a friend of the poet Wolfram von Eschenbach,0.73046875,0.5454545454545454,0.49786901473999023,1.5159095547723156
674,Hartmann von Aue,"<|begin_of_text|><|start_header_id|>system<|end_header_id|>

Cutting Knowledge Date: December 2023
Today Date: 26 July 2024

<|eot_id|><|start_header_id|>user<|end_header_id|>

What office did Gottfried likely hold in his native city of Strasbourg?<|eot_id|><|start_header_id|>assistant<|end_header_id|>

",An important municipal office,domain,"Not specified, but likely a municipal office",0.451171875,0.2857142857142857,0.7719083428382874,6.320194607432744
675,Hartmann von Aue,"<|begin_of_text|><|start_header_id|>system<|end_header_id|>

Cutting Knowledge Date: December 2023
Today Date: 26 July 2024

<|eot_id|><|start_header_id|>user<|end_header_id|>

What suggests that Gottfried was not a knight?<|eot_id|><|start_header_id|>assistant<|end_header_id|>

","The fact that he is always referred to as Meister (master) and not Herr (sir), and his dismissive attitude towards knightly exploits in Tristan",domain,The fact that he is not called 'Herr' (Lord) in the manuscript of Tristan,0.6953125,0.6428571428571429,0.6901884078979492,2.553589458062927
676,Hartmann von Aue,"<|begin_of_text|><|start_header_id|>system<|end_header_id|>

Cutting Knowledge Date: December 2023
Today Date: 26 July 2024

<|eot_id|><|start_header_id|>user<|end_header_id|>

What level of education did Gottfried likely have?<|eot_id|><|start_header_id|>assistant<|end_header_id|>

",A high level of monastic education,domain,He likely had the education of a cleric or a member of the lower nobility,0.62109375,0.13333333333333333,0.5293474793434143,2.665705498564471
677,Hartmann von Aue,"<|begin_of_text|><|start_header_id|>system<|end_header_id|>

Cutting Knowledge Date: December 2023
Today Date: 26 July 2024

<|eot_id|><|start_header_id|>user<|end_header_id|>

What is distinctive about Gottfried's rhetorical style?<|eot_id|><|start_header_id|>assistant<|end_header_id|>

","It is incredibly complex, marked by the extensive use of symmetrical structure and detailed word and sound patterns",domain,It is highly self-conscious and artificial,0.392578125,0.42857142857142855,0.3330734372138977,10.099642225480054
678,Hartmann von Aue,"<|begin_of_text|><|start_header_id|>system<|end_header_id|>

Cutting Knowledge Date: December 2023
Today Date: 26 July 2024

<|eot_id|><|start_header_id|>user<|end_header_id|>

What literary device does Gottfried use to both humorous and tragic effects?<|eot_id|><|start_header_id|>assistant<|end_header_id|>

",Irony,domain,Irony,0.74609375,1.0,1.000000238418579,1.4212865748006966
679,Hartmann von Aue,"<|begin_of_text|><|start_header_id|>system<|end_header_id|>

Cutting Knowledge Date: December 2023
Today Date: 26 July 2024

<|eot_id|><|start_header_id|>user<|end_header_id|>

What is the source of Gottfried's work Tristan?<|eot_id|><|start_header_id|>assistant<|end_header_id|>

","The Tristan of Thomas of Britain, an Anglo-French work of around 1160",domain,"The Tristan of Thomas of Britain, an Anglo-French work of around 1160",0.84765625,1.0,1.0,1.2062302494209807
680,Hartmann von Aue,"<|begin_of_text|><|start_header_id|>system<|end_header_id|>

Cutting Knowledge Date: December 2023
Today Date: 26 July 2024

<|eot_id|><|start_header_id|>user<|end_header_id|>

How does Gottfried's Tristan differ from other versions of the story?<|eot_id|><|start_header_id|>assistant<|end_header_id|>

",Gottfried's Tristan is more psychologically refined and expanded than other versions,domain,"Gottfried's Tristan is the most natural and psychologically convincing version of the story, and it differs from other versions in its detailed and realistic portrayal of the characters and their emotions.",0.6171875,0.25,0.746423602104187,3.6578480133721323
681,Hartmann von Aue,"<|begin_of_text|><|start_header_id|>system<|end_header_id|>

Cutting Knowledge Date: December 2023
Today Date: 26 July 2024

<|eot_id|><|start_header_id|>user<|end_header_id|>

What is the structure of the text of Tristan?<|eot_id|><|start_header_id|>assistant<|end_header_id|>

","It is written in rhyming couplets, with a strophic prologue and acrostic initials",domain,"It is written in rhyming couplets, with a consistent pattern of eight-syllable verses.",0.71875,0.5714285714285714,0.6005518436431885,2.1587541005953903
682,Hartmann von Aue,"<|begin_of_text|><|start_header_id|>system<|end_header_id|>

Cutting Knowledge Date: December 2023
Today Date: 26 July 2024

<|eot_id|><|start_header_id|>user<|end_header_id|>

What is the significance of the initial letters of the quatrains in the prologue?<|eot_id|><|start_header_id|>assistant<|end_header_id|>

","They form an acrostic with the names Gotefrid-Tristan-Isolde, and also give the name Dieterich, which is assumed to be the name of Gottfried's patron",domain,They spell out the name 'Alphabetum',0.5625,0.5,0.27860087156295776,5.038898466692391
683,Hartmann von Aue,"<|begin_of_text|><|start_header_id|>system<|end_header_id|>

Cutting Knowledge Date: December 2023
Today Date: 26 July 2024

<|eot_id|><|start_header_id|>user<|end_header_id|>

What is the story of Tristan about?<|eot_id|><|start_header_id|>assistant<|end_header_id|>

","The story of Tristan and Isolde, and their doomed love",domain,"The story of Tristan is about the tragic love affair between Tristan and Iseult, and the loyalty of Tristan to his lord, King Mark.",0.7265625,0.25,0.7051697969436646,2.408264226404181
684,Hartmann von Aue,"<|begin_of_text|><|start_header_id|>system<|end_header_id|>

Cutting Knowledge Date: December 2023
Today Date: 26 July 2024

<|eot_id|><|start_header_id|>user<|end_header_id|>

What is the significance of the love potion in the story of Tristan?<|eot_id|><|start_header_id|>assistant<|end_header_id|>

","The love potion is a contentious element in the story, and its power and significance are open to interpretation",domain,"The love potion is a central element in the story of Tristan, symbolizing the all-consuming and often destructive nature of love",0.60546875,0.45454545454545453,0.7394719123840332,4.017360118591115
685,Hartmann von Aue,"<|begin_of_text|><|start_header_id|>system<|end_header_id|>

Cutting Knowledge Date: December 2023
Today Date: 26 July 2024

<|eot_id|><|start_header_id|>user<|end_header_id|>

When was Walter von der Vogelweide born?<|eot_id|><|start_header_id|>assistant<|end_header_id|>

",Around 1170,domain,Around 1170,0.953125,1.0,1.0000001192092896,1.052606565415569
686,Hartmann von Aue,"<|begin_of_text|><|start_header_id|>system<|end_header_id|>

Cutting Knowledge Date: December 2023
Today Date: 26 July 2024

<|eot_id|><|start_header_id|>user<|end_header_id|>

What was Walter von der Vogelweide's occupation?<|eot_id|><|start_header_id|>assistant<|end_header_id|>

","Minnesänger, a travelling singer and poet",domain,"Minnesänger, a traveling singer and poet",0.734375,1.0,0.988696813583374,1.4521524078815373
687,Hartmann von Aue,"<|begin_of_text|><|start_header_id|>system<|end_header_id|>

Cutting Knowledge Date: December 2023
Today Date: 26 July 2024

<|eot_id|><|start_header_id|>user<|end_header_id|>

What is the name of the collection that includes around 90% of Walter von der Vogelweide's known songs?<|eot_id|><|start_header_id|>assistant<|end_header_id|>

",Codex Manesse,domain,Codex Manesse,0.9609375,1.0,1.0,1.040851431657341
688,Hartmann von Aue,"<|begin_of_text|><|start_header_id|>system<|end_header_id|>

Cutting Knowledge Date: December 2023
Today Date: 26 July 2024

<|eot_id|><|start_header_id|>user<|end_header_id|>

What is characteristic of Reinmar's lyrics?<|eot_id|><|start_header_id|>assistant<|end_header_id|>

","Romance influence, perfect form, and courtly sentiment",domain,They are highly conventionalized and follow strict forms,0.52734375,0.125,0.10661374032497406,3.773960573430387
689,Hartmann von Aue,"<|begin_of_text|><|start_header_id|>system<|end_header_id|>

Cutting Knowledge Date: December 2023
Today Date: 26 July 2024

<|eot_id|><|start_header_id|>user<|end_header_id|>

How many volumes of the Neue Deutsche Biographie have been published as of 2016?<|eot_id|><|start_header_id|>assistant<|end_header_id|>

",27 volumes.,entity,26 volumes,0.392578125,0.5,0.9303508400917053,3.1779934275388384
690,Hartmann von Aue,"<|begin_of_text|><|start_header_id|>system<|end_header_id|>

Cutting Knowledge Date: December 2023
Today Date: 26 July 2024

<|eot_id|><|start_header_id|>user<|end_header_id|>

What was the point of issue in the literary feud between Reinmar and Walther?<|eot_id|><|start_header_id|>assistant<|end_header_id|>

",Reinmar's strict adherence to the classical idea of unrequited courtly love,domain,"The point of issue was a lady named Irmegard, who was the subject of Reinmar's poem, and Walther claimed that he had won her love.",0.55078125,0.11538461538461539,0.30967819690704346,6.833759763883972
691,Hartmann von Aue,"<|begin_of_text|><|start_header_id|>system<|end_header_id|>

Cutting Knowledge Date: December 2023
Today Date: 26 July 2024

<|eot_id|><|start_header_id|>user<|end_header_id|>

Who lamented Reinmar's death in his literary excursus?<|eot_id|><|start_header_id|>assistant<|end_header_id|>

",Gottfried von Strassburg,domain,Gottfried von Strassburg,0.9921875,1.0,1.0000001192092896,1.0096285788754975
692,Hartmann von Aue,"<|begin_of_text|><|start_header_id|>system<|end_header_id|>

Cutting Knowledge Date: December 2023
Today Date: 26 July 2024

<|eot_id|><|start_header_id|>user<|end_header_id|>

Where did Ulrich von Hutten receive his education?<|eot_id|><|start_header_id|>assistant<|end_header_id|>

","Fulda Abbey, University of Greifswald, University of Wittenberg",domain,"Fulda Abbey, University of Greifswald, University of Wittenberg, and University of Basel",0.92578125,0.6666666666666666,0.9619393944740295,1.0886745395185953
693,Hartmann von Aue,"<|begin_of_text|><|start_header_id|>system<|end_header_id|>

Cutting Knowledge Date: December 2023
Today Date: 26 July 2024

<|eot_id|><|start_header_id|>user<|end_header_id|>

When was Reinmar der Alte a German Minnesänger?<|eot_id|><|start_header_id|>assistant<|end_header_id|>

",Late twelfth century,domain,Late twelfth century,0.87890625,1.0,0.9999998211860657,1.1668372401697396
694,Hartmann von Aue,"<|begin_of_text|><|start_header_id|>system<|end_header_id|>

Cutting Knowledge Date: December 2023
Today Date: 26 July 2024

<|eot_id|><|start_header_id|>user<|end_header_id|>

Why did Erasmus of Rotterdam refuse to see Ulrich von Hutten when he came to Basel in 1523?<|eot_id|><|start_header_id|>assistant<|end_header_id|>

",Because of their literary quarrel,domain,Because of their literary quarrel,0.828125,1.0,0.9999999403953552,1.2312227884393285
695,Hartmann von Aue,"<|begin_of_text|><|start_header_id|>system<|end_header_id|>

Cutting Knowledge Date: December 2023
Today Date: 26 July 2024

<|eot_id|><|start_header_id|>user<|end_header_id|>

What was the name of the work that Ulrich von Hutten wrote against Erasmus of Rotterdam?<|eot_id|><|start_header_id|>assistant<|end_header_id|>

","Ulrichi ab Hutten cum Erasmo Rotirodamo, Presbytero, Theologo, Expostulatio",domain,Ulrichi ab Hutten cum Erasmo Rotirodamo,0.83203125,1.0,0.8327623605728149,1.3456470830494105
696,Hartmann von Aue,"<|begin_of_text|><|start_header_id|>system<|end_header_id|>

Cutting Knowledge Date: December 2023
Today Date: 26 July 2024

<|eot_id|><|start_header_id|>user<|end_header_id|>

What was the name of the revolt that Ulrich von Hutten and Franz von Sickingen led against the power of the Roman Catholic Church?<|eot_id|><|start_header_id|>assistant<|end_header_id|>

",The Knights' Revolt,domain,The Knights' Revolt,0.9921875,1.0,1.0,1.009135716508487
697,Hartmann von Aue,"<|begin_of_text|><|start_header_id|>system<|end_header_id|>

Cutting Knowledge Date: December 2023
Today Date: 26 July 2024

<|eot_id|><|start_header_id|>user<|end_header_id|>

Who did Ulrich von Hutten accompany on several official journeys to Paris and to the Diet of Augsburg?<|eot_id|><|start_header_id|>assistant<|end_header_id|>

",Archbishop Albert,domain,Archbishop Albert,0.93359375,1.0,1.0,1.0738916027984644
698,Hartmann von Aue,"<|begin_of_text|><|start_header_id|>system<|end_header_id|>

Cutting Knowledge Date: December 2023
Today Date: 26 July 2024

<|eot_id|><|start_header_id|>user<|end_header_id|>

What was the name of the Latin dialogue that Ulrich von Hutten wrote featuring the Germanic chieftain Arminius?<|eot_id|><|start_header_id|>assistant<|end_header_id|>

",Arminius,domain,Arminius,0.99609375,1.0,0.9999999403953552,1.0055696523799624
699,Hartmann von Aue,"<|begin_of_text|><|start_header_id|>system<|end_header_id|>

Cutting Knowledge Date: December 2023
Today Date: 26 July 2024

<|eot_id|><|start_header_id|>user<|end_header_id|>

What was the name of the literary work that Ulrich von Hutten was a chief contributor to?<|eot_id|><|start_header_id|>assistant<|end_header_id|>

",Epistolæ Obscurorum Virorum,domain,Epistolæ Obscurorum Virorum,0.953125,1.0,1.0,1.0518358956034561
700,Hartmann von Aue,"<|begin_of_text|><|start_header_id|>system<|end_header_id|>

Cutting Knowledge Date: December 2023
Today Date: 26 July 2024

<|eot_id|><|start_header_id|>user<|end_header_id|>

What type of songs did Reinmar der Alte compose and perform?<|eot_id|><|start_header_id|>assistant<|end_header_id|>

",Love-songs in Middle High German,domain,Love-songs in Middle High German,0.90625,1.0,0.9999998807907104,1.1085217198023767
701,Hartmann von Aue,"<|begin_of_text|><|start_header_id|>system<|end_header_id|>

Cutting Knowledge Date: December 2023
Today Date: 26 July 2024

<|eot_id|><|start_header_id|>user<|end_header_id|>

What was the name of the disease that Ulrich von Hutten suffered from for the final 15 years of his life?<|eot_id|><|start_header_id|>assistant<|end_header_id|>

",Syphilis,domain,Syphilis,0.96875,1.0,0.9999999403953552,1.033760500518059
702,Hartmann von Aue,"<|begin_of_text|><|start_header_id|>system<|end_header_id|>

Cutting Knowledge Date: December 2023
Today Date: 26 July 2024

<|eot_id|><|start_header_id|>user<|end_header_id|>

What was the name of the work that Ulrich von Hutten wrote about the symptoms of syphilis and its treatment?<|eot_id|><|start_header_id|>assistant<|end_header_id|>

",De morbo Gallico,domain,De morbo Gallico,0.96875,1.0,0.9999998807907104,1.0345179266660296
703,Hartmann von Aue,"<|begin_of_text|><|start_header_id|>system<|end_header_id|>

Cutting Knowledge Date: December 2023
Today Date: 26 July 2024

<|eot_id|><|start_header_id|>user<|end_header_id|>

Why was Ulrich von Hutten destined for the monastic life?<|eot_id|><|start_header_id|>assistant<|end_header_id|>

",Because he was small of stature and sickly,domain,Because he was small of stature and sickly,0.90625,1.0,1.0,1.1292819985396638
704,Hartmann von Aue,"<|begin_of_text|><|start_header_id|>system<|end_header_id|>

Cutting Knowledge Date: December 2023
Today Date: 26 July 2024

<|eot_id|><|start_header_id|>user<|end_header_id|>

What was the name of the work that Ulrich von Hutten published in 1511?<|eot_id|><|start_header_id|>assistant<|end_header_id|>

",Ars Versificatoria,domain,Ars Versificatoria,0.80859375,1.0,0.9999999403953552,1.2865357295090674
705,Hartmann von Aue,"<|begin_of_text|><|start_header_id|>system<|end_header_id|>

Cutting Knowledge Date: December 2023
Today Date: 26 July 2024

<|eot_id|><|start_header_id|>user<|end_header_id|>

What was the name of the school where Ulrich von Hutten received an excellent education?<|eot_id|><|start_header_id|>assistant<|end_header_id|>

",St Rabanus Maurus School,domain,St. Peter's Monastery School in Erfurt,0.7265625,0.2857142857142857,0.4806584119796753,5.239625362128489
706,Hartmann von Aue,"<|begin_of_text|><|start_header_id|>system<|end_header_id|>

Cutting Knowledge Date: December 2023
Today Date: 26 July 2024

<|eot_id|><|start_header_id|>user<|end_header_id|>

What was the name of the poem that Ulrich von Hutten wrote to win the emperor Maximilian's favour?<|eot_id|><|start_header_id|>assistant<|end_header_id|>

",A national poem on the war with Venice,domain,A poem in praise of the Emperor Maximilian,0.474609375,0.375,0.6021168231964111,5.754602676005731
707,Hartmann von Aue,"<|begin_of_text|><|start_header_id|>system<|end_header_id|>

Cutting Knowledge Date: December 2023
Today Date: 26 July 2024

<|eot_id|><|start_header_id|>user<|end_header_id|>

When was Gottfried's Tristan dated to?<|eot_id|><|start_header_id|>assistant<|end_header_id|>

",Around 1210,domain,Around 1210,0.8046875,1.0,1.0000001192092896,1.3404009022489867
708,Hartmann von Aue,"<|begin_of_text|><|start_header_id|>system<|end_header_id|>

Cutting Knowledge Date: December 2023
Today Date: 26 July 2024

<|eot_id|><|start_header_id|>user<|end_header_id|>

What is known about Reinmar's life?<|eot_id|><|start_header_id|>assistant<|end_header_id|>

",Nothing is known except what can be deduced from manuscript evidence and remarks by contemporaries,domain,Nothing is known except what can be inferred from his works and the Minnesang tradition,0.66015625,0.6,0.6039218306541443,2.475023769963025
709,Hartmann von Aue,"<|begin_of_text|><|start_header_id|>system<|end_header_id|>

Cutting Knowledge Date: December 2023
Today Date: 26 July 2024

<|eot_id|><|start_header_id|>user<|end_header_id|>

How is Reinmar referred to in the Minnesang manuscripts?<|eot_id|><|start_header_id|>assistant<|end_header_id|>

","By his forename, Her Reinmar",domain,Reinmar der Alte,0.5078125,0.3333333333333333,0.5112737417221069,3.1779934275388384
710,Hartmann von Aue,"<|begin_of_text|><|start_header_id|>system<|end_header_id|>

Cutting Knowledge Date: December 2023
Today Date: 26 July 2024

<|eot_id|><|start_header_id|>user<|end_header_id|>

What indicates Reinmar's knightly status?<|eot_id|><|start_header_id|>assistant<|end_header_id|>

",The title Her,domain,The title Her,0.6640625,1.0,1.0,1.6551741833034281
711,Hartmann von Aue,"<|begin_of_text|><|start_header_id|>system<|end_header_id|>

Cutting Knowledge Date: December 2023
Today Date: 26 July 2024

<|eot_id|><|start_header_id|>user<|end_header_id|>

What type of singer was Reinmar?<|eot_id|><|start_header_id|>assistant<|end_header_id|>

",A professional singer reliant on patronage,domain,A professional singer,0.57421875,1.0,0.7752767205238342,2.6971279914439186
712,Hartmann von Aue,"<|begin_of_text|><|start_header_id|>system<|end_header_id|>

Cutting Knowledge Date: December 2023
Today Date: 26 July 2024

<|eot_id|><|start_header_id|>user<|end_header_id|>

Who is mentioned in one of Reinmar's songs?<|eot_id|><|start_header_id|>assistant<|end_header_id|>

","Leopold V, Duke of Austria",domain,Wolframs of Eschenbach,0.86328125,0.3333333333333333,0.2429056316614151,2.175685418851178
713,Hartmann von Aue,"<|begin_of_text|><|start_header_id|>system<|end_header_id|>

Cutting Knowledge Date: December 2023
Today Date: 26 July 2024

<|eot_id|><|start_header_id|>user<|end_header_id|>

When was the song 'Si jehent der sumer der sî hie' composed?<|eot_id|><|start_header_id|>assistant<|end_header_id|>

",Summer of 1195,domain,The song 'Si jehent der sumer der sî hie' was composed around 1200.,0.46875,0.0,0.16816408932209015,6.470073703341919
714,Hartmann von Aue,"<|begin_of_text|><|start_header_id|>system<|end_header_id|>

Cutting Knowledge Date: December 2023
Today Date: 26 July 2024

<|eot_id|><|start_header_id|>user<|end_header_id|>

Who composed an elegy for Reinmar?<|eot_id|><|start_header_id|>assistant<|end_header_id|>

",Walther von der Vogelweide,domain,Walther von der Vogelweide,0.984375,1.0,1.0000001192092896,1.0145085386677741
715,Hartmann von Aue,"<|begin_of_text|><|start_header_id|>system<|end_header_id|>

Cutting Knowledge Date: December 2023
Today Date: 26 July 2024

<|eot_id|><|start_header_id|>user<|end_header_id|>

How is Gregorius discovered to be the next pope?<|eot_id|><|start_header_id|>assistant<|end_header_id|>

","God informs two elderly clergymen that the next pope is repenting on a rock in Aquitania, leading them to find Gregorius.",entity,"By a miraculous light on the night of the conclave, which shines on the head of the future pope.",0.55078125,0.10526315789473684,0.36012426018714905,4.8458612978620605
716,Heath Ledger,"<|begin_of_text|><|start_header_id|>system<|end_header_id|>

Cutting Knowledge Date: December 2023
Today Date: 26 July 2024

<|eot_id|><|start_header_id|>user<|end_header_id|>

What kind of ancestry did Heath Ledger have?<|eot_id|><|start_header_id|>assistant<|end_header_id|>

","English, Irish, and Scottish",general,"English, Irish, and Scottish",0.99609375,1.0,1.0,1.004618788167785
717,Heath Ledger,"<|begin_of_text|><|start_header_id|>system<|end_header_id|>

Cutting Knowledge Date: December 2023
Today Date: 26 July 2024

<|eot_id|><|start_header_id|>user<|end_header_id|>

Where was Heath Ledger born?<|eot_id|><|start_header_id|>assistant<|end_header_id|>

","Perth, Western Australia",general,"Perth, Western Australia",0.99609375,1.0,0.9999999403953552,1.003668823090489
718,Heath Ledger,"<|begin_of_text|><|start_header_id|>system<|end_header_id|>

Cutting Knowledge Date: December 2023
Today Date: 26 July 2024

<|eot_id|><|start_header_id|>user<|end_header_id|>

What caused Heath Ledger's death?<|eot_id|><|start_header_id|>assistant<|end_header_id|>

",Accidental overdose of medications,general,Accidental overdose of medications,0.93359375,1.0,0.9999998807907104,1.0749408373049731
719,Heath Ledger,"<|begin_of_text|><|start_header_id|>system<|end_header_id|>

Cutting Knowledge Date: December 2023
Today Date: 26 July 2024

<|eot_id|><|start_header_id|>user<|end_header_id|>

What character did Heath Ledger portray in 'The Dark Knight'?<|eot_id|><|start_header_id|>assistant<|end_header_id|>

",The Joker,general,The Joker,0.9921875,1.0,1.0,1.0071666718333143
720,Heath Ledger,"<|begin_of_text|><|start_header_id|>system<|end_header_id|>

Cutting Knowledge Date: December 2023
Today Date: 26 July 2024

<|eot_id|><|start_header_id|>user<|end_header_id|>

What nationality was Heath Ledger?<|eot_id|><|start_header_id|>assistant<|end_header_id|>

",Australian,general,Australian,0.9921875,1.0,0.9999999403953552,1.0066442904613793
721,Heinrich Ritter,"<|begin_of_text|><|start_header_id|>system<|end_header_id|>

Cutting Knowledge Date: December 2023
Today Date: 26 July 2024

<|eot_id|><|start_header_id|>user<|end_header_id|>

When was Arthur Schopenhauer born?<|eot_id|><|start_header_id|>assistant<|end_header_id|>

",22 February 1788,domain,22 February 1788,1.0,1.0,1.0,1.0000068843601686
722,Heinrich Ritter,"<|begin_of_text|><|start_header_id|>system<|end_header_id|>

Cutting Knowledge Date: December 2023
Today Date: 26 July 2024

<|eot_id|><|start_header_id|>user<|end_header_id|>

What was Wilhelm von Humboldt's contribution to the development of liberalism?<|eot_id|><|start_header_id|>assistant<|end_header_id|>

",Envisioning education as a means of realizing individual possibility,domain,He was a key figure in the development of liberalism in Germany,0.55859375,0.16666666666666666,0.20140472054481506,3.986096774117403
723,Heinrich Ritter,"<|begin_of_text|><|start_header_id|>system<|end_header_id|>

Cutting Knowledge Date: December 2023
Today Date: 26 July 2024

<|eot_id|><|start_header_id|>user<|end_header_id|>

What was the title of Schelling's book published in 1809?<|eot_id|><|start_header_id|>assistant<|end_header_id|>

",Freiheitsschrift,domain,Freiheitsschrift,0.96484375,1.0,1.0,1.0375531849123953
724,Heinrich Ritter,"<|begin_of_text|><|start_header_id|>system<|end_header_id|>

Cutting Knowledge Date: December 2023
Today Date: 26 July 2024

<|eot_id|><|start_header_id|>user<|end_header_id|>

What was the title of Schelling's lecture series published in 1856?<|eot_id|><|start_header_id|>assistant<|end_header_id|>

",Introduction to the Philosophy of Mythology,domain,Introduction to the Philosophy of Mythology,0.98046875,1.0,1.000000238418579,1.0215921122071068
725,Heinrich Ritter,"<|begin_of_text|><|start_header_id|>system<|end_header_id|>

Cutting Knowledge Date: December 2023
Today Date: 26 July 2024

<|eot_id|><|start_header_id|>user<|end_header_id|>

When was Johann Gottlieb Fichte born?<|eot_id|><|start_header_id|>assistant<|end_header_id|>

",19 May 1762,domain,19 May 1762,0.99609375,1.0,1.0,1.0029492869032979
726,Heinrich Ritter,"<|begin_of_text|><|start_header_id|>system<|end_header_id|>

Cutting Knowledge Date: December 2023
Today Date: 26 July 2024

<|eot_id|><|start_header_id|>user<|end_header_id|>

Where was Johann Gottlieb Fichte born?<|eot_id|><|start_header_id|>assistant<|end_header_id|>

","Rammenau, Upper Lusatia",domain,"Rammenau, Upper Lusatia",0.97265625,1.0,1.0,1.0275955745822136
727,Heinrich Ritter,"<|begin_of_text|><|start_header_id|>system<|end_header_id|>

Cutting Knowledge Date: December 2023
Today Date: 26 July 2024

<|eot_id|><|start_header_id|>user<|end_header_id|>

What was the occupation of Johann Gottlieb Fichte's father?<|eot_id|><|start_header_id|>assistant<|end_header_id|>

",Ribbon weaver,domain,Rural labourer and soldier,0.765625,0.0,0.17106379568576813,1.6073861896056645
728,Heinrich Ritter,"<|begin_of_text|><|start_header_id|>system<|end_header_id|>

Cutting Knowledge Date: December 2023
Today Date: 26 July 2024

<|eot_id|><|start_header_id|>user<|end_header_id|>

Who was Johann Gottlieb Fichte's mother?<|eot_id|><|start_header_id|>assistant<|end_header_id|>

","Maria Dorothea Fichte, nee Schurich",domain,Maria Dorothea Fichte (née Schurich),0.8203125,0.6666666666666666,0.9857962131500244,1.6263335493663758
729,Heinrich Ritter,"<|begin_of_text|><|start_header_id|>system<|end_header_id|>

Cutting Knowledge Date: December 2023
Today Date: 26 July 2024

<|eot_id|><|start_header_id|>user<|end_header_id|>

What was the name of Schopenhauer's only sibling?<|eot_id|><|start_header_id|>assistant<|end_header_id|>

",Adele Schopenhauer,domain,Adele Schopenhauer,1.0,1.0,1.0,1.000560917753608
730,Heinrich Ritter,"<|begin_of_text|><|start_header_id|>system<|end_header_id|>

Cutting Knowledge Date: December 2023
Today Date: 26 July 2024

<|eot_id|><|start_header_id|>user<|end_header_id|>

Where did Johann Gottlieb Fichte receive his early education?<|eot_id|><|start_header_id|>assistant<|end_header_id|>

",From his father and Pastor Krebel at Niederau near Meissen,domain,"From his father and later at the foundation school at Niederau, near Meissen",0.8671875,0.6153846153846154,0.7960549592971802,1.5488302986341331
731,Heinrich Ritter,"<|begin_of_text|><|start_header_id|>system<|end_header_id|>

Cutting Knowledge Date: December 2023
Today Date: 26 July 2024

<|eot_id|><|start_header_id|>user<|end_header_id|>

What was the name of the philosophical movement that Johann Gottlieb Fichte became a founding figure of?<|eot_id|><|start_header_id|>assistant<|end_header_id|>

",German idealism,domain,German idealism,0.9765625,1.0,1.0000001192092896,1.0268432166600694
732,Heinrich Ritter,"<|begin_of_text|><|start_header_id|>system<|end_header_id|>

Cutting Knowledge Date: December 2023
Today Date: 26 July 2024

<|eot_id|><|start_header_id|>user<|end_header_id|>

What was the name of the essay that Johann Gottlieb Fichte wrote in 1792, which attracted Kant's attention?<|eot_id|><|start_header_id|>assistant<|end_header_id|>

",Versuch einer Critik aller Offenbarung (Attempt at a Critique of All Revelation),domain,Versuch einer Critik aller Offenbarung (Attempt at a Critique of All Revelation),0.984375,1.0,0.9999998807907104,1.0191010329449859
733,Heinrich Ritter,"<|begin_of_text|><|start_header_id|>system<|end_header_id|>

Cutting Knowledge Date: December 2023
Today Date: 26 July 2024

<|eot_id|><|start_header_id|>user<|end_header_id|>

What was the name of the book that Johann Gottlieb Fichte published in 1794, which outlined his system of transcendental idealism?<|eot_id|><|start_header_id|>assistant<|end_header_id|>

",The Foundations of the Science of Knowledge,domain,The Foundations of the Science of Knowledge,0.96875,1.0,0.9999999403953552,1.0378065247194417
734,Heinrich Ritter,"<|begin_of_text|><|start_header_id|>system<|end_header_id|>

Cutting Knowledge Date: December 2023
Today Date: 26 July 2024

<|eot_id|><|start_header_id|>user<|end_header_id|>

What was the name of the lectures that Johann Gottlieb Fichte gave in 1807-1808, which attempted to define the German Nation?<|eot_id|><|start_header_id|>assistant<|end_header_id|>

",Addresses to the German Nation,domain,Addresses to the German Nation,0.96484375,1.0,0.9999999403953552,1.0390741519281501
735,Heinrich Ritter,"<|begin_of_text|><|start_header_id|>system<|end_header_id|>

Cutting Knowledge Date: December 2023
Today Date: 26 July 2024

<|eot_id|><|start_header_id|>user<|end_header_id|>

What was the name of the economic treatise that Johann Gottlieb Fichte published in 1800?<|eot_id|><|start_header_id|>assistant<|end_header_id|>

",The Closed Commercial State,domain,The Closed Commercial State,0.99609375,1.0,1.0,1.0031329492168828
736,Heinrich Ritter,"<|begin_of_text|><|start_header_id|>system<|end_header_id|>

Cutting Knowledge Date: December 2023
Today Date: 26 July 2024

<|eot_id|><|start_header_id|>user<|end_header_id|>

What was the main argument of Johann Gottlieb Fichte's economic treatise, The Closed Commercial State?<|eot_id|><|start_header_id|>assistant<|end_header_id|>

","The need for the strictest, purely guild-like regulation of industry",domain,The main argument was that a closed economic system was necessary for the well-being of a nation,0.3046875,0.2222222222222222,0.31914517283439636,14.926303617194517
737,Heinrich Ritter,"<|begin_of_text|><|start_header_id|>system<|end_header_id|>

Cutting Knowledge Date: December 2023
Today Date: 26 July 2024

<|eot_id|><|start_header_id|>user<|end_header_id|>

What school did Johann Gottlieb Fichte attend in 1774?<|eot_id|><|start_header_id|>assistant<|end_header_id|>

",The celebrated foundation-school at Pforta near Naumburg,domain,The famous foundation school at Pforta near Naumburg,0.88671875,0.875,0.9686040878295898,1.1805915483221041
738,Heinrich Ritter,"<|begin_of_text|><|start_header_id|>system<|end_header_id|>

Cutting Knowledge Date: December 2023
Today Date: 26 July 2024

<|eot_id|><|start_header_id|>user<|end_header_id|>

What was the name of the university where Johann Gottlieb Fichte was made rector and first Chair of Philosophy in 1810?<|eot_id|><|start_header_id|>assistant<|end_header_id|>

",The University of Berlin,domain,The University of Berlin,0.96484375,1.0,1.0,1.0380599263845776
739,Heinrich Ritter,"<|begin_of_text|><|start_header_id|>system<|end_header_id|>

Cutting Knowledge Date: December 2023
Today Date: 26 July 2024

<|eot_id|><|start_header_id|>user<|end_header_id|>

What was the main focus of Schelling's Naturphilosophie?<|eot_id|><|start_header_id|>assistant<|end_header_id|>

",To exhibit the ideal as springing from the real,domain,To develop a monistic philosophy that includes both mind and nature,0.7109375,0.09090909090909091,0.377359002828598,2.092336219359141
740,Heinrich Ritter,"<|begin_of_text|><|start_header_id|>system<|end_header_id|>

Cutting Knowledge Date: December 2023
Today Date: 26 July 2024

<|eot_id|><|start_header_id|>user<|end_header_id|>

Who did Schelling share a room with at the Tübinger Stift?<|eot_id|><|start_header_id|>assistant<|end_header_id|>

",Hegel and Hölderlin,domain,Hegel and Hölderlin,0.98828125,1.0,0.9999999403953552,1.0127762400841096
741,Heinrich Ritter,"<|begin_of_text|><|start_header_id|>system<|end_header_id|>

Cutting Knowledge Date: December 2023
Today Date: 26 July 2024

<|eot_id|><|start_header_id|>user<|end_header_id|>

What was the name of the philosopher who Schopenhauer criticized for his views on the nature of reality?<|eot_id|><|start_header_id|>assistant<|end_header_id|>

",Hegel,domain,Hegel,0.99609375,1.0,1.0,1.0056924100740516
742,Heinrich Ritter,"<|begin_of_text|><|start_header_id|>system<|end_header_id|>

Cutting Knowledge Date: December 2023
Today Date: 26 July 2024

<|eot_id|><|start_header_id|>user<|end_header_id|>

What was the name of the book that Schopenhauer wrote on the subject of color theory?<|eot_id|><|start_header_id|>assistant<|end_header_id|>

",On Vision and Colors,domain,On Vision and Colors,0.99609375,1.0,0.9999999403953552,1.0036535084364708
743,Heinrich Ritter,"<|begin_of_text|><|start_header_id|>system<|end_header_id|>

Cutting Knowledge Date: December 2023
Today Date: 26 July 2024

<|eot_id|><|start_header_id|>user<|end_header_id|>

What was the name of the university where Schopenhauer studied?<|eot_id|><|start_header_id|>assistant<|end_header_id|>

",University of Göttingen,domain,University of Göttingen,0.99609375,1.0,0.9999998807907104,1.0039138893383475
744,Heinrich Ritter,"<|begin_of_text|><|start_header_id|>system<|end_header_id|>

Cutting Knowledge Date: December 2023
Today Date: 26 July 2024

<|eot_id|><|start_header_id|>user<|end_header_id|>

What was the name of the essay where Schopenhauer discussed his views on the nature of music?<|eot_id|><|start_header_id|>assistant<|end_header_id|>

",On the Metaphysics of Music,domain,On the Metaphysics of Music,0.98828125,1.0,1.0000001192092896,1.0138276397076904
745,Heinrich Ritter,"<|begin_of_text|><|start_header_id|>system<|end_header_id|>

Cutting Knowledge Date: December 2023
Today Date: 26 July 2024

<|eot_id|><|start_header_id|>user<|end_header_id|>

What was the name of the concept that Schopenhauer believed was the basis of morality?<|eot_id|><|start_header_id|>assistant<|end_header_id|>

",Compassion,domain,Compassion,1.0,1.0,1.0,1.0002498938891757
746,Heinrich Ritter,"<|begin_of_text|><|start_header_id|>system<|end_header_id|>

Cutting Knowledge Date: December 2023
Today Date: 26 July 2024

<|eot_id|><|start_header_id|>user<|end_header_id|>

When was Friedrich Wilhelm Joseph Schelling born?<|eot_id|><|start_header_id|>assistant<|end_header_id|>

",27 January 1775,domain,27 January 1775,1.0,1.0,0.9999998807907104,1.0000132919241218
747,Heinrich Ritter,"<|begin_of_text|><|start_header_id|>system<|end_header_id|>

Cutting Knowledge Date: December 2023
Today Date: 26 July 2024

<|eot_id|><|start_header_id|>user<|end_header_id|>

What was the name of the concept that Schopenhauer believed was the fundamental driving force behind human behavior?<|eot_id|><|start_header_id|>assistant<|end_header_id|>

",The Will to Live,domain,The Will to Live,0.97265625,1.0,1.000000238418579,1.0278464830352663
748,Heinrich Ritter,"<|begin_of_text|><|start_header_id|>system<|end_header_id|>

Cutting Knowledge Date: December 2023
Today Date: 26 July 2024

<|eot_id|><|start_header_id|>user<|end_header_id|>

What was the name of the philosopher who was influenced by Schopenhauer's philosophy?<|eot_id|><|start_header_id|>assistant<|end_header_id|>

",Friedrich Nietzsche,domain,Friedrich Nietzsche,1.0,1.0,0.9999999403953552,1.0017028031059956
749,Heinrich Ritter,"<|begin_of_text|><|start_header_id|>system<|end_header_id|>

Cutting Knowledge Date: December 2023
Today Date: 26 July 2024

<|eot_id|><|start_header_id|>user<|end_header_id|>

What was the name of the philosopher who influenced Schopenhauer's philosophy?<|eot_id|><|start_header_id|>assistant<|end_header_id|>

",Immanuel Kant,domain,Immanuel Kant,1.0,1.0,1.0,1.0007136028821442
750,Heinrich Ritter,"<|begin_of_text|><|start_header_id|>system<|end_header_id|>

Cutting Knowledge Date: December 2023
Today Date: 26 July 2024

<|eot_id|><|start_header_id|>user<|end_header_id|>

What was the name of the disease that Schopenhauer possibly suffered from?<|eot_id|><|start_header_id|>assistant<|end_header_id|>

",Syphilis,domain,Syphilis,0.9921875,1.0,0.9999999403953552,1.0072281462845318
751,Heinrich Ritter,"<|begin_of_text|><|start_header_id|>system<|end_header_id|>

Cutting Knowledge Date: December 2023
Today Date: 26 July 2024

<|eot_id|><|start_header_id|>user<|end_header_id|>

What was the name of the city where Schopenhauer lived for a while and studied art and socialized with Italian and English nobles?<|eot_id|><|start_header_id|>assistant<|end_header_id|>

",Rome,domain,Rome,1.0,1.0,1.0,1.0001611839482096
752,Heinrich Ritter,"<|begin_of_text|><|start_header_id|>system<|end_header_id|>

Cutting Knowledge Date: December 2023
Today Date: 26 July 2024

<|eot_id|><|start_header_id|>user<|end_header_id|>

What was the name of the essay where Schopenhauer discussed his views on women?<|eot_id|><|start_header_id|>assistant<|end_header_id|>

",On Women,domain,On Women,0.98828125,1.0,0.9999998211860657,1.0119112003367596
753,Heinrich Ritter,"<|begin_of_text|><|start_header_id|>system<|end_header_id|>

Cutting Knowledge Date: December 2023
Today Date: 26 July 2024

<|eot_id|><|start_header_id|>user<|end_header_id|>

What was the title of Schopenhauer's main work?<|eot_id|><|start_header_id|>assistant<|end_header_id|>

",The World as Will and Representation,domain,The World as Will and Representation,1.0,1.0,1.0,1.0001649992676203
754,Heinrich Ritter,"<|begin_of_text|><|start_header_id|>system<|end_header_id|>

Cutting Knowledge Date: December 2023
Today Date: 26 July 2024

<|eot_id|><|start_header_id|>user<|end_header_id|>

Who was Schelling's mentor in his early years?<|eot_id|><|start_header_id|>assistant<|end_header_id|>

",Johann Gottlieb Fichte,domain,Johann Gottlieb Fichte,0.99609375,1.0,0.9999998807907104,1.0031176427395885
755,Heinrich Ritter,"<|begin_of_text|><|start_header_id|>system<|end_header_id|>

Cutting Knowledge Date: December 2023
Today Date: 26 July 2024

<|eot_id|><|start_header_id|>user<|end_header_id|>

What was the name of the society that Schopenhauer praised for its efforts to prevent cruelty to animals?<|eot_id|><|start_header_id|>assistant<|end_header_id|>

",Society for the Prevention of Cruelty to Animals,domain,Society for the Prevention of Cruelty to Animals,0.98828125,1.0,0.9999998807907104,1.0106767107981993
756,Heinrich Ritter,"<|begin_of_text|><|start_header_id|>system<|end_header_id|>

Cutting Knowledge Date: December 2023
Today Date: 26 July 2024

<|eot_id|><|start_header_id|>user<|end_header_id|>

What was the name of the work that Johann Gottlieb Fichte published in 1810, which outlined his Wissenschaftslehre?<|eot_id|><|start_header_id|>assistant<|end_header_id|>

",The Science of Knowledge in its General Outline,domain,The Science of Knowledge in its General Outline,0.98046875,1.0,0.9999998807907104,1.0197232327137742
757,Heinrich Ritter,"<|begin_of_text|><|start_header_id|>system<|end_header_id|>

Cutting Knowledge Date: December 2023
Today Date: 26 July 2024

<|eot_id|><|start_header_id|>user<|end_header_id|>

What was the name of Schopenhauer's mother?<|eot_id|><|start_header_id|>assistant<|end_header_id|>

",Johanna Schopenhauer,domain,Johanna Schopenhauer,0.98828125,1.0,1.0,1.0130853620302753
758,Heinrich Ritter,"<|begin_of_text|><|start_header_id|>system<|end_header_id|>

Cutting Knowledge Date: December 2023
Today Date: 26 July 2024

<|eot_id|><|start_header_id|>user<|end_header_id|>

Did Wilhelm von Humboldt finish his university studies?<|eot_id|><|start_header_id|>assistant<|end_header_id|>

",No,domain,No,0.9921875,1.0,1.0000001192092896,1.0071359360147156
759,Heinrich Ritter,"<|begin_of_text|><|start_header_id|>system<|end_header_id|>

Cutting Knowledge Date: December 2023
Today Date: 26 July 2024

<|eot_id|><|start_header_id|>user<|end_header_id|>

Where was Arthur Schopenhauer born?<|eot_id|><|start_header_id|>assistant<|end_header_id|>

","Gdańsk, Polish–Lithuanian Commonwealth",domain,"Gdańsk, Polish–Lithuanian Commonwealth",0.96875,1.0,0.9999998807907104,1.0345179266660296
760,Heinrich Ritter,"<|begin_of_text|><|start_header_id|>system<|end_header_id|>

Cutting Knowledge Date: December 2023
Today Date: 26 July 2024

<|eot_id|><|start_header_id|>user<|end_header_id|>

What hypothesis is Wilhelm von Humboldt credited as an originator of?<|eot_id|><|start_header_id|>assistant<|end_header_id|>

",Linguistic relativity hypothesis,domain,Hypothesis that the structure of a language determines the outlook and mode of thought of its speakers,0.8671875,0.058823529411764705,0.5218960046768188,1.289050950076283
761,Heinrich Ritter,"<|begin_of_text|><|start_header_id|>system<|end_header_id|>

Cutting Knowledge Date: December 2023
Today Date: 26 July 2024

<|eot_id|><|start_header_id|>user<|end_header_id|>

Who frequently quotes Wilhelm von Humboldt's description of language as a rule-governed system?<|eot_id|><|start_header_id|>assistant<|end_header_id|>

",Noam Chomsky,domain,Noam Chomsky,0.99609375,1.0,0.9999999403953552,1.0033166451631206
762,Heinrich Ritter,"<|begin_of_text|><|start_header_id|>system<|end_header_id|>

Cutting Knowledge Date: December 2023
Today Date: 26 July 2024

<|eot_id|><|start_header_id|>user<|end_header_id|>

What concept did Wilhelm von Humboldt introduce in his book on the philosophy of speech?<|eot_id|><|start_header_id|>assistant<|end_header_id|>

",The inner form of language,domain,The essential role of sound in speech,0.77734375,0.2857142857142857,0.43050068616867065,1.72110882703888
763,Heinrich Ritter,"<|begin_of_text|><|start_header_id|>system<|end_header_id|>

Cutting Knowledge Date: December 2023
Today Date: 26 July 2024

<|eot_id|><|start_header_id|>user<|end_header_id|>

What was the name of the book written by Wilhelm von Humboldt on the philosophy of language?<|eot_id|><|start_header_id|>assistant<|end_header_id|>

",The Heterogeneity of Language and its Influence on the Intellectual Development of Mankind,domain,The Heterogeneity of Language and Its Influence on the Intellectual Development of Mankind,0.875,1.0,0.9999999403953552,1.1852122529960252
764,Heinrich Ritter,"<|begin_of_text|><|start_header_id|>system<|end_header_id|>

Cutting Knowledge Date: December 2023
Today Date: 26 July 2024

<|eot_id|><|start_header_id|>user<|end_header_id|>

Why did Wilhelm von Humboldt leave Rome in 1809?<|eot_id|><|start_header_id|>assistant<|end_header_id|>

",To lead the directorate of education under Friedrich Ferdinand Alexander zu Dohna-Schlobitten,domain,To support Prussia in the War of the Fifth Coalition against France,0.6875,0.25,0.32296204566955566,3.080216848918031
765,Heinrich Ritter,"<|begin_of_text|><|start_header_id|>system<|end_header_id|>

Cutting Knowledge Date: December 2023
Today Date: 26 July 2024

<|eot_id|><|start_header_id|>user<|end_header_id|>

What was Wilhelm von Humboldt's role in the Prussian government?<|eot_id|><|start_header_id|>assistant<|end_header_id|>

",Minister of education,domain,Minister of education,0.91796875,1.0,0.9999998807907104,1.0945376440805084
766,Heinrich Ritter,"<|begin_of_text|><|start_header_id|>system<|end_header_id|>

Cutting Knowledge Date: December 2023
Today Date: 26 July 2024

<|eot_id|><|start_header_id|>user<|end_header_id|>

What was the name of Schopenhauer's father?<|eot_id|><|start_header_id|>assistant<|end_header_id|>

",Heinrich Floris Schopenhauer,domain,Heinrich Floris Schopenhauer,1.0,1.0,1.0000001192092896,1.0018174454540776
767,Heinrich Ritter,"<|begin_of_text|><|start_header_id|>system<|end_header_id|>

Cutting Knowledge Date: December 2023
Today Date: 26 July 2024

<|eot_id|><|start_header_id|>user<|end_header_id|>

What was the name of the education ideal founded by Wilhelm von Humboldt?<|eot_id|><|start_header_id|>assistant<|end_header_id|>

",Humboldtian education ideal,domain,Humboldtian education ideal,0.9453125,1.0,1.0,1.0603443883214314
768,Heinrich Ritter,"<|begin_of_text|><|start_header_id|>system<|end_header_id|>

Cutting Knowledge Date: December 2023
Today Date: 26 July 2024

<|eot_id|><|start_header_id|>user<|end_header_id|>

What is one of the major contributions of Schleiermacher to the field of humanities?<|eot_id|><|start_header_id|>assistant<|end_header_id|>

",His work forms part of the foundation of the modern field of hermeneutics.,entity,Founding of the field of hermeneutics,0.796875,0.8333333333333334,0.779197096824646,1.694425507918335
769,Heinrich Ritter,"<|begin_of_text|><|start_header_id|>system<|end_header_id|>

Cutting Knowledge Date: December 2023
Today Date: 26 July 2024

<|eot_id|><|start_header_id|>user<|end_header_id|>

What fields did Schleiermacher contribute to?<|eot_id|><|start_header_id|>assistant<|end_header_id|>

","He contributed to theology, philosophy, and biblical scholarship.",entity,"He contributed to theology, philosophy, and biblical scholarship.",0.953125,1.0,1.0,1.048758854713043
770,Heinrich Ritter,"<|begin_of_text|><|start_header_id|>system<|end_header_id|>

Cutting Knowledge Date: December 2023
Today Date: 26 July 2024

<|eot_id|><|start_header_id|>user<|end_header_id|>

On which river is Zerbst's town centre located?<|eot_id|><|start_header_id|>assistant<|end_header_id|>

",River Nuthe,entity,River Nuthe,0.984375,1.0,0.9999997615814209,1.017733529476957
771,Heinrich Ritter,"<|begin_of_text|><|start_header_id|>system<|end_header_id|>

Cutting Knowledge Date: December 2023
Today Date: 26 July 2024

<|eot_id|><|start_header_id|>user<|end_header_id|>

What was Ludwig Preller's field of study?<|eot_id|><|start_header_id|>assistant<|end_header_id|>

",Philology and antiquarian studies,entity,Philology and antiquarian studies,0.81640625,1.0,1.0,1.2518336231630531
772,Heinrich Ritter,"<|begin_of_text|><|start_header_id|>system<|end_header_id|>

Cutting Knowledge Date: December 2023
Today Date: 26 July 2024

<|eot_id|><|start_header_id|>user<|end_header_id|>

What is the Port of Hamburg known for in Europe?<|eot_id|><|start_header_id|>assistant<|end_header_id|>

",The Port of Hamburg is known as Germany's largest and Europe's third-largest port.,entity,The Port of Hamburg is known as Germany's largest and Europe's third-largest port.,0.94140625,1.0,0.9999998807907104,1.0670964973669717
773,Heinrich Ritter,"<|begin_of_text|><|start_header_id|>system<|end_header_id|>

Cutting Knowledge Date: December 2023
Today Date: 26 July 2024

<|eot_id|><|start_header_id|>user<|end_header_id|>

In which cultural movement was Schleiermacher a leader?<|eot_id|><|start_header_id|>assistant<|end_header_id|>

",He was a leader of German Romanticism.,entity,He was a leader in German Romanticism.,0.87109375,0.8571428571428571,0.9889940023422241,1.1980126543093097
774,Heinrich Ritter,"<|begin_of_text|><|start_header_id|>system<|end_header_id|>

Cutting Knowledge Date: December 2023
Today Date: 26 July 2024

<|eot_id|><|start_header_id|>user<|end_header_id|>

What was Zerbst's administrative status before 2007?<|eot_id|><|start_header_id|>assistant<|end_header_id|>

",Capital of the former Anhalt-Zerbst district,entity,"It was the capital of the former district of Zerbst (Anhalt), to which it gave its name.",0.78515625,0.29411764705882354,0.7971345782279968,2.9391634498681936
775,Heinrich Ritter,"<|begin_of_text|><|start_header_id|>system<|end_header_id|>

Cutting Knowledge Date: December 2023
Today Date: 26 July 2024

<|eot_id|><|start_header_id|>user<|end_header_id|>

Who influenced Schelling greatly during his studies?<|eot_id|><|start_header_id|>assistant<|end_header_id|>

",Kant and Fichte,domain,Kant and Fichte,0.91015625,1.0,0.9999998807907104,1.1117741039366458
776,Heinrich Ritter,"<|begin_of_text|><|start_header_id|>system<|end_header_id|>

Cutting Knowledge Date: December 2023
Today Date: 26 July 2024

<|eot_id|><|start_header_id|>user<|end_header_id|>

What was the title of Schelling's book published in 1800?<|eot_id|><|start_header_id|>assistant<|end_header_id|>

",System des transcendentalen Idealismus,domain,System des transcendentalen Idealismus,0.97265625,1.0,1.0,1.0275955745822136
777,Heinrich Ritter,"<|begin_of_text|><|start_header_id|>system<|end_header_id|>

Cutting Knowledge Date: December 2023
Today Date: 26 July 2024

<|eot_id|><|start_header_id|>user<|end_header_id|>

How many students are enrolled at the University of Göttingen?<|eot_id|><|start_header_id|>assistant<|end_header_id|>

","Around 31,600",entity,"Around 31,600",0.984375,1.0,0.9999999403953552,1.0158717087951121
778,Heinrich Ritter,"<|begin_of_text|><|start_header_id|>system<|end_header_id|>

Cutting Knowledge Date: December 2023
Today Date: 26 July 2024

<|eot_id|><|start_header_id|>user<|end_header_id|>

What movement is Friedrich Schleiermacher considered an early leader in?<|eot_id|><|start_header_id|>assistant<|end_header_id|>

",He is considered an early leader in liberal Christianity.,entity,He is considered an early leader in liberal Christianity.,0.93359375,1.0,1.0000001192092896,1.0765166115218552
779,Heinrich Ritter,"<|begin_of_text|><|start_header_id|>system<|end_header_id|>

Cutting Knowledge Date: December 2023
Today Date: 26 July 2024

<|eot_id|><|start_header_id|>user<|end_header_id|>

What is the German pronunciation of Zerbst?<|eot_id|><|start_header_id|>assistant<|end_header_id|>

",[ˈt͡sɛʁpst],entity,[ˈt͡sɛʁpst],0.94140625,1.0,1.0,1.0691827068641655
780,Heinrich Ritter,"<|begin_of_text|><|start_header_id|>system<|end_header_id|>

Cutting Knowledge Date: December 2023
Today Date: 26 July 2024

<|eot_id|><|start_header_id|>user<|end_header_id|>

What significant cultural heritage sites does Hamburg have that were declared by UNESCO in 2015?<|eot_id|><|start_header_id|>assistant<|end_header_id|>

",The Speicherstadt and Kontorhausviertel were declared World Heritage Sites by UNESCO in 2015.,entity,The Speicherstadt and Kontorhausviertel were declared World Heritage Sites by UNESCO in 2015.,0.9609375,1.0,0.9999998807907104,1.045180348815839
781,Heinrich Ritter,"<|begin_of_text|><|start_header_id|>system<|end_header_id|>

Cutting Knowledge Date: December 2023
Today Date: 26 July 2024

<|eot_id|><|start_header_id|>user<|end_header_id|>

What was the main goal behind the founding of the University of Göttingen?<|eot_id|><|start_header_id|>assistant<|end_header_id|>

",To promote the ideals of the Enlightenment,entity,To promote the ideals of the Enlightenment,0.98046875,1.0,0.9999998807907104,1.0223406226966818
782,Heinrich Ritter,"<|begin_of_text|><|start_header_id|>system<|end_header_id|>

Cutting Knowledge Date: December 2023
Today Date: 26 July 2024

<|eot_id|><|start_header_id|>user<|end_header_id|>

Which city has the highest number of bridges in Europe?<|eot_id|><|start_header_id|>assistant<|end_header_id|>

",Hamburg has the highest number of bridges in Europe.,entity,Berlin.,0.796875,0.0,0.4240705370903015,1.9655679762637392
783,Heinrich Ritter,"<|begin_of_text|><|start_header_id|>system<|end_header_id|>

Cutting Knowledge Date: December 2023
Today Date: 26 July 2024

<|eot_id|><|start_header_id|>user<|end_header_id|>

Who founded the University of Göttingen?<|eot_id|><|start_header_id|>assistant<|end_header_id|>

","George II, King of Great Britain and Elector of Hanover",entity,"George II, King of Great Britain and Elector of Hanover",0.99609375,1.0,1.0,1.0051094444648316
784,Heinrich Ritter,"<|begin_of_text|><|start_header_id|>system<|end_header_id|>

Cutting Knowledge Date: December 2023
Today Date: 26 July 2024

<|eot_id|><|start_header_id|>user<|end_header_id|>

What is Friedrich Schleiermacher often called?<|eot_id|><|start_header_id|>assistant<|end_header_id|>

",He is often called the 'Father of Modern Liberal Theology'.,entity,Father of Modern Liberal Theology,0.87109375,1.0,0.8177740573883057,1.3509137968209362
785,Heinrich Ritter,"<|begin_of_text|><|start_header_id|>system<|end_header_id|>

Cutting Knowledge Date: December 2023
Today Date: 26 July 2024

<|eot_id|><|start_header_id|>user<|end_header_id|>

What are the two rivers at the mouth of which Hamburg is located?<|eot_id|><|start_header_id|>assistant<|end_header_id|>

",Hamburg is located at the mouth of the Alster and Bille rivers.,entity,Hamburg is located at the mouth of the Alster and Bille rivers.,0.94140625,1.0,1.0,1.063715085340301
786,Heinrich Ritter,"<|begin_of_text|><|start_header_id|>system<|end_header_id|>

Cutting Knowledge Date: December 2023
Today Date: 26 July 2024

<|eot_id|><|start_header_id|>user<|end_header_id|>

What is the official name of Hamburg?<|eot_id|><|start_header_id|>assistant<|end_header_id|>

",The official name is the Free and Hanseatic City of Hamburg.,entity,Hamburg is officially known as the Free and Hanseatic City of Hamburg.,0.796875,0.6666666666666666,0.9532352089881897,1.6487212707001282
787,Heinrich Ritter,"<|begin_of_text|><|start_header_id|>system<|end_header_id|>

Cutting Knowledge Date: December 2023
Today Date: 26 July 2024

<|eot_id|><|start_header_id|>user<|end_header_id|>

How does Hamburg rank in terms of population size in Germany?<|eot_id|><|start_header_id|>assistant<|end_header_id|>

",Hamburg is the second-largest city in Germany.,entity,Hamburg is the second-largest city in Germany.,0.95703125,1.0,1.0,1.0454355509507736
788,Heinrich Ritter,"<|begin_of_text|><|start_header_id|>system<|end_header_id|>

Cutting Knowledge Date: December 2023
Today Date: 26 July 2024

<|eot_id|><|start_header_id|>user<|end_header_id|>

In which German state is Zerbst located?<|eot_id|><|start_header_id|>assistant<|end_header_id|>

",Saxony-Anhalt,entity,Saxony-Anhalt,0.96875,1.0,1.0,1.033760500518059
789,Heinrich Ritter,"<|begin_of_text|><|start_header_id|>system<|end_header_id|>

Cutting Knowledge Date: December 2023
Today Date: 26 July 2024

<|eot_id|><|start_header_id|>user<|end_header_id|>

What was the name of Wilhelm von Humboldt's university?<|eot_id|><|start_header_id|>assistant<|end_header_id|>

",Universities of Frankfurt (Oder) and Göttingen,domain,Universities of Frankfurt (Oder) and Göttingen,0.94921875,1.0,0.9999998807907104,1.0618987653533076
790,Heinrich Ritter,"<|begin_of_text|><|start_header_id|>system<|end_header_id|>

Cutting Knowledge Date: December 2023
Today Date: 26 July 2024

<|eot_id|><|start_header_id|>user<|end_header_id|>

Who was Wilhelm von Humboldt's mother?<|eot_id|><|start_header_id|>assistant<|end_header_id|>

",Maria Elisabeth Colomb,domain,Maria Elisabeth Colomb,0.9296875,1.0,0.9999999403953552,1.0796750932052046
791,Heinrich Ritter,"<|begin_of_text|><|start_header_id|>system<|end_header_id|>

Cutting Knowledge Date: December 2023
Today Date: 26 July 2024

<|eot_id|><|start_header_id|>user<|end_header_id|>

What was Wilhelm von Humboldt's father's occupation?<|eot_id|><|start_header_id|>assistant<|end_header_id|>

",Major in the Prussian Army,domain,Major in the Prussian Army,0.96875,1.0,1.000000238418579,1.0332558578624653
792,Heinrich Ritter,"<|begin_of_text|><|start_header_id|>system<|end_header_id|>

Cutting Knowledge Date: December 2023
Today Date: 26 July 2024

<|eot_id|><|start_header_id|>user<|end_header_id|>

Where was Wilhelm von Humboldt born?<|eot_id|><|start_header_id|>assistant<|end_header_id|>

","Potsdam, Margraviate of Brandenburg",domain,Potsdam,0.9296875,1.0,0.7579172849655151,1.1052788501931532
793,Heinrich Ritter,"<|begin_of_text|><|start_header_id|>system<|end_header_id|>

Cutting Knowledge Date: December 2023
Today Date: 26 July 2024

<|eot_id|><|start_header_id|>user<|end_header_id|>

When was Wilhelm von Humboldt born?<|eot_id|><|start_header_id|>assistant<|end_header_id|>

",22 June 1767,domain,22 June 1767,1.0,1.0,0.9999998211860657,1.0000791581010988
794,Heinrich Ritter,"<|begin_of_text|><|start_header_id|>system<|end_header_id|>

Cutting Knowledge Date: December 2023
Today Date: 26 July 2024

<|eot_id|><|start_header_id|>user<|end_header_id|>

What is the official name of the University of Göttingen?<|eot_id|><|start_header_id|>assistant<|end_header_id|>

",Georg August University of Göttingen,entity,Georg August University of Göttingen,0.99609375,1.0,1.0000001192092896,1.0048947528552166
795,Heinrich Ritter,"<|begin_of_text|><|start_header_id|>system<|end_header_id|>

Cutting Knowledge Date: December 2023
Today Date: 26 July 2024

<|eot_id|><|start_header_id|>user<|end_header_id|>

What was the name of the concept that Schopenhauer believed was the fundamental nature of reality?<|eot_id|><|start_header_id|>assistant<|end_header_id|>

",The Will,domain,The Will,0.9453125,1.0,1.0,1.0590508123098028
796,Heinz Erhardt,"<|begin_of_text|><|start_header_id|>system<|end_header_id|>

Cutting Knowledge Date: December 2023
Today Date: 26 July 2024

<|eot_id|><|start_header_id|>user<|end_header_id|>

What was the name of the television series that Loriot created and starred in?<|eot_id|><|start_header_id|>assistant<|end_header_id|>

",Loriot,domain,Loriot,0.99609375,1.0,1.0,1.0022914397036615
797,Heinz Erhardt,"<|begin_of_text|><|start_header_id|>system<|end_header_id|>

Cutting Knowledge Date: December 2023
Today Date: 26 July 2024

<|eot_id|><|start_header_id|>user<|end_header_id|>

When and where did Kabarett venues start appearing in Germany?<|eot_id|><|start_header_id|>assistant<|end_header_id|>

","Kabarett venues started appearing in Germany from 1901, with the creation of Berlin's Überbrettl venue.",entity,"Kabarett venues started appearing in Germany in the 1900s, particularly in Berlin and Munich.",0.78125,0.5714285714285714,0.8236903548240662,1.5979954499506333
798,Heinz Erhardt,"<|begin_of_text|><|start_header_id|>system<|end_header_id|>

Cutting Knowledge Date: December 2023
Today Date: 26 July 2024

<|eot_id|><|start_header_id|>user<|end_header_id|>

What was the name of the university that awarded Loriot an honorary doctorate in 2001?<|eot_id|><|start_header_id|>assistant<|end_header_id|>

",The University of Wuppertal,domain,The University of Wuppertal,0.87890625,1.0,1.000000238418579,1.1748409920219791
799,Heinz Erhardt,"<|begin_of_text|><|start_header_id|>system<|end_header_id|>

Cutting Knowledge Date: December 2023
Today Date: 26 July 2024

<|eot_id|><|start_header_id|>user<|end_header_id|>

What was the name of Otto Waalkes' first band?<|eot_id|><|start_header_id|>assistant<|end_header_id|>

",The Rustlers,domain,Die Friedel Hengsth Band,0.431640625,0.0,0.2179325520992279,20.085536923187668
800,Heinz Erhardt,"<|begin_of_text|><|start_header_id|>system<|end_header_id|>

Cutting Knowledge Date: December 2023
Today Date: 26 July 2024

<|eot_id|><|start_header_id|>user<|end_header_id|>

When was the Kriegsmarine the navy of Nazi Germany?<|eot_id|><|start_header_id|>assistant<|end_header_id|>

",1935 to 1945,entity,1935 to 1945,0.9921875,1.0,0.9999998807907104,1.0059993698769596
801,Heinz Erhardt,"<|begin_of_text|><|start_header_id|>system<|end_header_id|>

Cutting Knowledge Date: December 2023
Today Date: 26 July 2024

<|eot_id|><|start_header_id|>user<|end_header_id|>

Who created the Order of Merit of the Federal Republic of Germany?<|eot_id|><|start_header_id|>assistant<|end_header_id|>

","Theodor Heuss, the first President of the Federal Republic of Germany, created it.",entity,Theodor Heuss.,0.90625,1.0,0.5954521894454956,1.1420358465335656
802,Heinz Erhardt,"<|begin_of_text|><|start_header_id|>system<|end_header_id|>

Cutting Knowledge Date: December 2023
Today Date: 26 July 2024

<|eot_id|><|start_header_id|>user<|end_header_id|>

What characterized Kabarett during the Weimar era?<|eot_id|><|start_header_id|>assistant<|end_header_id|>

","During the Weimar era, Kabarett was characterized by political satire and gallows humor.",entity,"It featured a mix of humor, satire, and cabaret-style entertainment.",0.8046875,0.18181818181818182,0.46791544556617737,1.8249680864411575
803,Heinz Erhardt,"<|begin_of_text|><|start_header_id|>system<|end_header_id|>

Cutting Knowledge Date: December 2023
Today Date: 26 July 2024

<|eot_id|><|start_header_id|>user<|end_header_id|>

What did the Kriegsmarine supersede?<|eot_id|><|start_header_id|>assistant<|end_header_id|>

",The Imperial German Navy and the Reichsmarine,entity,The Imperial German Navy (Kaiserliche Marine),0.90234375,0.6666666666666666,0.8904451131820679,1.1679772862346076
804,Heinz Erhardt,"<|begin_of_text|><|start_header_id|>system<|end_header_id|>

Cutting Knowledge Date: December 2023
Today Date: 26 July 2024

<|eot_id|><|start_header_id|>user<|end_header_id|>

What was the name of Otto Waalkes' first album release?<|eot_id|><|start_header_id|>assistant<|end_header_id|>

",Otto,domain,Otto,0.8359375,1.0,0.9999998807907104,1.2156908305205474
805,Heinz Erhardt,"<|begin_of_text|><|start_header_id|>system<|end_header_id|>

Cutting Knowledge Date: December 2023
Today Date: 26 July 2024

<|eot_id|><|start_header_id|>user<|end_header_id|>

What honor did Harald Schmidt receive in 2013?<|eot_id|><|start_header_id|>assistant<|end_header_id|>

",Cavalier of Ordre national de la Légion d'honneur,domain,Cavalier of Ordre national de la Légion d'honneur,0.984375,1.0,1.0,1.01947430723406
806,Heinz Erhardt,"<|begin_of_text|><|start_header_id|>system<|end_header_id|>

Cutting Knowledge Date: December 2023
Today Date: 26 July 2024

<|eot_id|><|start_header_id|>user<|end_header_id|>

What was the name of Otto Waalkes' mother?<|eot_id|><|start_header_id|>assistant<|end_header_id|>

",Adele (born Lüpkes),domain,Maria 'Mie' (née Kruhlmann),0.62890625,0.0,0.23530127108097076,2.4653745667312625
807,Heinz Erhardt,"<|begin_of_text|><|start_header_id|>system<|end_header_id|>

Cutting Knowledge Date: December 2023
Today Date: 26 July 2024

<|eot_id|><|start_header_id|>user<|end_header_id|>

Was Wellingsbüttel always a part of Hamburg?<|eot_id|><|start_header_id|>assistant<|end_header_id|>

","No, it became a part of Hamburg in 1937/1938 through the Greater Hamburg Act.",entity,"No, it was an independent municipality until 1937.",0.80078125,0.375,0.5998209714889526,1.5917654561028425
808,Heinz Erhardt,"<|begin_of_text|><|start_header_id|>system<|end_header_id|>

Cutting Knowledge Date: December 2023
Today Date: 26 July 2024

<|eot_id|><|start_header_id|>user<|end_header_id|>

What was the title of Heinz Rühmann's 1965 English-speaking movie?<|eot_id|><|start_header_id|>assistant<|end_header_id|>

",Ship of Fools,domain,Ship of Fools,0.984375,1.0,0.9999999403953552,1.0149420760849852
809,Heinz Erhardt,"<|begin_of_text|><|start_header_id|>system<|end_header_id|>

Cutting Knowledge Date: December 2023
Today Date: 26 July 2024

<|eot_id|><|start_header_id|>user<|end_header_id|>

Why did Heinz Rühmann divorce his Jewish wife Maria Herbot in 1938?<|eot_id|><|start_header_id|>assistant<|end_header_id|>

","The marriage had probably already fallen apart, and some sources say that he wanted to protect his wife with the divorce",domain,To marry Marianne Großschmidt,0.435546875,0.2,0.22699964046478271,5.15839250025867
810,Heinz Erhardt,"<|begin_of_text|><|start_header_id|>system<|end_header_id|>

Cutting Knowledge Date: December 2023
Today Date: 26 July 2024

<|eot_id|><|start_header_id|>user<|end_header_id|>

How many films did Heinz Rühmann act in during the 1933-45 period?<|eot_id|><|start_header_id|>assistant<|end_header_id|>

",37,domain,34,0.0235595703125,0.0,0.8053794503211975,42.52108200006278
811,Heinz Erhardt,"<|begin_of_text|><|start_header_id|>system<|end_header_id|>

Cutting Knowledge Date: December 2023
Today Date: 26 July 2024

<|eot_id|><|start_header_id|>user<|end_header_id|>

What was the title of Heinz Rühmann's first major film role in 1930?<|eot_id|><|start_header_id|>assistant<|end_header_id|>

",Die Drei von der Tankstelle (The Three from the Filling Station),domain,Die Drei von der Tankstelle (The Three from the Filling Station),0.97265625,1.0,1.0000001192092896,1.0287251451764734
812,Heinz Erhardt,"<|begin_of_text|><|start_header_id|>system<|end_header_id|>

Cutting Knowledge Date: December 2023
Today Date: 26 July 2024

<|eot_id|><|start_header_id|>user<|end_header_id|>

What happened to Heinz Rühmann's father in 1915?<|eot_id|><|start_header_id|>assistant<|end_header_id|>

",He moved to Berlin and probably committed suicide,domain,He died of Spanish flu.,0.64453125,0.2,0.29407811164855957,2.848734897170399
813,Heinz Erhardt,"<|begin_of_text|><|start_header_id|>system<|end_header_id|>

Cutting Knowledge Date: December 2023
Today Date: 26 July 2024

<|eot_id|><|start_header_id|>user<|end_header_id|>

What was Heinz Rühmann's father's occupation?<|eot_id|><|start_header_id|>assistant<|end_header_id|>

",Restaurateur,domain,Hotel owner,0.65625,0.0,0.4541926383972168,3.4094892499365113
814,Heinz Erhardt,"<|begin_of_text|><|start_header_id|>system<|end_header_id|>

Cutting Knowledge Date: December 2023
Today Date: 26 July 2024

<|eot_id|><|start_header_id|>user<|end_header_id|>

Where was Heinz Rühmann born?<|eot_id|><|start_header_id|>assistant<|end_header_id|>

",Essen,domain,Essen,0.98828125,1.0,0.9999999403953552,1.0112937671993305
815,Heinz Erhardt,"<|begin_of_text|><|start_header_id|>system<|end_header_id|>

Cutting Knowledge Date: December 2023
Today Date: 26 July 2024

<|eot_id|><|start_header_id|>user<|end_header_id|>

When was Heinz Rühmann born?<|eot_id|><|start_header_id|>assistant<|end_header_id|>

",7 March 1902,domain,7 March 1902,0.99609375,1.0,1.0,1.003240101097825
816,Heinz Erhardt,"<|begin_of_text|><|start_header_id|>system<|end_header_id|>

Cutting Knowledge Date: December 2023
Today Date: 26 July 2024

<|eot_id|><|start_header_id|>user<|end_header_id|>

What is Wellingsbüttel?<|eot_id|><|start_header_id|>assistant<|end_header_id|>

",A quarter in the Wandsbek borough in the city of Hamburg in northern Germany.,entity,"A quarter in the Wandsbek borough in the city of Hamburg, Germany.",0.921875,1.0,0.9935238361358643,1.099358208263841
817,Heinz Erhardt,"<|begin_of_text|><|start_header_id|>system<|end_header_id|>

Cutting Knowledge Date: December 2023
Today Date: 26 July 2024

<|eot_id|><|start_header_id|>user<|end_header_id|>

What was the title of the humorous gala concert that Loriot conducted in 1982?<|eot_id|><|start_header_id|>assistant<|end_header_id|>

",The 100th anniversary of the Berlin Philharmonic Orchestra,domain,The 100th anniversary of the Berlin Philharmonic Orchestra,0.82421875,1.0,0.9999998807907104,1.2555064820182193
818,Heinz Erhardt,"<|begin_of_text|><|start_header_id|>system<|end_header_id|>

Cutting Knowledge Date: December 2023
Today Date: 26 July 2024

<|eot_id|><|start_header_id|>user<|end_header_id|>

What was the name of the chamber music ensemble that Loriot performed with?<|eot_id|><|start_header_id|>assistant<|end_header_id|>

",The Scharoun Ensemble,domain,"The Berlin Philharmonic Orchestra's Octet, the Akademie-Orchester, and the piano trio 'Teddy Tott und seine Kompagnie'",0.73046875,0.05555555555555555,0.3619807958602905,2.848734897170399
819,Heinz Erhardt,"<|begin_of_text|><|start_header_id|>system<|end_header_id|>

Cutting Knowledge Date: December 2023
Today Date: 26 July 2024

<|eot_id|><|start_header_id|>user<|end_header_id|>

How many people have been awarded the Order of Merit of the Federal Republic of Germany?<|eot_id|><|start_header_id|>assistant<|end_header_id|>

","Over 260,000 individuals have been awarded.",entity,"Over 260,000 people have been awarded the Order of Merit of the Federal Republic of Germany.",0.7109375,0.35294117647058826,0.7561718821525574,2.6971279914439186
820,Heinz Erhardt,"<|begin_of_text|><|start_header_id|>system<|end_header_id|>

Cutting Knowledge Date: December 2023
Today Date: 26 July 2024

<|eot_id|><|start_header_id|>user<|end_header_id|>

When was Loriot born?<|eot_id|><|start_header_id|>assistant<|end_header_id|>

",12 November 1923,domain,12 June 1923,0.82421875,0.6666666666666666,0.8843432664871216,1.4924075554957996
821,Heinz Erhardt,"<|begin_of_text|><|start_header_id|>system<|end_header_id|>

Cutting Knowledge Date: December 2023
Today Date: 26 July 2024

<|eot_id|><|start_header_id|>user<|end_header_id|>

What was the name of Otto Waalkes' second wife?<|eot_id|><|start_header_id|>assistant<|end_header_id|>

",Eva Hassmann,domain,Eva Hassmann,0.953125,1.0,0.9999999403953552,1.052606565415569
822,Heinz Erhardt,"<|begin_of_text|><|start_header_id|>system<|end_header_id|>

Cutting Knowledge Date: December 2023
Today Date: 26 July 2024

<|eot_id|><|start_header_id|>user<|end_header_id|>

What was the name of the award given to Otto Waalkes in 2018?<|eot_id|><|start_header_id|>assistant<|end_header_id|>

",Officer's Cross of the Order of Merit of the Federal Republic of Germany,domain,Officer's Cross of the Order of Merit of the Federal Republic of Germany,0.98046875,1.0,1.0,1.0239642773669817
823,Heinz Erhardt,"<|begin_of_text|><|start_header_id|>system<|end_header_id|>

Cutting Knowledge Date: December 2023
Today Date: 26 July 2024

<|eot_id|><|start_header_id|>user<|end_header_id|>

What were some of Loriot's notable works?<|eot_id|><|start_header_id|>assistant<|end_header_id|>

","His cartoons, the sketches from his 1976 television series Loriot, and his two movies, Ödipussi and Pappa Ante Portas",domain,"His cartoons, films, and television shows, which are still widely popular today",0.62109375,0.25,0.5455056428909302,2.325069660277121
824,Heinz Erhardt,"<|begin_of_text|><|start_header_id|>system<|end_header_id|>

Cutting Knowledge Date: December 2023
Today Date: 26 July 2024

<|eot_id|><|start_header_id|>user<|end_header_id|>

What was the name of the German film version released in 2021 with Otto Waalkes in the title role?<|eot_id|><|start_header_id|>assistant<|end_header_id|>

",Catweazle,domain,Zucker,0.7421875,0.0,0.12600480020046234,6.727812138894691
825,Heinz Erhardt,"<|begin_of_text|><|start_header_id|>system<|end_header_id|>

Cutting Knowledge Date: December 2023
Today Date: 26 July 2024

<|eot_id|><|start_header_id|>user<|end_header_id|>

What treaty did the Kriegsmarine violate by expanding in the 1930s?<|eot_id|><|start_header_id|>assistant<|end_header_id|>

",The Treaty of Versailles,entity,The Treaty of Versailles,0.9921875,1.0,1.0,1.009012538514559
826,Heinz Erhardt,"<|begin_of_text|><|start_header_id|>system<|end_header_id|>

Cutting Knowledge Date: December 2023
Today Date: 26 July 2024

<|eot_id|><|start_header_id|>user<|end_header_id|>

What was the name of Otto Waalkes' first wife?<|eot_id|><|start_header_id|>assistant<|end_header_id|>

",Manuela 'Manu' (born Ebelt),domain,Eva Hassmann,0.58203125,0.0,0.1306597888469696,6.271010462790426
827,Heinz Erhardt,"<|begin_of_text|><|start_header_id|>system<|end_header_id|>

Cutting Knowledge Date: December 2023
Today Date: 26 July 2024

<|eot_id|><|start_header_id|>user<|end_header_id|>

What was the name of Otto Waalkes' trademark comic characters?<|eot_id|><|start_header_id|>assistant<|end_header_id|>

",Ottifanten (Ottiphants),domain,Ottifanten (Ottifant),0.7578125,0.5,0.8968860507011414,1.8682459574322223
828,Heinz Erhardt,"<|begin_of_text|><|start_header_id|>system<|end_header_id|>

Cutting Knowledge Date: December 2023
Today Date: 26 July 2024

<|eot_id|><|start_header_id|>user<|end_header_id|>

What was Loriot's first notable work as a comedian?<|eot_id|><|start_header_id|>assistant<|end_header_id|>

",His 1976 television series Loriot,domain,His 1968 television show Loriot,0.61328125,0.6,0.9207466840744019,1.8464802327500045
829,Heinz Erhardt,"<|begin_of_text|><|start_header_id|>system<|end_header_id|>

Cutting Knowledge Date: December 2023
Today Date: 26 July 2024

<|eot_id|><|start_header_id|>user<|end_header_id|>

Where was Loriot born?<|eot_id|><|start_header_id|>assistant<|end_header_id|>

",Brandenburg an der Havel in Prussia,domain,Brandenburg an der Havel,0.90234375,1.0,0.9321336150169373,1.1577568407264915
830,Heinz Erhardt,"<|begin_of_text|><|start_header_id|>system<|end_header_id|>

Cutting Knowledge Date: December 2023
Today Date: 26 July 2024

<|eot_id|><|start_header_id|>user<|end_header_id|>

What is the Order of Merit of the Federal Republic of Germany?<|eot_id|><|start_header_id|>assistant<|end_header_id|>

","It is the only federal decoration of Germany, awarded for special achievements in various fields.",entity,"It is the only federal decoration of Germany, awarded for special achievements in various fields.",0.9765625,1.0,0.9999999403953552,1.0250898563066893
831,Heinz Erhardt,"<|begin_of_text|><|start_header_id|>system<|end_header_id|>

Cutting Knowledge Date: December 2023
Today Date: 26 July 2024

<|eot_id|><|start_header_id|>user<|end_header_id|>

What was Loriot's career before becoming a comedian?<|eot_id|><|start_header_id|>assistant<|end_header_id|>

",He was a military officer and served as Oberleutnant of Panzergrenadierregiment 3 in the 3rd Panzer Division,domain,He was a military officer and a technical writer,0.734375,0.6666666666666666,0.4107341766357422,1.694425507918335
832,Heinz Erhardt,"<|begin_of_text|><|start_header_id|>system<|end_header_id|>

Cutting Knowledge Date: December 2023
Today Date: 26 July 2024

<|eot_id|><|start_header_id|>user<|end_header_id|>

Where did Loriot grow up with his brother?<|eot_id|><|start_header_id|>assistant<|end_header_id|>

",Berlin with their grandmother,domain,Berlin with their grandmother,0.71875,1.0,1.0,1.4692699209455662
833,Heinz Erhardt,"<|begin_of_text|><|start_header_id|>system<|end_header_id|>

Cutting Knowledge Date: December 2023
Today Date: 26 July 2024

<|eot_id|><|start_header_id|>user<|end_header_id|>

What happened to Loriot's parents after he was born?<|eot_id|><|start_header_id|>assistant<|end_header_id|>

","They separated soon after he was born, and his mother died when he was six",domain,"They separated soon after he was born, and his mother died when he was four years old.",0.75390625,0.8235294117647058,0.843395471572876,1.4664030537175992
834,Heinz Erhardt,"<|begin_of_text|><|start_header_id|>system<|end_header_id|>

Cutting Knowledge Date: December 2023
Today Date: 26 July 2024

<|eot_id|><|start_header_id|>user<|end_header_id|>

What was the name of the opera that Loriot staged in 1986?<|eot_id|><|start_header_id|>assistant<|end_header_id|>

",Martha,domain,Martha,0.796875,1.0,1.0,1.259190116979667
835,Heinz Erhardt,"<|begin_of_text|><|start_header_id|>system<|end_header_id|>

Cutting Knowledge Date: December 2023
Today Date: 26 July 2024

<|eot_id|><|start_header_id|>user<|end_header_id|>

What award did Loriot receive in 1988?<|eot_id|><|start_header_id|>assistant<|end_header_id|>

","The Bavarian Film Award, Special Prize",domain,The Bavarian Film Award and the Great Cross with Star of the Order of Merit of the Federal Republic of Germany,0.6796875,0.19047619047619047,0.8153152465820312,1.674684852811784
836,Heinz Erhardt,"<|begin_of_text|><|start_header_id|>system<|end_header_id|>

Cutting Knowledge Date: December 2023
Today Date: 26 July 2024

<|eot_id|><|start_header_id|>user<|end_header_id|>

What was Loriot's style of comedy?<|eot_id|><|start_header_id|>assistant<|end_header_id|>

","His comedy style was characterized by the contrast between the presented situation, the dignity displayed by his typically big-nosed characters, and the picture's caption",domain,"His style of comedy was characterized by irony, understatement, and the use of pictures and text.",0.474609375,0.5,0.7319934368133545,6.67545588945633
837,Heinz Erhardt,"<|begin_of_text|><|start_header_id|>system<|end_header_id|>

Cutting Knowledge Date: December 2023
Today Date: 26 July 2024

<|eot_id|><|start_header_id|>user<|end_header_id|>

What was the name of Loriot's cartoon dog?<|eot_id|><|start_header_id|>assistant<|end_header_id|>

",Wum,domain,Herrchen von Kuffertorf,0.609375,0.0,0.21108722686767578,2.13360385352902
838,Heinz Erhardt,"<|begin_of_text|><|start_header_id|>system<|end_header_id|>

Cutting Knowledge Date: December 2023
Today Date: 26 July 2024

<|eot_id|><|start_header_id|>user<|end_header_id|>

What was the name of the German humanitarian organization that Wum became the mascot for?<|eot_id|><|start_header_id|>assistant<|end_header_id|>

",Aktion Sorgenkind,domain,Malteser Hilfsdienst,0.7890625,0.0,0.29699814319610596,2.3433054076344373
839,Heinz Erhardt,"<|begin_of_text|><|start_header_id|>system<|end_header_id|>

Cutting Knowledge Date: December 2023
Today Date: 26 July 2024

<|eot_id|><|start_header_id|>user<|end_header_id|>

What was the title of the song sung by Wum that became popular in 1972?<|eot_id|><|start_header_id|>assistant<|end_header_id|>

",Ich wünsch' mir 'ne kleine Miezekatze,domain,"Der alte, die alte, das alte Deutschland",0.828125,0.0,0.4859292507171631,1.3775581840118836
840,Heinz Erhardt,"<|begin_of_text|><|start_header_id|>system<|end_header_id|>

Cutting Knowledge Date: December 2023
Today Date: 26 July 2024

<|eot_id|><|start_header_id|>user<|end_header_id|>

What was Loriot's family background?<|eot_id|><|start_header_id|>assistant<|end_header_id|>

","He belonged to the German aristocracy, the von Bülow family",domain,He was from a family of Protestant pastors and lawyers,0.67578125,0.2,0.3296399712562561,1.8464802327500045
841,Heinz Erhardt,"<|begin_of_text|><|start_header_id|>system<|end_header_id|>

Cutting Knowledge Date: December 2023
Today Date: 26 July 2024

<|eot_id|><|start_header_id|>user<|end_header_id|>

What was Loriot's education?<|eot_id|><|start_header_id|>assistant<|end_header_id|>

",He completed his Abitur in 1946 and studied graphic design and painting at the Landeskunstschule in Hamburg,domain,"He attended the Gymnasium in Neumünster and the Friedrich-Werder-Gymnasium in Berlin, and later studied graphic design at the Kunstakademie Düsseldorf",0.8671875,0.3333333333333333,0.6194945573806763,1.245736053060489
842,Heinz Erhardt,"<|begin_of_text|><|start_header_id|>system<|end_header_id|>

Cutting Knowledge Date: December 2023
Today Date: 26 July 2024

<|eot_id|><|start_header_id|>user<|end_header_id|>

What was Otto Waalkes' father's profession?<|eot_id|><|start_header_id|>assistant<|end_header_id|>

",Painter and decorator,domain,Farmer,0.5703125,0.0,0.2677731215953827,5.15839250025867
843,Heinz Erhardt,"<|begin_of_text|><|start_header_id|>system<|end_header_id|>

Cutting Knowledge Date: December 2023
Today Date: 26 July 2024

<|eot_id|><|start_header_id|>user<|end_header_id|>

What was the name of the first Kabarett venue and where was it located?<|eot_id|><|start_header_id|>assistant<|end_header_id|>

",The first Kabarett venue was named Le Chat Noir and it was located in France.,entity,The first Kabarett venue was named Le Chat Noir and it was located in France.,0.921875,1.0,1.0,1.1031222092191484
844,Heinz Erhardt,"<|begin_of_text|><|start_header_id|>system<|end_header_id|>

Cutting Knowledge Date: December 2023
Today Date: 26 July 2024

<|eot_id|><|start_header_id|>user<|end_header_id|>

What led to the decline of Kapellmeister positions by the end of the 18th century?<|eot_id|><|start_header_id|>assistant<|end_header_id|>

",The economic decline of the nobility and the rising costs of maintaining a Kapelle,entity,The rise of public concerts and the decline of courtly musical entertainment,0.77734375,0.4166666666666667,0.30515703558921814,1.8249680864411575
845,Heinz Erhardt,"<|begin_of_text|><|start_header_id|>system<|end_header_id|>

Cutting Knowledge Date: December 2023
Today Date: 26 July 2024

<|eot_id|><|start_header_id|>user<|end_header_id|>

Who replaced Manuel Andrack as Harald Schmidt's sidekick in 2007?<|eot_id|><|start_header_id|>assistant<|end_header_id|>

",Oliver Pocher,domain,Oliver Pocher,0.98046875,1.0,0.9999998807907104,1.021966298923713
846,Heinz Erhardt,"<|begin_of_text|><|start_header_id|>system<|end_header_id|>

Cutting Knowledge Date: December 2023
Today Date: 26 July 2024

<|eot_id|><|start_header_id|>user<|end_header_id|>

When did Harald Schmidt's show return to Sat.1 after a suspension?<|eot_id|><|start_header_id|>assistant<|end_header_id|>

",2011,domain,2007,0.53515625,0.0,0.7870879769325256,2.962215594511149
847,Heinz Erhardt,"<|begin_of_text|><|start_header_id|>system<|end_header_id|>

Cutting Knowledge Date: December 2023
Today Date: 26 July 2024

<|eot_id|><|start_header_id|>user<|end_header_id|>

Why did Harald Schmidt change from ARD to Sat.1 in 1995?<|eot_id|><|start_header_id|>assistant<|end_header_id|>

",To host a late night show similar to Late Night with Conan O'Brien and Late Show with David Letterman,domain,To host the new late-night show 'Vampirschmidt',0.71875,0.625,0.6151407957077026,1.7966745787498977
848,Heinz Erhardt,"<|begin_of_text|><|start_header_id|>system<|end_header_id|>

Cutting Knowledge Date: December 2023
Today Date: 26 July 2024

<|eot_id|><|start_header_id|>user<|end_header_id|>

When did Harald Schmidt start hosting Die Harald Schmidt Show on Sat.1?<|eot_id|><|start_header_id|>assistant<|end_header_id|>

",1995,domain,1995,0.96875,1.0,1.000000238418579,1.0314915477646036
849,Heinz Erhardt,"<|begin_of_text|><|start_header_id|>system<|end_header_id|>

Cutting Knowledge Date: December 2023
Today Date: 26 July 2024

<|eot_id|><|start_header_id|>user<|end_header_id|>

What award did Harald Schmidt win in 1993?<|eot_id|><|start_header_id|>assistant<|end_header_id|>

",Adolf-Grimme-Preis,domain,Adolf-Grimme-Preis,0.99609375,1.0,1.0,1.0048947528552166
850,Heinz Erhardt,"<|begin_of_text|><|start_header_id|>system<|end_header_id|>

Cutting Knowledge Date: December 2023
Today Date: 26 July 2024

<|eot_id|><|start_header_id|>user<|end_header_id|>

What was the name of Harald Schmidt's popular Saturday night show that started in 1992?<|eot_id|><|start_header_id|>assistant<|end_header_id|>

",Verstehen Sie Spaß?,domain,Lobby,0.85546875,0.0,0.01584552228450775,1.4240652377968734
851,Heinz Erhardt,"<|begin_of_text|><|start_header_id|>system<|end_header_id|>

Cutting Knowledge Date: December 2023
Today Date: 26 July 2024

<|eot_id|><|start_header_id|>user<|end_header_id|>

What was the name of Otto Waalkes' son?<|eot_id|><|start_header_id|>assistant<|end_header_id|>

",Benjamin Karl Otto Gregory,domain,Benjamin,0.5859375,1.0,0.5651705861091614,7.505416801107283
852,Heinz Erhardt,"<|begin_of_text|><|start_header_id|>system<|end_header_id|>

Cutting Knowledge Date: December 2023
Today Date: 26 July 2024

<|eot_id|><|start_header_id|>user<|end_header_id|>

What is a distinct aspect of German Kabarett compared to its French origin?<|eot_id|><|start_header_id|>assistant<|end_header_id|>

",A distinct aspect of German Kabarett is its use of gallows humor.,entity,A distinct aspect of German Kabarett is its political sharpness and biting satire.,0.78515625,0.6153846153846154,0.7828840017318726,1.7550546569602985
853,Heinz Erhardt,"<|begin_of_text|><|start_header_id|>system<|end_header_id|>

Cutting Knowledge Date: December 2023
Today Date: 26 July 2024

<|eot_id|><|start_header_id|>user<|end_header_id|>

When did Heinz Rühmann begin his acting career?<|eot_id|><|start_header_id|>assistant<|end_header_id|>

",Early 1920s,domain,Early 1920s,0.90625,1.0,1.0000001192092896,1.1172159634062457
854,Heinz Erhardt,"<|begin_of_text|><|start_header_id|>system<|end_header_id|>

Cutting Knowledge Date: December 2023
Today Date: 26 July 2024

<|eot_id|><|start_header_id|>user<|end_header_id|>

When was Harald Schmidt born?<|eot_id|><|start_header_id|>assistant<|end_header_id|>

",18 August 1957,domain,18 August 1957,0.9921875,1.0,1.0000001192092896,1.0077815852227503
855,Heinz Erhardt,"<|begin_of_text|><|start_header_id|>system<|end_header_id|>

Cutting Knowledge Date: December 2023
Today Date: 26 July 2024

<|eot_id|><|start_header_id|>user<|end_header_id|>

Where did Harald Schmidt spend his youth?<|eot_id|><|start_header_id|>assistant<|end_header_id|>

",Swabian Nürtingen,domain,Starnberg,0.7734375,0.0,0.3102877140045166,1.5640296895012364
856,Heinz Erhardt,"<|begin_of_text|><|start_header_id|>system<|end_header_id|>

Cutting Knowledge Date: December 2023
Today Date: 26 July 2024

<|eot_id|><|start_header_id|>user<|end_header_id|>

What was Harald Schmidt's occupation at the Roman Catholic church?<|eot_id|><|start_header_id|>assistant<|end_header_id|>

",Choirmaster and organ player,domain,Choirmaster and organ player,0.8984375,1.0,1.0000001192092896,1.1243302218447506
857,Heinz Erhardt,"<|begin_of_text|><|start_header_id|>system<|end_header_id|>

Cutting Knowledge Date: December 2023
Today Date: 26 July 2024

<|eot_id|><|start_header_id|>user<|end_header_id|>

Where did Harald Schmidt attend drama school?<|eot_id|><|start_header_id|>assistant<|end_header_id|>

",Stuttgart,domain,The Neues Deutsches Theater in Berlin,0.62109375,0.0,0.46968209743499756,1.988737469582292
858,Heinz Erhardt,"<|begin_of_text|><|start_header_id|>system<|end_header_id|>

Cutting Knowledge Date: December 2023
Today Date: 26 July 2024

<|eot_id|><|start_header_id|>user<|end_header_id|>

What was Harald Schmidt's first role on stage?<|eot_id|><|start_header_id|>assistant<|end_header_id|>

",2nd Mamaluke in Lessing's Nathan the Wise,domain,He played the role of the Prince in Die Doppelte Unschuld des Meister Glupf,0.74609375,0.07142857142857142,0.2904803156852722,3.2788737679386735
859,Heinz Erhardt,"<|begin_of_text|><|start_header_id|>system<|end_header_id|>

Cutting Knowledge Date: December 2023
Today Date: 26 July 2024

<|eot_id|><|start_header_id|>user<|end_header_id|>

When did Harald Schmidt become a lyricist for the cabaret Kom(m)ödchen?<|eot_id|><|start_header_id|>assistant<|end_header_id|>

",1984,domain,1983,0.439453125,0.0,0.8466660976409912,3.032462512963828
860,Heinz Erhardt,"<|begin_of_text|><|start_header_id|>system<|end_header_id|>

Cutting Knowledge Date: December 2023
Today Date: 26 July 2024

<|eot_id|><|start_header_id|>user<|end_header_id|>

What award did Harald Schmidt win in 1986?<|eot_id|><|start_header_id|>assistant<|end_header_id|>

",Best Newcomer cabaret artist,domain,Best Newcomer cabaret artist,0.73828125,1.0,1.0,1.4953252623982605
861,Heinz Erhardt,"<|begin_of_text|><|start_header_id|>system<|end_header_id|>

Cutting Knowledge Date: December 2023
Today Date: 26 July 2024

<|eot_id|><|start_header_id|>user<|end_header_id|>

When did Harald Schmidt announce that he would not return to TV?<|eot_id|><|start_header_id|>assistant<|end_header_id|>

",2014,domain,2014,0.8203125,1.0,1.0,1.2481715088897456
862,Heinz Erhardt,"<|begin_of_text|><|start_header_id|>system<|end_header_id|>

Cutting Knowledge Date: December 2023
Today Date: 26 July 2024

<|eot_id|><|start_header_id|>user<|end_header_id|>

What was the name of Harald Schmidt's show after Oliver Pocher joined?<|eot_id|><|start_header_id|>assistant<|end_header_id|>

",Schmidt & Pocher,domain,Schmidt & Pocher,0.96484375,1.0,0.9999999403953552,1.03983547133623
863,Heinz Erhardt,"<|begin_of_text|><|start_header_id|>system<|end_header_id|>

Cutting Knowledge Date: December 2023
Today Date: 26 July 2024

<|eot_id|><|start_header_id|>user<|end_header_id|>

What is the title of Harald Schmidt's first book, published in 1993?<|eot_id|><|start_header_id|>assistant<|end_header_id|>

",Tränen im Aquarium,domain,Die Harald Schmidt Show,0.69921875,0.0,0.13982510566711426,3.032462512963828
864,Heinz Erhardt,"<|begin_of_text|><|start_header_id|>system<|end_header_id|>

Cutting Knowledge Date: December 2023
Today Date: 26 July 2024

<|eot_id|><|start_header_id|>user<|end_header_id|>

What was the role of a Kapellmeister during the period 1500–1800 in German-speaking countries?<|eot_id|><|start_header_id|>assistant<|end_header_id|>

",The director of music for a monarch or nobleman,entity,A Kapellmeister was a music director or composer who was in charge of the music for a royal or noble court.,0.828125,0.2857142857142857,0.4772410988807678,1.4268493331725458
865,Heinz Erhardt,"<|begin_of_text|><|start_header_id|>system<|end_header_id|>

Cutting Knowledge Date: December 2023
Today Date: 26 July 2024

<|eot_id|><|start_header_id|>user<|end_header_id|>

How does Kabarett differ from other forms of cabaret?<|eot_id|><|start_header_id|>assistant<|end_header_id|>

","Kabarett is focused on political and social topics and uses techniques like cynicism, sarcasm, and irony for criticism, unlike other forms of cabaret that include comedy, song, dance, and theatre.",entity,Kabarett is more satirical and political than other forms of cabaret.,0.6015625,0.6363636363636364,0.7884746789932251,3.1779934275388384
866,Heinz Erhardt,"<|begin_of_text|><|start_header_id|>system<|end_header_id|>

Cutting Knowledge Date: December 2023
Today Date: 26 July 2024

<|eot_id|><|start_header_id|>user<|end_header_id|>

What did becoming a Kapellmeister signify for a professional musician?<|eot_id|><|start_header_id|>assistant<|end_header_id|>

",A mark of success and considerable musical skill,entity,A mark of success and a requirement for composing on commission,0.46875,0.45454545454545453,0.5178207159042358,4.177393552442564
867,Heinz Erhardt,"<|begin_of_text|><|start_header_id|>system<|end_header_id|>

Cutting Knowledge Date: December 2023
Today Date: 26 July 2024

<|eot_id|><|start_header_id|>user<|end_header_id|>

How long is the Kurfürstendamm?<|eot_id|><|start_header_id|>assistant<|end_header_id|>

",3.5 km (2.2 mi),entity,3.5 km (2.2 mi),0.95703125,1.0,0.9999999403953552,1.0559526649009496
868,Heinz Erhardt,"<|begin_of_text|><|start_header_id|>system<|end_header_id|>

Cutting Knowledge Date: December 2023
Today Date: 26 July 2024

<|eot_id|><|start_header_id|>user<|end_header_id|>

Which famous café is located at the junction with Joachimstaler Straße?<|eot_id|><|start_header_id|>assistant<|end_header_id|>

",Café Kranzler,entity,Café Kranzler,0.9921875,1.0,1.0000001192092896,1.0067979039097483
869,Heinz Erhardt,"<|begin_of_text|><|start_header_id|>system<|end_header_id|>

Cutting Knowledge Date: December 2023
Today Date: 26 July 2024

<|eot_id|><|start_header_id|>user<|end_header_id|>

How many television, comedy, and theatrical awards has Harald Schmidt won?<|eot_id|><|start_header_id|>assistant<|end_header_id|>

",More than 30,domain,More than 30,0.9140625,1.0,1.0,1.1112313779996905
870,Heinz Erhardt,"<|begin_of_text|><|start_header_id|>system<|end_header_id|>

Cutting Knowledge Date: December 2023
Today Date: 26 July 2024

<|eot_id|><|start_header_id|>user<|end_header_id|>

How did Wellingsbüttel become part of Hamburg?<|eot_id|><|start_header_id|>assistant<|end_header_id|>

",Through the Greater Hamburg Act.,entity,Through the Greater Hamburg Act.,0.8359375,1.0,1.0000001192092896,1.228820403273619
871,Heinz Erhardt,"<|begin_of_text|><|start_header_id|>system<|end_header_id|>

Cutting Knowledge Date: December 2023
Today Date: 26 July 2024

<|eot_id|><|start_header_id|>user<|end_header_id|>

When was the Order of Merit of the Federal Republic of Germany established?<|eot_id|><|start_header_id|>assistant<|end_header_id|>

",It was established on 7 September 1951.,entity,It was established on 7 September 1951.,0.96875,1.0,1.0,1.0355286915359951
872,Heinz Erhardt,"<|begin_of_text|><|start_header_id|>system<|end_header_id|>

Cutting Knowledge Date: December 2023
Today Date: 26 July 2024

<|eot_id|><|start_header_id|>user<|end_header_id|>

When did Heinz Rühmann die?<|eot_id|><|start_header_id|>assistant<|end_header_id|>

",3 October 1994,domain,3 October 1994,1.0,1.0,0.9999999403953552,1.0003739102190368
873,Heinz Erhardt,"<|begin_of_text|><|start_header_id|>system<|end_header_id|>

Cutting Knowledge Date: December 2023
Today Date: 26 July 2024

<|eot_id|><|start_header_id|>user<|end_header_id|>

Where was Heinz Rühmann buried?<|eot_id|><|start_header_id|>assistant<|end_header_id|>

","Berg-Aufkirchen, Bavaria",domain,"The Waldfriedhof cemetery in Grünwald, near Munich",0.6796875,0.0,0.5012974143028259,2.0043353308743312
874,Heinz Erhardt,"<|begin_of_text|><|start_header_id|>system<|end_header_id|>

Cutting Knowledge Date: December 2023
Today Date: 26 July 2024

<|eot_id|><|start_header_id|>user<|end_header_id|>

When was Werner Finck born?<|eot_id|><|start_header_id|>assistant<|end_header_id|>

",2 May 1902,domain,2 June 1902,0.78125,0.6666666666666666,0.9416140913963318,1.6812393840022961
875,Heinz Erhardt,"<|begin_of_text|><|start_header_id|>system<|end_header_id|>

Cutting Knowledge Date: December 2023
Today Date: 26 July 2024

<|eot_id|><|start_header_id|>user<|end_header_id|>

Where was Otto Waalkes born?<|eot_id|><|start_header_id|>assistant<|end_header_id|>

","Emden, East Frisia",domain,"Emden, East Frisia",0.9140625,1.0,0.9999998211860657,1.1058186689126783
876,Heinz Erhardt,"<|begin_of_text|><|start_header_id|>system<|end_header_id|>

Cutting Knowledge Date: December 2023
Today Date: 26 July 2024

<|eot_id|><|start_header_id|>user<|end_header_id|>

When was Otto Waalkes born?<|eot_id|><|start_header_id|>assistant<|end_header_id|>

",22 July 1948,domain,22 July 1948,1.0,1.0,1.0,1.0000097752095203
877,Heinz Erhardt,"<|begin_of_text|><|start_header_id|>system<|end_header_id|>

Cutting Knowledge Date: December 2023
Today Date: 26 July 2024

<|eot_id|><|start_header_id|>user<|end_header_id|>

How many books has Harald Schmidt published?<|eot_id|><|start_header_id|>assistant<|end_header_id|>

",More than 10,domain,More than 10,0.9765625,1.0,1.0,1.025715712478906
878,Heinz Erhardt,"<|begin_of_text|><|start_header_id|>system<|end_header_id|>

Cutting Knowledge Date: December 2023
Today Date: 26 July 2024

<|eot_id|><|start_header_id|>user<|end_header_id|>

What was the title of Heinz Rühmann's last film in 1993?<|eot_id|><|start_header_id|>assistant<|end_header_id|>

","Faraway, So Close!",domain,"Faraway, So Close!",0.8671875,1.0,1.0,1.27154713425964
879,Heinz Erhardt,"<|begin_of_text|><|start_header_id|>system<|end_header_id|>

Cutting Knowledge Date: December 2023
Today Date: 26 July 2024

<|eot_id|><|start_header_id|>user<|end_header_id|>

When did Harald Schmidt start hosting his first TV show, MAZ ab?<|eot_id|><|start_header_id|>assistant<|end_header_id|>

",1988,domain,1989,0.5546875,0.0,0.8441150188446045,2.334169725631395
880,Henry VIII,"<|begin_of_text|><|start_header_id|>system<|end_header_id|>

Cutting Knowledge Date: December 2023
Today Date: 26 July 2024

<|eot_id|><|start_header_id|>user<|end_header_id|>

What major religious change did Henry VIII initiate?<|eot_id|><|start_header_id|>assistant<|end_header_id|>

",The English Reformation,general,The English Reformation,0.94921875,1.0,1.0,1.0549219644802348
881,Henry VIII,"<|begin_of_text|><|start_header_id|>system<|end_header_id|>

Cutting Knowledge Date: December 2023
Today Date: 26 July 2024

<|eot_id|><|start_header_id|>user<|end_header_id|>

When was Henry VIII born?<|eot_id|><|start_header_id|>assistant<|end_header_id|>

",28 June 1491,general,28 June 1491,0.98828125,1.0,1.0,1.010985191921098
882,Henry VIII,"<|begin_of_text|><|start_header_id|>system<|end_header_id|>

Cutting Knowledge Date: December 2023
Today Date: 26 July 2024

<|eot_id|><|start_header_id|>user<|end_header_id|>

How long did Henry VIII reign as King of England?<|eot_id|><|start_header_id|>assistant<|end_header_id|>

",1509 until his death in 1547,general,1509 until his death in 1547,1.0,1.0,1.0000001192092896,1.001420074735375
883,Henry VIII,"<|begin_of_text|><|start_header_id|>system<|end_header_id|>

Cutting Knowledge Date: December 2023
Today Date: 26 July 2024

<|eot_id|><|start_header_id|>user<|end_header_id|>

Who succeeded Henry VIII?<|eot_id|><|start_header_id|>assistant<|end_header_id|>

",His son Edward VI,general,His son Edward VI,0.93359375,1.0,1.0,1.0802024070375604
884,Henry VIII,"<|begin_of_text|><|start_header_id|>system<|end_header_id|>

Cutting Knowledge Date: December 2023
Today Date: 26 July 2024

<|eot_id|><|start_header_id|>user<|end_header_id|>

What was notable about Henry VIII's marriages?<|eot_id|><|start_header_id|>assistant<|end_header_id|>

",He had six marriages,general,He had six marriages,0.8828125,1.0,1.0,1.14538656055358
885,Jay-Z,"<|begin_of_text|><|start_header_id|>system<|end_header_id|>

Cutting Knowledge Date: December 2023
Today Date: 26 July 2024

<|eot_id|><|start_header_id|>user<|end_header_id|>

What is Jay-Z's real name?<|eot_id|><|start_header_id|>assistant<|end_header_id|>

",Shawn Corey Carter,general,Shawn Corey Carter,0.984375,1.0,1.0,1.017982029910218
886,Jay-Z,"<|begin_of_text|><|start_header_id|>system<|end_header_id|>

Cutting Knowledge Date: December 2023
Today Date: 26 July 2024

<|eot_id|><|start_header_id|>user<|end_header_id|>

When was Jay-Z born?<|eot_id|><|start_header_id|>assistant<|end_header_id|>

","December 4, 1969",general,"December 4, 1969",1.0,1.0,1.0,1.000034571291543
887,Jay-Z,"<|begin_of_text|><|start_header_id|>system<|end_header_id|>

Cutting Knowledge Date: December 2023
Today Date: 26 July 2024

<|eot_id|><|start_header_id|>user<|end_header_id|>

What is the name of the entertainment company founded by Jay-Z?<|eot_id|><|start_header_id|>assistant<|end_header_id|>

",Roc Nation,general,Roc Nation,1.0,1.0,1.0,1.0022302665559066
888,Jay-Z,"<|begin_of_text|><|start_header_id|>system<|end_header_id|>

Cutting Knowledge Date: December 2023
Today Date: 26 July 2024

<|eot_id|><|start_header_id|>user<|end_header_id|>

What was the name of Jay-Z's debut studio album?<|eot_id|><|start_header_id|>assistant<|end_header_id|>

",Reasonable Doubt,general,Reasonable Doubt,0.9921875,1.0,1.0,1.0082737862313926
889,Jay-Z,"<|begin_of_text|><|start_header_id|>system<|end_header_id|>

Cutting Knowledge Date: December 2023
Today Date: 26 July 2024

<|eot_id|><|start_header_id|>user<|end_header_id|>

How many number-one albums does Jay-Z have on the Billboard 200?<|eot_id|><|start_header_id|>assistant<|end_header_id|>

",14,general,14,0.52734375,1.0,1.0000001192092896,1.8976665503381187
890,Jennifer Aniston,"<|begin_of_text|><|start_header_id|>system<|end_header_id|>

Cutting Knowledge Date: December 2023
Today Date: 26 July 2024

<|eot_id|><|start_header_id|>user<|end_header_id|>

What role did Jennifer Aniston play on the television sitcom Friends?<|eot_id|><|start_header_id|>assistant<|end_header_id|>

",Rachel Green,general,Rachel Green,1.0,1.0,0.9999999403953552,1.0008739473434511
891,Jennifer Aniston,"<|begin_of_text|><|start_header_id|>system<|end_header_id|>

Cutting Knowledge Date: December 2023
Today Date: 26 July 2024

<|eot_id|><|start_header_id|>user<|end_header_id|>

In which film did Jennifer Aniston star alongside Adam Sandler in 2011?<|eot_id|><|start_header_id|>assistant<|end_header_id|>

",Just Go with It,general,Just Go with It,0.9921875,1.0,0.9999998807907104,1.0067671793448818
892,Jennifer Aniston,"<|begin_of_text|><|start_header_id|>system<|end_header_id|>

Cutting Knowledge Date: December 2023
Today Date: 26 July 2024

<|eot_id|><|start_header_id|>user<|end_header_id|>

When did Jennifer Aniston return to television with The Morning Show?<|eot_id|><|start_header_id|>assistant<|end_header_id|>

",2019,general,2019,1.0,1.0,1.0,1.0012672818160127
893,Jennifer Aniston,"<|begin_of_text|><|start_header_id|>system<|end_header_id|>

Cutting Knowledge Date: December 2023
Today Date: 26 July 2024

<|eot_id|><|start_header_id|>user<|end_header_id|>

Who are Jennifer Aniston's parents?<|eot_id|><|start_header_id|>assistant<|end_header_id|>

",John Aniston and Nancy Dow,general,John Aniston and Nancy Dow,1.0,1.0,0.9999998807907104,1.0019550335910028
894,Jennifer Aniston,"<|begin_of_text|><|start_header_id|>system<|end_header_id|>

Cutting Knowledge Date: December 2023
Today Date: 26 July 2024

<|eot_id|><|start_header_id|>user<|end_header_id|>

When was Jennifer Aniston born?<|eot_id|><|start_header_id|>assistant<|end_header_id|>

","February 11, 1969",general,"February 11, 1969",1.0,1.0,1.0,1.0000367171352391
895,Jennifer Lawrence,"<|begin_of_text|><|start_header_id|>system<|end_header_id|>

Cutting Knowledge Date: December 2023
Today Date: 26 July 2024

<|eot_id|><|start_header_id|>user<|end_header_id|>

Which film series made Jennifer Lawrence the highest-grossing action heroine?<|eot_id|><|start_header_id|>assistant<|end_header_id|>

",The Hunger Games film series,general,The Hunger Games film series,0.98046875,1.0,0.9999998211860657,1.0187278953280123
896,Jennifer Lawrence,"<|begin_of_text|><|start_header_id|>system<|end_header_id|>

Cutting Knowledge Date: December 2023
Today Date: 26 July 2024

<|eot_id|><|start_header_id|>user<|end_header_id|>

Where was Jennifer Lawrence born?<|eot_id|><|start_header_id|>assistant<|end_header_id|>

","Indian Hills, Kentucky",general,"Indian Hills, Kentucky",0.9921875,1.0,1.0000001192092896,1.0100600309034942
897,Jennifer Lawrence,"<|begin_of_text|><|start_header_id|>system<|end_header_id|>

Cutting Knowledge Date: December 2023
Today Date: 26 July 2024

<|eot_id|><|start_header_id|>user<|end_header_id|>

For which film did Jennifer Lawrence win the Academy Award for Best Actress?<|eot_id|><|start_header_id|>assistant<|end_header_id|>

",Silver Linings Playbook,general,Silver Linings Playbook,1.0,1.0,0.9999998211860657,1.001068685872603
898,Jennifer Lawrence,"<|begin_of_text|><|start_header_id|>system<|end_header_id|>

Cutting Knowledge Date: December 2023
Today Date: 26 July 2024

<|eot_id|><|start_header_id|>user<|end_header_id|>

When did Jennifer Lawrence appear in Time's 100 most influential people in the world list?<|eot_id|><|start_header_id|>assistant<|end_header_id|>

",2013,general,2013,1.0,1.0,1.0,1.0004311537110693
899,Jennifer Lawrence,"<|begin_of_text|><|start_header_id|>system<|end_header_id|>

Cutting Knowledge Date: December 2023
Today Date: 26 July 2024

<|eot_id|><|start_header_id|>user<|end_header_id|>

When was Jennifer Lawrence born?<|eot_id|><|start_header_id|>assistant<|end_header_id|>

","August 15, 1990",general,"August 15, 1990",1.0,1.0,1.0000001192092896,1.0001421075694688
900,Jennifer Lopez,"<|begin_of_text|><|start_header_id|>system<|end_header_id|>

Cutting Knowledge Date: December 2023
Today Date: 26 July 2024

<|eot_id|><|start_header_id|>user<|end_header_id|>

In what year did Jennifer Lopez release her debut album?<|eot_id|><|start_header_id|>assistant<|end_header_id|>

",1999,general,1999,1.0,1.0,1.0,1.0000005960466254
901,Jennifer Lopez,"<|begin_of_text|><|start_header_id|>system<|end_header_id|>

Cutting Knowledge Date: December 2023
Today Date: 26 July 2024

<|eot_id|><|start_header_id|>user<|end_header_id|>

What title is often given to Jennifer Lopez due to her influence in entertainment?<|eot_id|><|start_header_id|>assistant<|end_header_id|>

",Queen of Dance,general,Queen of Dance,0.98828125,1.0,1.0,1.0111703257875584
902,Jennifer Lopez,"<|begin_of_text|><|start_header_id|>system<|end_header_id|>

Cutting Knowledge Date: December 2023
Today Date: 26 July 2024

<|eot_id|><|start_header_id|>user<|end_header_id|>

In what year was Jennifer Lopez born?<|eot_id|><|start_header_id|>assistant<|end_header_id|>

",1969,general,1969,1.0,1.0,0.9999999403953552,1.0001196932893792
903,Jennifer Lopez,"<|begin_of_text|><|start_header_id|>system<|end_header_id|>

Cutting Knowledge Date: December 2023
Today Date: 26 July 2024

<|eot_id|><|start_header_id|>user<|end_header_id|>

What nickname is Jennifer Lopez also known by?<|eot_id|><|start_header_id|>assistant<|end_header_id|>

",J.Lo,general,J.Lo,0.9140625,1.0,0.9999998807907104,1.099358208263841
904,Jennifer Lopez,"<|begin_of_text|><|start_header_id|>system<|end_header_id|>

Cutting Knowledge Date: December 2023
Today Date: 26 July 2024

<|eot_id|><|start_header_id|>user<|end_header_id|>

What was Jennifer Lopez's debut film?<|eot_id|><|start_header_id|>assistant<|end_header_id|>

",Selena,general,Selena,1.0,1.0,1.0000001192092896,1.0025973614543937
905,John Cena,"<|begin_of_text|><|start_header_id|>system<|end_header_id|>

Cutting Knowledge Date: December 2023
Today Date: 26 July 2024

<|eot_id|><|start_header_id|>user<|end_header_id|>

Where was John Cena born?<|eot_id|><|start_header_id|>assistant<|end_header_id|>

","West Newbury, Massachusetts",general,"West Newbury, Massachusetts",1.0,1.0,1.0,1.0005571009238907
906,John Cena,"<|begin_of_text|><|start_header_id|>system<|end_header_id|>

Cutting Knowledge Date: December 2023
Today Date: 26 July 2024

<|eot_id|><|start_header_id|>user<|end_header_id|>

In what year did John Cena sign with WWE?<|eot_id|><|start_header_id|>assistant<|end_header_id|>

",2001,general,2001,1.0,1.0,1.0000001192092896,1.0001382923373827
907,John Cena,"<|begin_of_text|><|start_header_id|>system<|end_header_id|>

Cutting Knowledge Date: December 2023
Today Date: 26 July 2024

<|eot_id|><|start_header_id|>user<|end_header_id|>

How many times has John Cena been a world champion in WWE?<|eot_id|><|start_header_id|>assistant<|end_header_id|>

",16 times,general,16 times,0.953125,1.0,1.0000001192092896,1.053120658965995
908,John Cena,"<|begin_of_text|><|start_header_id|>system<|end_header_id|>

Cutting Knowledge Date: December 2023
Today Date: 26 July 2024

<|eot_id|><|start_header_id|>user<|end_header_id|>

When was John Cena born?<|eot_id|><|start_header_id|>assistant<|end_header_id|>

","April 23, 1977",general,"April 23, 1977",1.0,1.0,1.0,1.0000996639321842
909,John Cena,"<|begin_of_text|><|start_header_id|>system<|end_header_id|>

Cutting Knowledge Date: December 2023
Today Date: 26 July 2024

<|eot_id|><|start_header_id|>user<|end_header_id|>

What is John Cena's full name?<|eot_id|><|start_header_id|>assistant<|end_header_id|>

",John Felix Anthony Cena,general,John Felix Anthony Cena,1.0,1.0,1.0000001192092896,1.0004235210562127
910,John Lennon,"<|begin_of_text|><|start_header_id|>system<|end_header_id|>

Cutting Knowledge Date: December 2023
Today Date: 26 July 2024

<|eot_id|><|start_header_id|>user<|end_header_id|>

What was John Lennon's full birth name?<|eot_id|><|start_header_id|>assistant<|end_header_id|>

",John Winston Lennon,general,John Winston Lennon,0.99609375,1.0,1.000000238418579,1.0035156870655362
911,John Lennon,"<|begin_of_text|><|start_header_id|>system<|end_header_id|>

Cutting Knowledge Date: December 2023
Today Date: 26 July 2024

<|eot_id|><|start_header_id|>user<|end_header_id|>

Who was John Lennon's famous songwriting partner?<|eot_id|><|start_header_id|>assistant<|end_header_id|>

",Paul McCartney,general,Paul McCartney,1.0,1.0,1.0,1.0005189334275126
912,John Lennon,"<|begin_of_text|><|start_header_id|>system<|end_header_id|>

Cutting Knowledge Date: December 2023
Today Date: 26 July 2024

<|eot_id|><|start_header_id|>user<|end_header_id|>

What was the name of the band John Lennon formed in 1956?<|eot_id|><|start_header_id|>assistant<|end_header_id|>

",The Quarrymen,general,The Quarrymen,1.0,1.0,1.0,1.001473557765405
913,John Lennon,"<|begin_of_text|><|start_header_id|>system<|end_header_id|>

Cutting Knowledge Date: December 2023
Today Date: 26 July 2024

<|eot_id|><|start_header_id|>user<|end_header_id|>

Which city was John Lennon born in?<|eot_id|><|start_header_id|>assistant<|end_header_id|>

",Liverpool,general,Liverpool,1.0,1.0,1.0000001192092896,1.00077468345727
914,John Lennon,"<|begin_of_text|><|start_header_id|>system<|end_header_id|>

Cutting Knowledge Date: December 2023
Today Date: 26 July 2024

<|eot_id|><|start_header_id|>user<|end_header_id|>

What year did The Quarrymen evolve into The Beatles?<|eot_id|><|start_header_id|>assistant<|end_header_id|>

",1960,general,1960,1.0,1.0,1.0,1.0003395656960237
915,Jorge Semprún,"<|begin_of_text|><|start_header_id|>system<|end_header_id|>

Cutting Knowledge Date: December 2023
Today Date: 26 July 2024

<|eot_id|><|start_header_id|>user<|end_header_id|>

When was Las ratas published?<|eot_id|><|start_header_id|>assistant<|end_header_id|>

",1962,domain,1971,0.134765625,0.0,0.5684511065483093,7.623609917712736
916,Jorge Semprún,"<|begin_of_text|><|start_header_id|>system<|end_header_id|>

Cutting Knowledge Date: December 2023
Today Date: 26 July 2024

<|eot_id|><|start_header_id|>user<|end_header_id|>

How many members does the Académie Goncourt consist of?<|eot_id|><|start_header_id|>assistant<|end_header_id|>

",Ten members.,entity,Ten members.,0.90234375,1.0,0.9999999403953552,1.1161254647486945
917,Jorge Semprún,"<|begin_of_text|><|start_header_id|>system<|end_header_id|>

Cutting Knowledge Date: December 2023
Today Date: 26 July 2024

<|eot_id|><|start_header_id|>user<|end_header_id|>

Where and when is the awards ceremony for the Ovid Prize held?<|eot_id|><|start_header_id|>assistant<|end_header_id|>

",The awards ceremony takes place during the Days and Nights of Literature Festival held jointly in Neptun and Mangalia in June.,entity,"The awards ceremony for the Ovid Prize is held in Sulmona, on 15 August.",0.5859375,0.42857142857142855,0.42411863803863525,5.405948925141167
918,Jorge Semprún,"<|begin_of_text|><|start_header_id|>system<|end_header_id|>

Cutting Knowledge Date: December 2023
Today Date: 26 July 2024

<|eot_id|><|start_header_id|>user<|end_header_id|>

When was Mario Vargas Llosa born?<|eot_id|><|start_header_id|>assistant<|end_header_id|>

",28 March 1936,domain,28 March 1936,0.99609375,1.0,1.0000001192092896,1.0043428992659107
919,Jorge Semprún,"<|begin_of_text|><|start_header_id|>system<|end_header_id|>

Cutting Knowledge Date: December 2023
Today Date: 26 July 2024

<|eot_id|><|start_header_id|>user<|end_header_id|>

What was the name of Mario Vargas Llosa's first novel?<|eot_id|><|start_header_id|>assistant<|end_header_id|>

",The Time of the Hero,domain,The Time of the Hero,1.0,1.0,0.9999998807907104,1.0007823187912934
920,Jorge Semprún,"<|begin_of_text|><|start_header_id|>system<|end_header_id|>

Cutting Knowledge Date: December 2023
Today Date: 26 July 2024

<|eot_id|><|start_header_id|>user<|end_header_id|>

Who founded the Académie Goncourt?<|eot_id|><|start_header_id|>assistant<|end_header_id|>

",Edmond de Goncourt,entity,Edmond de Goncourt,1.0,1.0,0.9999999403953552,1.0002298619244583
921,Jorge Semprún,"<|begin_of_text|><|start_header_id|>system<|end_header_id|>

Cutting Knowledge Date: December 2023
Today Date: 26 July 2024

<|eot_id|><|start_header_id|>user<|end_header_id|>

How much is the laureate of the Ovid Prize awarded?<|eot_id|><|start_header_id|>assistant<|end_header_id|>

","10,000 euros",entity,"10,000 euros",0.78125,1.0,0.9999999403953552,1.4240652377968734
922,Jorge Semprún,"<|begin_of_text|><|start_header_id|>system<|end_header_id|>

Cutting Knowledge Date: December 2023
Today Date: 26 July 2024

<|eot_id|><|start_header_id|>user<|end_header_id|>

What was the opening film of the 37th Cannes Film Festival?<|eot_id|><|start_header_id|>assistant<|end_header_id|>

","Fort Saganne, directed by Alain Corneau",entity,"Fort Saganne, directed by Alain Corneau.",0.91796875,1.0,0.9849595427513123,1.126528325195837
923,Jorge Semprún,"<|begin_of_text|><|start_header_id|>system<|end_header_id|>

Cutting Knowledge Date: December 2023
Today Date: 26 July 2024

<|eot_id|><|start_header_id|>user<|end_header_id|>

What is the Ovid Prize?<|eot_id|><|start_header_id|>assistant<|end_header_id|>

","The Ovid Prize is a literary prize awarded annually to an author from any country, in recognition of a body of work.",entity,The Ovid Prize is a literary prize awarded annually to a writer for a body of work.,0.67578125,0.8235294117647058,0.9621951580047607,1.7550546569602985
924,Jorge Semprún,"<|begin_of_text|><|start_header_id|>system<|end_header_id|>

Cutting Knowledge Date: December 2023
Today Date: 26 July 2024

<|eot_id|><|start_header_id|>user<|end_header_id|>

What was the name of Rafael Alberti's wife?<|eot_id|><|start_header_id|>assistant<|end_header_id|>

",María Teresa León,domain,María Teresa León,0.9765625,1.0,1.0000001192092896,1.0225902480458744
925,Jorge Semprún,"<|begin_of_text|><|start_header_id|>system<|end_header_id|>

Cutting Knowledge Date: December 2023
Today Date: 26 July 2024

<|eot_id|><|start_header_id|>user<|end_header_id|>

What was the title of Rafael Alberti's memoirs?<|eot_id|><|start_header_id|>assistant<|end_header_id|>

",La Arboleda perdida (The Lost Grove),domain,La Arboleda perdida (The Lost Grove),0.96875,1.0,1.0,1.0316174699457041
926,Jorge Semprún,"<|begin_of_text|><|start_header_id|>system<|end_header_id|>

Cutting Knowledge Date: December 2023
Today Date: 26 July 2024

<|eot_id|><|start_header_id|>user<|end_header_id|>

What was the title of Rafael Alberti's first book?<|eot_id|><|start_header_id|>assistant<|end_header_id|>

",Marinero en tierra (Sailor on Dry Land),domain,Marinero en tierra (Sailor on Shore),0.921875,0.8333333333333334,0.9417092800140381,1.1465056484573242
927,Jorge Semprún,"<|begin_of_text|><|start_header_id|>system<|end_header_id|>

Cutting Knowledge Date: December 2023
Today Date: 26 July 2024

<|eot_id|><|start_header_id|>user<|end_header_id|>

What was Rafael Alberti's career?<|eot_id|><|start_header_id|>assistant<|end_header_id|>

",Poet and member of the Generation of '27,domain,Poet and member of the Generation of '27,0.91796875,1.0,1.0,1.1031222092191484
928,Jorge Semprún,"<|begin_of_text|><|start_header_id|>system<|end_header_id|>

Cutting Knowledge Date: December 2023
Today Date: 26 July 2024

<|eot_id|><|start_header_id|>user<|end_header_id|>

Why was Rafael Alberti expelled from school?<|eot_id|><|start_header_id|>assistant<|end_header_id|>

",He began to play truant and defy the school authorities,domain,For participating in a strike of students protesting against the rise of Miguel Primo de Rivera,0.55078125,0.0625,0.11292517930269241,3.9242980716773355
929,Jorge Semprún,"<|begin_of_text|><|start_header_id|>system<|end_header_id|>

Cutting Knowledge Date: December 2023
Today Date: 26 July 2024

<|eot_id|><|start_header_id|>user<|end_header_id|>

What is the name of the party that Mario Vargas Llosa helped form in 1987?<|eot_id|><|start_header_id|>assistant<|end_header_id|>

",Movimiento Libertad,domain,Movimiento Libertad,0.9609375,1.0,0.9999999403953552,1.0433956773528417
930,Jorge Semprún,"<|begin_of_text|><|start_header_id|>system<|end_header_id|>

Cutting Knowledge Date: December 2023
Today Date: 26 July 2024

<|eot_id|><|start_header_id|>user<|end_header_id|>

What was the title of Miguel Delibes' last major work?<|eot_id|><|start_header_id|>assistant<|end_header_id|>

",El hereje (The Heretic),domain,El hereje (The Heretic),0.984375,1.0,1.0,1.0162438002537924
931,Jorge Semprún,"<|begin_of_text|><|start_header_id|>system<|end_header_id|>

Cutting Knowledge Date: December 2023
Today Date: 26 July 2024

<|eot_id|><|start_header_id|>user<|end_header_id|>

What was Camilo José Cela's occupation during the Spanish Civil War?<|eot_id|><|start_header_id|>assistant<|end_header_id|>

",He enlisted as a soldier,domain,He enlisted in the Spanish Republican Army,0.67578125,0.2857142857142857,0.6301282644271851,1.6168321146439029
932,Jorge Semprún,"<|begin_of_text|><|start_header_id|>system<|end_header_id|>

Cutting Knowledge Date: December 2023
Today Date: 26 July 2024

<|eot_id|><|start_header_id|>user<|end_header_id|>

What is the Ovid Festival Prize and its value?<|eot_id|><|start_header_id|>assistant<|end_header_id|>

","The Ovid Festival Prize is a separate award worth 5,000 euros.",entity,"The Ovid Festival Prize is a literary award worth 5,000 euros.",0.765625,0.9166666666666666,0.8285613059997559,1.7757426858858776
933,Jorge Semprún,"<|begin_of_text|><|start_header_id|>system<|end_header_id|>

Cutting Knowledge Date: December 2023
Today Date: 26 July 2024

<|eot_id|><|start_header_id|>user<|end_header_id|>

Where do the members of the Académie Goncourt meet?<|eot_id|><|start_header_id|>assistant<|end_header_id|>

","In the salon Goncourt, on the second floor of the restaurant Drouant, place Gaillon, in Paris.",entity,"In the restaurant Drouant, in Paris.",0.80078125,1.0,0.7445502877235413,1.4521524078815373
934,Jorge Semprún,"<|begin_of_text|><|start_header_id|>system<|end_header_id|>

Cutting Knowledge Date: December 2023
Today Date: 26 July 2024

<|eot_id|><|start_header_id|>user<|end_header_id|>

When was the 37th Cannes Film Festival held?<|eot_id|><|start_header_id|>assistant<|end_header_id|>

",11 to 23 May 1984,entity,12 to 23 May 1984,0.87890625,0.8,0.9534013867378235,1.4894955416781699
935,Jorge Semprún,"<|begin_of_text|><|start_header_id|>system<|end_header_id|>

Cutting Knowledge Date: December 2023
Today Date: 26 July 2024

<|eot_id|><|start_header_id|>user<|end_header_id|>

What is the main purpose of the Académie Goncourt?<|eot_id|><|start_header_id|>assistant<|end_header_id|>

",To encourage literature in France.,entity,To encourage literature in France.,0.8203125,1.0,1.0,1.2445201077660952
936,Jorge Semprún,"<|begin_of_text|><|start_header_id|>system<|end_header_id|>

Cutting Knowledge Date: December 2023
Today Date: 26 July 2024

<|eot_id|><|start_header_id|>user<|end_header_id|>

What was the title of Miguel Delibes' novel that won the Premio de la Crítica?<|eot_id|><|start_header_id|>assistant<|end_header_id|>

",Las ratas (The Rats),domain,Las ratas (The Rats),0.94921875,1.0,1.0,1.0551795452296524
937,Jorge Semprún,"<|begin_of_text|><|start_header_id|>system<|end_header_id|>

Cutting Knowledge Date: December 2023
Today Date: 26 July 2024

<|eot_id|><|start_header_id|>user<|end_header_id|>

Who did Miguel Delibes share the Prince of Asturias Award for Literature with?<|eot_id|><|start_header_id|>assistant<|end_header_id|>

",Gonzalo Torrente Ballester,domain,Gonzalo Torrente Ballester,0.9296875,1.0,1.0,1.0881430899125937
938,Jorge Semprún,"<|begin_of_text|><|start_header_id|>system<|end_header_id|>

Cutting Knowledge Date: December 2023
Today Date: 26 July 2024

<|eot_id|><|start_header_id|>user<|end_header_id|>

What was the name of the prize that Miguel Delibes won in 1982?<|eot_id|><|start_header_id|>assistant<|end_header_id|>

",Prince of Asturias Award for Literature,domain,Prince of Asturias Award for Literature,0.9765625,1.0,1.000000238418579,1.0255905106832142
939,Jorge Semprún,"<|begin_of_text|><|start_header_id|>system<|end_header_id|>

Cutting Knowledge Date: December 2023
Today Date: 26 July 2024

<|eot_id|><|start_header_id|>user<|end_header_id|>

What was the cause of Miguel Delibes' death?<|eot_id|><|start_header_id|>assistant<|end_header_id|>

",Colon cancer,domain,Alzheimer's disease,0.5859375,0.0,0,2.4366520830322917
940,Jorge Semprún,"<|begin_of_text|><|start_header_id|>system<|end_header_id|>

Cutting Knowledge Date: December 2023
Today Date: 26 July 2024

<|eot_id|><|start_header_id|>user<|end_header_id|>

When did Miguel Delibes die?<|eot_id|><|start_header_id|>assistant<|end_header_id|>

",12 March 2010,domain,12 March 2010,1.0,1.0,1.0000001192092896,1.0006143548984794
941,Jorge Semprún,"<|begin_of_text|><|start_header_id|>system<|end_header_id|>

Cutting Knowledge Date: December 2023
Today Date: 26 July 2024

<|eot_id|><|start_header_id|>user<|end_header_id|>

When was Miguel Delibes' last major work published?<|eot_id|><|start_header_id|>assistant<|end_header_id|>

",1998,domain,1998,0.84765625,1.0,1.0,1.1980126543093097
942,Jorge Semprún,"<|begin_of_text|><|start_header_id|>system<|end_header_id|>

Cutting Knowledge Date: December 2023
Today Date: 26 July 2024

<|eot_id|><|start_header_id|>user<|end_header_id|>

When was Camilo José Cela born?<|eot_id|><|start_header_id|>assistant<|end_header_id|>

",11 May 1916,domain,11 May 1916,1.0,1.0,1.0000001192092896,1.0002317697133374
943,Jorge Semprún,"<|begin_of_text|><|start_header_id|>system<|end_header_id|>

Cutting Knowledge Date: December 2023
Today Date: 26 July 2024

<|eot_id|><|start_header_id|>user<|end_header_id|>

What is the name of the think tank that Mario Vargas Llosa is a member of?<|eot_id|><|start_header_id|>assistant<|end_header_id|>

",Inter-American Dialogue,domain,Inter-American Dialogue,0.98828125,1.0,0.9999998807907104,1.0108000919505575
944,Jorge Semprún,"<|begin_of_text|><|start_header_id|>system<|end_header_id|>

Cutting Knowledge Date: December 2023
Today Date: 26 July 2024

<|eot_id|><|start_header_id|>user<|end_header_id|>

What was the theme of Rafael Alberti's collection 'Entre el clavel y la espada'?<|eot_id|><|start_header_id|>assistant<|end_header_id|>

",Nostalgia for Spain,domain,Love and the Spanish Civil War,0.61328125,0.0,0.5367448329925537,4.343801993561042
945,Jorge Semprún,"<|begin_of_text|><|start_header_id|>system<|end_header_id|>

Cutting Knowledge Date: December 2023
Today Date: 26 July 2024

<|eot_id|><|start_header_id|>user<|end_header_id|>

What was the name of the university that awarded Miguel Delibes an honorary doctorate in 1990?<|eot_id|><|start_header_id|>assistant<|end_header_id|>

",Saarland University,domain,Saarland University,0.9453125,1.0,1.0000001192092896,1.0621580496311926
946,Jorge Semprún,"<|begin_of_text|><|start_header_id|>system<|end_header_id|>

Cutting Knowledge Date: December 2023
Today Date: 26 July 2024

<|eot_id|><|start_header_id|>user<|end_header_id|>

Where did Camilo José Cela study?<|eot_id|><|start_header_id|>assistant<|end_header_id|>

",A Piarist school in Madrid,domain,A Piarist school in Madrid,0.73828125,1.0,1.0,1.3992515688549068
947,Jorge Semprún,"<|begin_of_text|><|start_header_id|>system<|end_header_id|>

Cutting Knowledge Date: December 2023
Today Date: 26 July 2024

<|eot_id|><|start_header_id|>user<|end_header_id|>

Where was Antonio Maura born?<|eot_id|><|start_header_id|>assistant<|end_header_id|>

","Palma, on the island of Mallorca",entity,"Palma, Majorca",0.875,0.5,0.7550501227378845,1.2518336231630531
948,Jorge Semprún,"<|begin_of_text|><|start_header_id|>system<|end_header_id|>

Cutting Knowledge Date: December 2023
Today Date: 26 July 2024

<|eot_id|><|start_header_id|>user<|end_header_id|>

What scandal led to Alfonso Guerra's resignation as vice-president?<|eot_id|><|start_header_id|>assistant<|end_header_id|>

",A financial scandal involving his brother Juan Guerra.,entity,A corruption scandal involving his brother Juan Guerra.,0.7421875,0.875,0.9333436489105225,1.429638871548198
949,Jorge Semprún,"<|begin_of_text|><|start_header_id|>system<|end_header_id|>

Cutting Knowledge Date: December 2023
Today Date: 26 July 2024

<|eot_id|><|start_header_id|>user<|end_header_id|>

Who did Antonio Maura marry?<|eot_id|><|start_header_id|>assistant<|end_header_id|>

",Constancia Gamazo y Calvo,entity,Constancia Gamazo y Calvo,0.90234375,1.0,1.0,1.1221364074744509
950,Jorge Semprún,"<|begin_of_text|><|start_header_id|>system<|end_header_id|>

Cutting Knowledge Date: December 2023
Today Date: 26 July 2024

<|eot_id|><|start_header_id|>user<|end_header_id|>

What did Antonio Maura study?<|eot_id|><|start_header_id|>assistant<|end_header_id|>

",Law,entity,Law,0.99609375,1.0,1.0,1.0058151827541255
951,Jorge Semprún,"<|begin_of_text|><|start_header_id|>system<|end_header_id|>

Cutting Knowledge Date: December 2023
Today Date: 26 July 2024

<|eot_id|><|start_header_id|>user<|end_header_id|>

In what year did the University of Málaga pay homage to Miguel Delibes?<|eot_id|><|start_header_id|>assistant<|end_header_id|>

",1991,domain,1991,0.890625,1.0,1.0,1.1331484530668263
952,Jorge Semprún,"<|begin_of_text|><|start_header_id|>system<|end_header_id|>

Cutting Knowledge Date: December 2023
Today Date: 26 July 2024

<|eot_id|><|start_header_id|>user<|end_header_id|>

What was the title of Rafael Alberti's play?<|eot_id|><|start_header_id|>assistant<|end_header_id|>

",El hombre deshabitado (The Empty Man),domain,El hombre deshabitado (The Empty Man),0.94140625,1.0,0.9999998807907104,1.0691827068641655
953,Jorge Semprún,"<|begin_of_text|><|start_header_id|>system<|end_header_id|>

Cutting Knowledge Date: December 2023
Today Date: 26 July 2024

<|eot_id|><|start_header_id|>user<|end_header_id|>

During the 37th Cannes Film Festival, what side event took place under the patronage of the festival's authorities?<|eot_id|><|start_header_id|>assistant<|end_header_id|>

",A side event presenting film trailers,entity,A side event named Cinéma de la torture (Cinema of torture),0.6171875,0.25,0.4567124545574188,2.676138774894477
954,Jorge Semprún,"<|begin_of_text|><|start_header_id|>system<|end_header_id|>

Cutting Knowledge Date: December 2023
Today Date: 26 July 2024

<|eot_id|><|start_header_id|>user<|end_header_id|>

When was Antonio Maura Montaner born?<|eot_id|><|start_header_id|>assistant<|end_header_id|>

",2 May 1853,entity,2 May 1853,1.0,1.0,1.0,1.0004864922003316
955,Jorge Semprún,"<|begin_of_text|><|start_header_id|>system<|end_header_id|>

Cutting Knowledge Date: December 2023
Today Date: 26 July 2024

<|eot_id|><|start_header_id|>user<|end_header_id|>

What is the Prix Goncourt?<|eot_id|><|start_header_id|>assistant<|end_header_id|>

",A yearly prize awarded for the best work of fiction of the year.,entity,A yearly prize awarded for the best work of fiction of the year.,0.8515625,1.0,0.9999998807907104,1.2360416581841318
956,Jorge Semprún,"<|begin_of_text|><|start_header_id|>system<|end_header_id|>

Cutting Knowledge Date: December 2023
Today Date: 26 July 2024

<|eot_id|><|start_header_id|>user<|end_header_id|>

When did Rafael Alberti die?<|eot_id|><|start_header_id|>assistant<|end_header_id|>

",28 October 1999,domain,28 October 1999,0.99609375,1.0,0.9999998807907104,1.0022455594928115
957,Jorge Semprún,"<|begin_of_text|><|start_header_id|>system<|end_header_id|>

Cutting Knowledge Date: December 2023
Today Date: 26 July 2024

<|eot_id|><|start_header_id|>user<|end_header_id|>

In what city did Antonio Maura study law?<|eot_id|><|start_header_id|>assistant<|end_header_id|>

",Madrid,entity,Madrid,0.9921875,1.0,1.0000001192092896,1.0059379704220135
958,Jorge Semprún,"<|begin_of_text|><|start_header_id|>system<|end_header_id|>

Cutting Knowledge Date: December 2023
Today Date: 26 July 2024

<|eot_id|><|start_header_id|>user<|end_header_id|>

What awards did Rafael Alberti win?<|eot_id|><|start_header_id|>assistant<|end_header_id|>

","Lenin Peace Prize, Premio Cervantes, America Award",domain,"Lenin Peace Prize, Premio Cervantes, America Award, and the Golden Medal for German Poetry",0.859375,0.5,0.8157109022140503,1.2109513011337818
959,Jorge Semprún,"<|begin_of_text|><|start_header_id|>system<|end_header_id|>

Cutting Knowledge Date: December 2023
Today Date: 26 July 2024

<|eot_id|><|start_header_id|>user<|end_header_id|>

What award did Miguel Delibes win for his first novel?<|eot_id|><|start_header_id|>assistant<|end_header_id|>

",Premio Nadal,domain,Premio Nadal,0.98046875,1.0,0.9999998211860657,1.0213427305136775
960,Jorge Semprún,"<|begin_of_text|><|start_header_id|>system<|end_header_id|>

Cutting Knowledge Date: December 2023
Today Date: 26 July 2024

<|eot_id|><|start_header_id|>user<|end_header_id|>

What was the title of Miguel Delibes' first novel?<|eot_id|><|start_header_id|>assistant<|end_header_id|>

",La sombra del ciprés es alargada (The cypress casts a long shadow),domain,La sombra del ciprés es alargada (The Cypress Shadow is Long),0.890625,0.8333333333333334,0.9463366866111755,1.1748409920219791
961,Jorge Semprún,"<|begin_of_text|><|start_header_id|>system<|end_header_id|>

Cutting Knowledge Date: December 2023
Today Date: 26 July 2024

<|eot_id|><|start_header_id|>user<|end_header_id|>

When was Miguel Delibes elected to the Royal Spanish Academy?<|eot_id|><|start_header_id|>assistant<|end_header_id|>

",1 February 1973,domain,1973,0.59375,1.0,0.7600223422050476,3.1532620864771905
962,Jorge Semprún,"<|begin_of_text|><|start_header_id|>system<|end_header_id|>

Cutting Knowledge Date: December 2023
Today Date: 26 July 2024

<|eot_id|><|start_header_id|>user<|end_header_id|>

What chair did Miguel Delibes occupy in the Royal Spanish Academy?<|eot_id|><|start_header_id|>assistant<|end_header_id|>

",Chair 'e',domain,Chair 'e',0.98046875,1.0,1.0000001192092896,1.0200967349009356
963,Jorge Semprún,"<|begin_of_text|><|start_header_id|>system<|end_header_id|>

Cutting Knowledge Date: December 2023
Today Date: 26 July 2024

<|eot_id|><|start_header_id|>user<|end_header_id|>

What is the name of the football team that Mario Vargas Llosa supports?<|eot_id|><|start_header_id|>assistant<|end_header_id|>

",Universitario de Deportes,domain,Universitario de Deportes,0.88671875,1.0,0.9999999403953552,1.1921772413532716
964,Jorge Semprún,"<|begin_of_text|><|start_header_id|>system<|end_header_id|>

Cutting Knowledge Date: December 2023
Today Date: 26 July 2024

<|eot_id|><|start_header_id|>user<|end_header_id|>

Where was Miguel Delibes born?<|eot_id|><|start_header_id|>assistant<|end_header_id|>

",Valladolid,domain,Valladolid,1.0,1.0,1.0,1.0007823187912934
965,Jorge Semprún,"<|begin_of_text|><|start_header_id|>system<|end_header_id|>

Cutting Knowledge Date: December 2023
Today Date: 26 July 2024

<|eot_id|><|start_header_id|>user<|end_header_id|>

When was Miguel Delibes born?<|eot_id|><|start_header_id|>assistant<|end_header_id|>

",17 October 1920,domain,17 October 1920,1.0,1.0,1.000000238418579,1.0002441704297478
966,Jorge Semprún,"<|begin_of_text|><|start_header_id|>system<|end_header_id|>

Cutting Knowledge Date: December 2023
Today Date: 26 July 2024

<|eot_id|><|start_header_id|>user<|end_header_id|>

What award did Camilo José Cela receive in 1989?<|eot_id|><|start_header_id|>assistant<|end_header_id|>

",The Nobel Prize in Literature,domain,The Nobel Prize in Literature,0.97265625,1.0,1.0,1.030233171017311
967,Jorge Semprún,"<|begin_of_text|><|start_header_id|>system<|end_header_id|>

Cutting Knowledge Date: December 2023
Today Date: 26 July 2024

<|eot_id|><|start_header_id|>user<|end_header_id|>

Where did Rafael Alberti study?<|eot_id|><|start_header_id|>assistant<|end_header_id|>

",Jesuit Colegio San Luis Gonzaga,domain,Jesuit Colegio San Luis Gonzaga,0.91796875,1.0,1.0,1.1036609746341897
968,Jorge Semprún,"<|begin_of_text|><|start_header_id|>system<|end_header_id|>

Cutting Knowledge Date: December 2023
Today Date: 26 July 2024

<|eot_id|><|start_header_id|>user<|end_header_id|>

When was Vicente Aleixandre born?<|eot_id|><|start_header_id|>assistant<|end_header_id|>

",26 April 1898,domain,26 April 1898,1.0,1.0,0.9999997615814209,1.001595815417425
969,Jorge Semprún,"<|begin_of_text|><|start_header_id|>system<|end_header_id|>

Cutting Knowledge Date: December 2023
Today Date: 26 July 2024

<|eot_id|><|start_header_id|>user<|end_header_id|>

When did Miguel Delibes marry Ángeles de Castro?<|eot_id|><|start_header_id|>assistant<|end_header_id|>

","April 23, 1946",domain,1946,0.671875,1.0,0.795264720916748,4.048868664514532
970,Jorge Semprún,"<|begin_of_text|><|start_header_id|>system<|end_header_id|>

Cutting Knowledge Date: December 2023
Today Date: 26 July 2024

<|eot_id|><|start_header_id|>user<|end_header_id|>

What was the name of Miguel Delibes' wife?<|eot_id|><|start_header_id|>assistant<|end_header_id|>

",Ángeles de Castro,domain,María López de Vergara y Valdés,0.7578125,0.1111111111111111,0.5496628284454346,1.6878195689025528
971,Jorge Semprún,"<|begin_of_text|><|start_header_id|>system<|end_header_id|>

Cutting Knowledge Date: December 2023
Today Date: 26 July 2024

<|eot_id|><|start_header_id|>user<|end_header_id|>

What is the name of the book that Mario Vargas Llosa wrote about the aesthetics of Gustave Flaubert?<|eot_id|><|start_header_id|>assistant<|end_header_id|>

",The Perpetual Orgy,domain,The Perpetual Orgy,0.9921875,1.0,1.0000001192092896,1.0055696523799624
972,Jorge Semprún,"<|begin_of_text|><|start_header_id|>system<|end_header_id|>

Cutting Knowledge Date: December 2023
Today Date: 26 July 2024

<|eot_id|><|start_header_id|>user<|end_header_id|>

When was Rafael Alberti born?<|eot_id|><|start_header_id|>assistant<|end_header_id|>

",16 December 1902,domain,16 December 1902,1.0,1.0,1.0,1.0000256303257047
973,Jorge Semprún,"<|begin_of_text|><|start_header_id|>system<|end_header_id|>

Cutting Knowledge Date: December 2023
Today Date: 26 July 2024

<|eot_id|><|start_header_id|>user<|end_header_id|>

Where was Rafael Alberti born?<|eot_id|><|start_header_id|>assistant<|end_header_id|>

",El Puerto de Santa María,domain,"El Puerto de Santa María, Cádiz",0.98046875,0.75,0.8605513572692871,1.0214674137498667
974,Jorge Semprún,"<|begin_of_text|><|start_header_id|>system<|end_header_id|>

Cutting Knowledge Date: December 2023
Today Date: 26 July 2024

<|eot_id|><|start_header_id|>user<|end_header_id|>

What was Rafael Alberti's family background?<|eot_id|><|start_header_id|>assistant<|end_header_id|>

","His family were vintners who had once been the most powerful in town, suppliers of sherry to the crowned heads of Europe.",domain,He was from a family of bakers and was the second of three children,0.51953125,0.2857142857142857,0.2311772108078003,3.893758941798335
975,Jorge Semprún,"<|begin_of_text|><|start_header_id|>system<|end_header_id|>

Cutting Knowledge Date: December 2023
Today Date: 26 July 2024

<|eot_id|><|start_header_id|>user<|end_header_id|>

What was the occupation of Rafael Alberti's father?<|eot_id|><|start_header_id|>assistant<|end_header_id|>

",Commercial traveller for the company,domain,Pharmacist,0.4140625,0.0,0.12185980379581451,3.2788737679386735
976,Jorge Semprún,"<|begin_of_text|><|start_header_id|>system<|end_header_id|>

Cutting Knowledge Date: December 2023
Today Date: 26 July 2024

<|eot_id|><|start_header_id|>user<|end_header_id|>

What is the name of Mario Vargas Llosa's novel that explores the theme of prostitution and the workings of the Peruvian military?<|eot_id|><|start_header_id|>assistant<|end_header_id|>

",The Green House,domain,The Green House,0.98828125,1.0,1.0,1.0105533447060975
977,Jorge Semprún,"<|begin_of_text|><|start_header_id|>system<|end_header_id|>

Cutting Knowledge Date: December 2023
Today Date: 26 July 2024

<|eot_id|><|start_header_id|>user<|end_header_id|>

What was the title of Camilo José Cela's best-known work?<|eot_id|><|start_header_id|>assistant<|end_header_id|>

",La colmena (The Hive),domain,La colmena (The Hive),0.99609375,1.0,1.0000001192092896,1.005538965297786
978,Kamala Harris,"<|begin_of_text|><|start_header_id|>system<|end_header_id|>

Cutting Knowledge Date: December 2023
Today Date: 26 July 2024

<|eot_id|><|start_header_id|>user<|end_header_id|>

What role did Kamala Harris serve in California from 2011 to 2017?<|eot_id|><|start_header_id|>assistant<|end_header_id|>

",Attorney General of California,general,Attorney General of California,0.98046875,1.0,1.0,1.0186035464852825
979,Kamala Harris,"<|begin_of_text|><|start_header_id|>system<|end_header_id|>

Cutting Knowledge Date: December 2023
Today Date: 26 July 2024

<|eot_id|><|start_header_id|>user<|end_header_id|>

Who did Kamala Harris defeat in the 2016 Senate election?<|eot_id|><|start_header_id|>assistant<|end_header_id|>

",Loretta Sanchez,general,Loretta Sanchez,0.9609375,1.0,0.9999999403953552,1.043650443723778
980,Kamala Harris,"<|begin_of_text|><|start_header_id|>system<|end_header_id|>

Cutting Knowledge Date: December 2023
Today Date: 26 July 2024

<|eot_id|><|start_header_id|>user<|end_header_id|>

When was Kamala Harris born?<|eot_id|><|start_header_id|>assistant<|end_header_id|>

","October 20, 1964",general,"October 20, 1964",1.0,1.0,1.0,1.0000758199823438
981,Kamala Harris,"<|begin_of_text|><|start_header_id|>system<|end_header_id|>

Cutting Knowledge Date: December 2023
Today Date: 26 July 2024

<|eot_id|><|start_header_id|>user<|end_header_id|>

From which law school did Kamala Harris graduate?<|eot_id|><|start_header_id|>assistant<|end_header_id|>

","University of California, Hastings College of the Law",general,"University of California, Hastings College of the Law",0.98828125,1.0,0.9999999403953552,1.0112320446098781
982,Kamala Harris,"<|begin_of_text|><|start_header_id|>system<|end_header_id|>

Cutting Knowledge Date: December 2023
Today Date: 26 July 2024

<|eot_id|><|start_header_id|>user<|end_header_id|>

Which university did Kamala Harris attend for her undergraduate degree?<|eot_id|><|start_header_id|>assistant<|end_header_id|>

",Howard University,general,Howard University,0.9921875,1.0,0.9999998807907104,1.0056003403986487
983,Katy Perry,"<|begin_of_text|><|start_header_id|>system<|end_header_id|>

Cutting Knowledge Date: December 2023
Today Date: 26 July 2024

<|eot_id|><|start_header_id|>user<|end_header_id|>

What genre was Katy Perry's first record?<|eot_id|><|start_header_id|>assistant<|end_header_id|>

",Gospel,general,Gospel,0.984375,1.0,0.9999998807907104,1.017733529476957
984,Katy Perry,"<|begin_of_text|><|start_header_id|>system<|end_header_id|>

Cutting Knowledge Date: December 2023
Today Date: 26 July 2024

<|eot_id|><|start_header_id|>user<|end_header_id|>

What was Katy Perry's first record titled?<|eot_id|><|start_header_id|>assistant<|end_header_id|>

",Katy Hudson,general,Katy Hudson,1.0,1.0,1.000000238418579,1.0006868813028054
985,Katy Perry,"<|begin_of_text|><|start_header_id|>system<|end_header_id|>

Cutting Knowledge Date: December 2023
Today Date: 26 July 2024

<|eot_id|><|start_header_id|>user<|end_header_id|>

What is Katy Perry's real name?<|eot_id|><|start_header_id|>assistant<|end_header_id|>

",Katheryn Elizabeth Hudson,general,Katheryn Elizabeth Hudson,1.0,1.0,1.0,1.0003223938766843
986,Katy Perry,"<|begin_of_text|><|start_header_id|>system<|end_header_id|>

Cutting Knowledge Date: December 2023
Today Date: 26 July 2024

<|eot_id|><|start_header_id|>user<|end_header_id|>

When was Katy Perry born?<|eot_id|><|start_header_id|>assistant<|end_header_id|>

","October 25, 1984",general,"October 25, 1984",1.0,1.0,1.0,1.0000686669082455
987,Katy Perry,"<|begin_of_text|><|start_header_id|>system<|end_header_id|>

Cutting Knowledge Date: December 2023
Today Date: 26 July 2024

<|eot_id|><|start_header_id|>user<|end_header_id|>

What is Katy Perry's debut single?<|eot_id|><|start_header_id|>assistant<|end_header_id|>

",I Kissed a Girl,general,I Kissed a Girl,1.0,1.0,1.0,1.0011756172546569
988,Keanu Reeves,"<|begin_of_text|><|start_header_id|>system<|end_header_id|>

Cutting Knowledge Date: December 2023
Today Date: 26 July 2024

<|eot_id|><|start_header_id|>user<|end_header_id|>

What is Keanu Reeves's nationality?<|eot_id|><|start_header_id|>assistant<|end_header_id|>

",Canadian,general,Canadian,1.0,1.0,1.0,1.0006983333208637
989,Keanu Reeves,"<|begin_of_text|><|start_header_id|>system<|end_header_id|>

Cutting Knowledge Date: December 2023
Today Date: 26 July 2024

<|eot_id|><|start_header_id|>user<|end_header_id|>

Which film series did Keanu Reeves star in that began in 1999?<|eot_id|><|start_header_id|>assistant<|end_header_id|>

",The Matrix,general,The Matrix,1.0,1.0,0.9999999403953552,1.0005342002513473
990,Keanu Reeves,"<|begin_of_text|><|start_header_id|>system<|end_header_id|>

Cutting Knowledge Date: December 2023
Today Date: 26 July 2024

<|eot_id|><|start_header_id|>user<|end_header_id|>

What was the title of Keanu Reeves's feature film debut?<|eot_id|><|start_header_id|>assistant<|end_header_id|>

",Youngblood,general,Youngblood,0.953125,1.0,1.0,1.0490149306133
991,Keanu Reeves,"<|begin_of_text|><|start_header_id|>system<|end_header_id|>

Cutting Knowledge Date: December 2023
Today Date: 26 July 2024

<|eot_id|><|start_header_id|>user<|end_header_id|>

Where was Keanu Reeves born?<|eot_id|><|start_header_id|>assistant<|end_header_id|>

","Beirut, Lebanon",general,"Beirut, Lebanon",0.921875,1.0,1.0,1.0908029348130235
992,Lali Espósito,"<|begin_of_text|><|start_header_id|>system<|end_header_id|>

Cutting Knowledge Date: December 2023
Today Date: 26 July 2024

<|eot_id|><|start_header_id|>user<|end_header_id|>

In what country was Lali Espósito born?<|eot_id|><|start_header_id|>assistant<|end_header_id|>

",Argentina,general,Argentina,1.0,1.0,1.0000001192092896,1.0007632305654586
993,Lali Espósito,"<|begin_of_text|><|start_header_id|>system<|end_header_id|>

Cutting Knowledge Date: December 2023
Today Date: 26 July 2024

<|eot_id|><|start_header_id|>user<|end_header_id|>

How many albums had Lali Espósito released by 2020?<|eot_id|><|start_header_id|>assistant<|end_header_id|>

",4,general,4,0.462890625,1.0,1.0,2.1587541005953903
994,Lali Espósito,"<|begin_of_text|><|start_header_id|>system<|end_header_id|>

Cutting Knowledge Date: December 2023
Today Date: 26 July 2024

<|eot_id|><|start_header_id|>user<|end_header_id|>

What is Lali Espósito's full name?<|eot_id|><|start_header_id|>assistant<|end_header_id|>

",Mariana 'Lali' Espósito,general,María de los Ángeles Espósito,0.796875,0.2857142857142857,0.5542459487915039,1.8464802327500045
995,Lali Espósito,"<|begin_of_text|><|start_header_id|>system<|end_header_id|>

Cutting Knowledge Date: December 2023
Today Date: 26 July 2024

<|eot_id|><|start_header_id|>user<|end_header_id|>

When was Lali Espósito born?<|eot_id|><|start_header_id|>assistant<|end_header_id|>

",10 October 1991,general,10 October 1991,0.9921875,1.0,0.9999997019767761,1.008827799714578
996,Lali Espósito,"<|begin_of_text|><|start_header_id|>system<|end_header_id|>

Cutting Knowledge Date: December 2023
Today Date: 26 July 2024

<|eot_id|><|start_header_id|>user<|end_header_id|>

What genre of music does Lali Espósito's album 'A Bailar' primarily feature?<|eot_id|><|start_header_id|>assistant<|end_header_id|>

",Pop and EDM,general,Pop and dance-pop,0.3984375,0.5,0.639472484588623,3.8333918047584103
997,Leonardo da Vinci,"<|begin_of_text|><|start_header_id|>system<|end_header_id|>

Cutting Knowledge Date: December 2023
Today Date: 26 July 2024

<|eot_id|><|start_header_id|>user<|end_header_id|>

Who was Leonardo da Vinci educated by?<|eot_id|><|start_header_id|>assistant<|end_header_id|>

",Andrea del Verrocchio,general,Andrea del Verrocchio,1.0,1.0,1.0,1.0020314796096883
998,Leonardo da Vinci,"<|begin_of_text|><|start_header_id|>system<|end_header_id|>

Cutting Knowledge Date: December 2023
Today Date: 26 July 2024

<|eot_id|><|start_header_id|>user<|end_header_id|>

Which city did Leonardo begin his career in?<|eot_id|><|start_header_id|>assistant<|end_header_id|>

",Florence,general,Florence,0.98046875,1.0,1.000000238418579,1.01947430723406
999,Leonardo da Vinci,"<|begin_of_text|><|start_header_id|>system<|end_header_id|>

Cutting Knowledge Date: December 2023
Today Date: 26 July 2024

<|eot_id|><|start_header_id|>user<|end_header_id|>

Who did Leonardo spend much time in the service of?<|eot_id|><|start_header_id|>assistant<|end_header_id|>

",Ludovico Sforza,general,Ludovico Sforza,0.99609375,1.0,0.9999999403953552,1.0049867579291933
1000,Leonardo da Vinci,"<|begin_of_text|><|start_header_id|>system<|end_header_id|>

Cutting Knowledge Date: December 2023
Today Date: 26 July 2024

<|eot_id|><|start_header_id|>user<|end_header_id|>

What is considered Leonardo da Vinci's magnum opus?<|eot_id|><|start_header_id|>assistant<|end_header_id|>

",The Mona Lisa,general,The Mona Lisa,0.99609375,1.0,1.0,1.002306733574002
1001,Leonardo da Vinci,"<|begin_of_text|><|start_header_id|>system<|end_header_id|>

Cutting Knowledge Date: December 2023
Today Date: 26 July 2024

<|eot_id|><|start_header_id|>user<|end_header_id|>

Where did Leonardo spend his last three years?<|eot_id|><|start_header_id|>assistant<|end_header_id|>

",France,general,France,0.96484375,1.0,1.0000001192092896,1.0360344442446432
1002,Madonna,"<|begin_of_text|><|start_header_id|>system<|end_header_id|>

Cutting Knowledge Date: December 2023
Today Date: 26 July 2024

<|eot_id|><|start_header_id|>user<|end_header_id|>

How many records has Madonna sold worldwide?<|eot_id|><|start_header_id|>assistant<|end_header_id|>

",Over 300 million,general,Over 300 million,0.96484375,1.0,0.9999999403953552,1.0380599263845776
1003,Madonna,"<|begin_of_text|><|start_header_id|>system<|end_header_id|>

Cutting Knowledge Date: December 2023
Today Date: 26 July 2024

<|eot_id|><|start_header_id|>user<|end_header_id|>

What was Madonna's debut studio album?<|eot_id|><|start_header_id|>assistant<|end_header_id|>

",Madonna (1983),general,Madonna (1983),0.92578125,1.0,0.9999999403953552,1.0945376440805084
1004,Madonna,"<|begin_of_text|><|start_header_id|>system<|end_header_id|>

Cutting Knowledge Date: December 2023
Today Date: 26 July 2024

<|eot_id|><|start_header_id|>user<|end_header_id|>

When was Madonna born?<|eot_id|><|start_header_id|>assistant<|end_header_id|>

","August 16, 1958",general,"August 16, 1958",1.0,1.0,1.0000001192092896,1.000005215420018
1005,Madonna,"<|begin_of_text|><|start_header_id|>system<|end_header_id|>

Cutting Knowledge Date: December 2023
Today Date: 26 July 2024

<|eot_id|><|start_header_id|>user<|end_header_id|>

What is Madonna's full name?<|eot_id|><|start_header_id|>assistant<|end_header_id|>

",Madonna Louise Ciccone,general,Madonna Louise Ciccone,0.99609375,1.0,0.9999998807907104,1.0034850626644503
1006,Madonna,"<|begin_of_text|><|start_header_id|>system<|end_header_id|>

Cutting Knowledge Date: December 2023
Today Date: 26 July 2024

<|eot_id|><|start_header_id|>user<|end_header_id|>

When was Madonna inducted into the Rock and Roll Hall of Fame?<|eot_id|><|start_header_id|>assistant<|end_header_id|>

",2008,general,2008,1.0,1.0,0.9999998807907104,1.000006735347542
1007,Mahatma Gandhi,"<|begin_of_text|><|start_header_id|>system<|end_header_id|>

Cutting Knowledge Date: December 2023
Today Date: 26 July 2024

<|eot_id|><|start_header_id|>user<|end_header_id|>

What method did Gandhi employ to lead India's independence campaign?<|eot_id|><|start_header_id|>assistant<|end_header_id|>

",Nonviolent resistance,general,Nonviolent resistance,0.8671875,1.0,1.0,1.1794391896549075
1008,Mahatma Gandhi,"<|begin_of_text|><|start_header_id|>system<|end_header_id|>

Cutting Knowledge Date: December 2023
Today Date: 26 July 2024

<|eot_id|><|start_header_id|>user<|end_header_id|>

What year did Gandhi move to South Africa?<|eot_id|><|start_header_id|>assistant<|end_header_id|>

",1893,general,1893,1.0,1.0,1.0,1.0000135303458983
1009,Mahatma Gandhi,"<|begin_of_text|><|start_header_id|>system<|end_header_id|>

Cutting Knowledge Date: December 2023
Today Date: 26 July 2024

<|eot_id|><|start_header_id|>user<|end_header_id|>

Which movement did Gandhi lead in 1930 to challenge the British-imposed salt tax?<|eot_id|><|start_header_id|>assistant<|end_header_id|>

",Dandi Salt March,general,Dandi Salt March,0.9921875,1.0,1.0000001192092896,1.0099367400851054
1010,Mahatma Gandhi,"<|begin_of_text|><|start_header_id|>system<|end_header_id|>

Cutting Knowledge Date: December 2023
Today Date: 26 July 2024

<|eot_id|><|start_header_id|>user<|end_header_id|>

What was the main goal of Gandhi's nationwide campaigns?<|eot_id|><|start_header_id|>assistant<|end_header_id|>

",Achieving swaraj or self-rule,general,Achieving Swaraj or self-rule,0.8203125,1.0,1.0,1.3093505487914747
1011,Mahatma Gandhi,"<|begin_of_text|><|start_header_id|>system<|end_header_id|>

Cutting Knowledge Date: December 2023
Today Date: 26 July 2024

<|eot_id|><|start_header_id|>user<|end_header_id|>

What was Gandhi's profession before becoming a political ethicist?<|eot_id|><|start_header_id|>assistant<|end_header_id|>

",Lawyer,general,Lawyer,0.99609375,1.0,0.9999998211860657,1.0032860268362187
1012,Marilyn Monroe,"<|begin_of_text|><|start_header_id|>system<|end_header_id|>

Cutting Knowledge Date: December 2023
Today Date: 26 July 2024

<|eot_id|><|start_header_id|>user<|end_header_id|>

Who were Marilyn Monroe's husbands that the biography mentions?<|eot_id|><|start_header_id|>assistant<|end_header_id|>

",Joe DiMaggio and Arthur Miller,general,Joe DiMaggio and Arthur Miller,0.98828125,1.0,1.0,1.0141370825645222
1013,Marilyn Monroe,"<|begin_of_text|><|start_header_id|>system<|end_header_id|>

Cutting Knowledge Date: December 2023
Today Date: 26 July 2024

<|eot_id|><|start_header_id|>user<|end_header_id|>

What method of acting did Monroe study under Lee Strasberg?<|eot_id|><|start_header_id|>assistant<|end_header_id|>

",Method acting,general,Method acting,0.98046875,1.0,1.0,1.02071954258347
1014,Marilyn Monroe,"<|begin_of_text|><|start_header_id|>system<|end_header_id|>

Cutting Knowledge Date: December 2023
Today Date: 26 July 2024

<|eot_id|><|start_header_id|>user<|end_header_id|>

When was Marilyn Monroe born?<|eot_id|><|start_header_id|>assistant<|end_header_id|>

","June 1, 1926",general,"June 1, 1926",0.99609375,1.0,0.9999997615814209,1.0035309996165513
1015,Marilyn Monroe,"<|begin_of_text|><|start_header_id|>system<|end_header_id|>

Cutting Knowledge Date: December 2023
Today Date: 26 July 2024

<|eot_id|><|start_header_id|>user<|end_header_id|>

Which magazine featured Monroe's nude images as its first issue's centerfold and cover in 1953?<|eot_id|><|start_header_id|>assistant<|end_header_id|>

",Playboy,general,Playboy,0.97265625,1.0,0.9999998807907104,1.0279719602350172
1016,Mark Wahlberg,"<|begin_of_text|><|start_header_id|>system<|end_header_id|>

Cutting Knowledge Date: December 2023
Today Date: 26 July 2024

<|eot_id|><|start_header_id|>user<|end_header_id|>

What is the name of the reality TV series about the Wahlburgers chain?<|eot_id|><|start_header_id|>assistant<|end_header_id|>

",Wahlburgers,general,Wahlburgers,1.0,1.0,0.9999998807907104,1.0004387864241588
1017,Mark Wahlberg,"<|begin_of_text|><|start_header_id|>system<|end_header_id|>

Cutting Knowledge Date: December 2023
Today Date: 26 July 2024

<|eot_id|><|start_header_id|>user<|end_header_id|>

For which movie did Mark Wahlberg receive critical praise for his performance as Dirk Diggler?<|eot_id|><|start_header_id|>assistant<|end_header_id|>

",Boogie Nights,general,Boogie Nights,0.99609375,1.0,0.9999998211860657,1.002429092938261
1018,Mark Wahlberg,"<|begin_of_text|><|start_header_id|>system<|end_header_id|>

Cutting Knowledge Date: December 2023
Today Date: 26 July 2024

<|eot_id|><|start_header_id|>user<|end_header_id|>

When was Mark Wahlberg born?<|eot_id|><|start_header_id|>assistant<|end_header_id|>

","June 5, 1971",general,"June 5, 1971",1.0,1.0,0.9999998807907104,1.0000059306797415
1019,Mark Wahlberg,"<|begin_of_text|><|start_header_id|>system<|end_header_id|>

Cutting Knowledge Date: December 2023
Today Date: 26 July 2024

<|eot_id|><|start_header_id|>user<|end_header_id|>

What is Mark Wahlberg's full birth name?<|eot_id|><|start_header_id|>assistant<|end_header_id|>

",Mark Robert Michael Wahlberg,general,Mark Robert Michael Wahlberg,0.984375,1.0,0.9999999403953552,1.0171125437561124
1020,Mark Wahlberg,"<|begin_of_text|><|start_header_id|>system<|end_header_id|>

Cutting Knowledge Date: December 2023
Today Date: 26 July 2024

<|eot_id|><|start_header_id|>user<|end_header_id|>

In what neighborhood of Boston was Mark Wahlberg born?<|eot_id|><|start_header_id|>assistant<|end_header_id|>

",Dorchester,general,Dorchester,1.0,1.0,1.0,1.0009426742629586
1021,Mark Zuckerberg,"<|begin_of_text|><|start_header_id|>system<|end_header_id|>

Cutting Knowledge Date: December 2023
Today Date: 26 July 2024

<|eot_id|><|start_header_id|>user<|end_header_id|>

What is Mark Zuckerberg known for co-founding?<|eot_id|><|start_header_id|>assistant<|end_header_id|>

",Facebook,general,Facebook,0.99609375,1.0,1.0,1.0026891561862772
1022,Mark Zuckerberg,"<|begin_of_text|><|start_header_id|>system<|end_header_id|>

Cutting Knowledge Date: December 2023
Today Date: 26 July 2024

<|eot_id|><|start_header_id|>user<|end_header_id|>

Which university did Mark Zuckerberg attend before dropping out?<|eot_id|><|start_header_id|>assistant<|end_header_id|>

",Harvard University,general,Harvard University,1.0,1.0,1.0,1.0003338417234913
1023,Mark Zuckerberg,"<|begin_of_text|><|start_header_id|>system<|end_header_id|>

Cutting Knowledge Date: December 2023
Today Date: 26 July 2024

<|eot_id|><|start_header_id|>user<|end_header_id|>

In what year did Facebook reach one billion users?<|eot_id|><|start_header_id|>assistant<|end_header_id|>

",2012,general,2012,1.0,1.0,0.9999998807907104,1.0000584142579263
1024,Mark Zuckerberg,"<|begin_of_text|><|start_header_id|>system<|end_header_id|>

Cutting Knowledge Date: December 2023
Today Date: 26 July 2024

<|eot_id|><|start_header_id|>user<|end_header_id|>

Who were Mark Zuckerberg's roommates that he launched Facebook with?<|eot_id|><|start_header_id|>assistant<|end_header_id|>

","Eduardo Saverin, Andrew McCollum, Dustin Moskovitz, and Chris Hughes",general,"Eduardo Saverin, Andrew McCollum, Dustin Moskovitz, and Chris Hughes",1.0,1.0,1.0,1.0009732210753242
1025,Mark Zuckerberg,"<|begin_of_text|><|start_header_id|>system<|end_header_id|>

Cutting Knowledge Date: December 2023
Today Date: 26 July 2024

<|eot_id|><|start_header_id|>user<|end_header_id|>

When was Mark Zuckerberg born?<|eot_id|><|start_header_id|>assistant<|end_header_id|>

","May 14, 1984",general,"May 14, 1984",1.0,1.0,0.9999998807907104,1.0000103712619721
1026,Megan Fox,"<|begin_of_text|><|start_header_id|>system<|end_header_id|>

Cutting Knowledge Date: December 2023
Today Date: 26 July 2024

<|eot_id|><|start_header_id|>user<|end_header_id|>

What is Megan Fox's full name?<|eot_id|><|start_header_id|>assistant<|end_header_id|>

",Megan Denise Fox,general,Megan Denise Fox,0.9921875,1.0,1.0,1.0067364557176401
1027,Megan Fox,"<|begin_of_text|><|start_header_id|>system<|end_header_id|>

Cutting Knowledge Date: December 2023
Today Date: 26 July 2024

<|eot_id|><|start_header_id|>user<|end_header_id|>

When was Megan Fox born?<|eot_id|><|start_header_id|>assistant<|end_header_id|>

","May 16, 1986",general,"May 16, 1986",0.99609375,1.0,0.9999999403953552,1.0027197562978545
1028,Megan Fox,"<|begin_of_text|><|start_header_id|>system<|end_header_id|>

Cutting Knowledge Date: December 2023
Today Date: 26 July 2024

<|eot_id|><|start_header_id|>user<|end_header_id|>

In which film did Megan Fox play Mikaela Banes?<|eot_id|><|start_header_id|>assistant<|end_header_id|>

",Transformers,general,Transformers,0.96875,1.0,1.0,1.033760500518059
1029,Megan Fox,"<|begin_of_text|><|start_header_id|>system<|end_header_id|>

Cutting Knowledge Date: December 2023
Today Date: 26 July 2024

<|eot_id|><|start_header_id|>user<|end_header_id|>

Which character did Megan Fox portray in the horror comedy 'Jennifer's Body'?<|eot_id|><|start_header_id|>assistant<|end_header_id|>

",The titular character,general,The titular character,0.8203125,1.0,0.9999998807907104,1.2827720976885297
1030,Megan Fox,"<|begin_of_text|><|start_header_id|>system<|end_header_id|>

Cutting Knowledge Date: December 2023
Today Date: 26 July 2024

<|eot_id|><|start_header_id|>user<|end_header_id|>

What role did Megan Fox have in the 'Teenage Mutant Ninja Turtles' films?<|eot_id|><|start_header_id|>assistant<|end_header_id|>

",April O'Neil,general,April O'Neil,1.0,1.0,1.0000001192092896,1.001549967048999
1031,"Meghan, Duchess of Sussex","<|begin_of_text|><|start_header_id|>system<|end_header_id|>

Cutting Knowledge Date: December 2023
Today Date: 26 July 2024

<|eot_id|><|start_header_id|>user<|end_header_id|>

What was the name of Meghan, Duchess of Sussex's lifestyle blog?<|eot_id|><|start_header_id|>assistant<|end_header_id|>

",The Tig,general,The Tig,0.9921875,1.0,1.0,1.0098134643159469
1032,"Meghan, Duchess of Sussex","<|begin_of_text|><|start_header_id|>system<|end_header_id|>

Cutting Knowledge Date: December 2023
Today Date: 26 July 2024

<|eot_id|><|start_header_id|>user<|end_header_id|>

What role did Meghan, Duchess of Sussex play in the TV show Suits?<|eot_id|><|start_header_id|>assistant<|end_header_id|>

",Rachel Zane,general,Rachel Zane,0.98828125,1.0,0.9999998807907104,1.010985191921098
1033,"Meghan, Duchess of Sussex","<|begin_of_text|><|start_header_id|>system<|end_header_id|>

Cutting Knowledge Date: December 2023
Today Date: 26 July 2024

<|eot_id|><|start_header_id|>user<|end_header_id|>

What is Meghan, Duchess of Sussex's birth name?<|eot_id|><|start_header_id|>assistant<|end_header_id|>

",Rachel Meghan Markle,general,Rachel Meghan Markle,0.98046875,1.0,1.0,1.01922544251975
1034,"Meghan, Duchess of Sussex","<|begin_of_text|><|start_header_id|>system<|end_header_id|>

Cutting Knowledge Date: December 2023
Today Date: 26 July 2024

<|eot_id|><|start_header_id|>user<|end_header_id|>

When was Meghan, Duchess of Sussex born?<|eot_id|><|start_header_id|>assistant<|end_header_id|>

","August 4, 1981",general,"August 4, 1981",0.99609375,1.0,1.0,1.0022455594928115
1035,"Meghan, Duchess of Sussex","<|begin_of_text|><|start_header_id|>system<|end_header_id|>

Cutting Knowledge Date: December 2023
Today Date: 26 July 2024

<|eot_id|><|start_header_id|>user<|end_header_id|>

Who was Meghan, Duchess of Sussex married to before Prince Harry?<|eot_id|><|start_header_id|>assistant<|end_header_id|>

",Trevor Engelson,general,Trevor Engelson,0.98046875,1.0,0.9999997615814209,1.0195987623773142
1036,Mike Tyson,"<|begin_of_text|><|start_header_id|>system<|end_header_id|>

Cutting Knowledge Date: December 2023
Today Date: 26 July 2024

<|eot_id|><|start_header_id|>user<|end_header_id|>

What are some of Mike Tyson's nicknames?<|eot_id|><|start_header_id|>assistant<|end_header_id|>

","Iron Mike, Kid Dynamite, The Baddest Man on the Planet",general,"Iron Mike, Kid Dynamite, The Baddest Man on the Planet",0.9375,1.0,0.9999998807907104,1.0723196709942504
1037,Mike Tyson,"<|begin_of_text|><|start_header_id|>system<|end_header_id|>

Cutting Knowledge Date: December 2023
Today Date: 26 July 2024

<|eot_id|><|start_header_id|>user<|end_header_id|>

How many of Tyson's first professional fights ended in a knockout?<|eot_id|><|start_header_id|>assistant<|end_header_id|>

",19,general,19,0.828125,1.0,1.0000001192092896,1.2050528651812489
1038,Mike Tyson,"<|begin_of_text|><|start_header_id|>system<|end_header_id|>

Cutting Knowledge Date: December 2023
Today Date: 26 July 2024

<|eot_id|><|start_header_id|>user<|end_header_id|>

When was Mike Tyson born?<|eot_id|><|start_header_id|>assistant<|end_header_id|>

","June 30, 1966",general,"June 30, 1966",1.0,1.0,1.0,1.0000113845519556
1039,Mike Tyson,"<|begin_of_text|><|start_header_id|>system<|end_header_id|>

Cutting Knowledge Date: December 2023
Today Date: 26 July 2024

<|eot_id|><|start_header_id|>user<|end_header_id|>

What is Mike Tyson's full name?<|eot_id|><|start_header_id|>assistant<|end_header_id|>

",Michael Gerard Tyson,general,Michael Gerard Tyson,0.96484375,1.0,0.9999998807907104,1.0393278631103664
1040,Mike Tyson,"<|begin_of_text|><|start_header_id|>system<|end_header_id|>

Cutting Knowledge Date: December 2023
Today Date: 26 July 2024

<|eot_id|><|start_header_id|>user<|end_header_id|>

How long did Mike Tyson's professional boxing career last?<|eot_id|><|start_header_id|>assistant<|end_header_id|>

",1985 to 2005,general,1985 to 2005,1.0,1.0,0.9999998807907104,1.0012443648889044
1041,Mila Kunis,"<|begin_of_text|><|start_header_id|>system<|end_header_id|>

Cutting Knowledge Date: December 2023
Today Date: 26 July 2024

<|eot_id|><|start_header_id|>user<|end_header_id|>

When was Mila Kunis born?<|eot_id|><|start_header_id|>assistant<|end_header_id|>

","August 14, 1983",general,"August 14, 1983",1.0,1.0,1.0000001192092896,1.0009923133064482
1042,Mila Kunis,"<|begin_of_text|><|start_header_id|>system<|end_header_id|>

Cutting Knowledge Date: December 2023
Today Date: 26 July 2024

<|eot_id|><|start_header_id|>user<|end_header_id|>

Where was Mila Kunis born?<|eot_id|><|start_header_id|>assistant<|end_header_id|>

","Chernivtsi, Ukraine",general,"Chernivtsi, Ukraine",0.96484375,1.0,1.0,1.0393278631103664
1043,Mila Kunis,"<|begin_of_text|><|start_header_id|>system<|end_header_id|>

Cutting Knowledge Date: December 2023
Today Date: 26 July 2024

<|eot_id|><|start_header_id|>user<|end_header_id|>

What was Mila Kunis's breakout film role?<|eot_id|><|start_header_id|>assistant<|end_header_id|>

",Forgetting Sarah Marshall,general,Forgetting Sarah Marshall,0.9921875,1.0,0.9999998807907104,1.0099367400851054
1044,Mila Kunis,"<|begin_of_text|><|start_header_id|>system<|end_header_id|>

Cutting Knowledge Date: December 2023
Today Date: 26 July 2024

<|eot_id|><|start_header_id|>user<|end_header_id|>

For which film did Mila Kunis receive nominations for the SAG Award and the Golden Globe Award for Best Supporting Actress?<|eot_id|><|start_header_id|>assistant<|end_header_id|>

",Black Swan,general,Black Swan,1.0,1.0,1.0,1.0012901992676537
1045,Mila Kunis,"<|begin_of_text|><|start_header_id|>system<|end_header_id|>

Cutting Knowledge Date: December 2023
Today Date: 26 July 2024

<|eot_id|><|start_header_id|>user<|end_header_id|>

What was Mila Kunis's mother tongue?<|eot_id|><|start_header_id|>assistant<|end_header_id|>

",Russian,general,Russian,0.96875,1.0,1.000000238418579,1.0342653896413676
1046,Moshe Greenberg,"<|begin_of_text|><|start_header_id|>system<|end_header_id|>

Cutting Knowledge Date: December 2023
Today Date: 26 July 2024

<|eot_id|><|start_header_id|>user<|end_header_id|>

What university did Joseph B. Soloveitchik enter in 1926?<|eot_id|><|start_header_id|>assistant<|end_header_id|>

","The Friedrich Wilhelm University in Berlin, Germany",domain,The Friedrich Wilhelm University in Berlin,0.65625,1.0,0.9850595593452454,2.7827440243535593
1047,Moshe Greenberg,"<|begin_of_text|><|start_header_id|>system<|end_header_id|>

Cutting Knowledge Date: December 2023
Today Date: 26 July 2024

<|eot_id|><|start_header_id|>user<|end_header_id|>

What was the name of the quarterly co-edited by Martin Buber between 1926 and 1930?<|eot_id|><|start_header_id|>assistant<|end_header_id|>

",Die Kreatur (The Creature),domain,Die Kreatur (The Creature),0.95703125,1.0,1.0,1.0479910020166328
1048,Moshe Greenberg,"<|begin_of_text|><|start_header_id|>system<|end_header_id|>

Cutting Knowledge Date: December 2023
Today Date: 26 July 2024

<|eot_id|><|start_header_id|>user<|end_header_id|>

Where did Abraham Joshua Heschel pursue his doctorate?<|eot_id|><|start_header_id|>assistant<|end_header_id|>

",University of Berlin,domain,University of Berlin,0.984375,1.0,1.0,1.016616028001388
1049,Moshe Greenberg,"<|begin_of_text|><|start_header_id|>system<|end_header_id|>

Cutting Knowledge Date: December 2023
Today Date: 26 July 2024

<|eot_id|><|start_header_id|>user<|end_header_id|>

Who was Abraham Joshua Heschel's paternal great-great-grandfather?<|eot_id|><|start_header_id|>assistant<|end_header_id|>

",Rebbe Avraham Yehoshua Heshel of Apt,domain,"Shalom B. Swerski, a rabbi in Moshanzh",0.91015625,0.0,0.3455525040626526,1.2062302494209807
1050,Moshe Greenberg,"<|begin_of_text|><|start_header_id|>system<|end_header_id|>

Cutting Knowledge Date: December 2023
Today Date: 26 July 2024

<|eot_id|><|start_header_id|>user<|end_header_id|>

What was the occupation of Abraham Joshua Heschel's father?<|eot_id|><|start_header_id|>assistant<|end_header_id|>

",Rabbi,domain,Rabbi,0.9921875,1.0,0.9999999403953552,1.0085199768750803
1051,Moshe Greenberg,"<|begin_of_text|><|start_header_id|>system<|end_header_id|>

Cutting Knowledge Date: December 2023
Today Date: 26 July 2024

<|eot_id|><|start_header_id|>user<|end_header_id|>

Where was Abraham Joshua Heschel born?<|eot_id|><|start_header_id|>assistant<|end_header_id|>

",Warsaw,domain,"Warsaw, Poland",0.984375,0.5,0.9465144872665405,1.0161197546268175
1052,Moshe Greenberg,"<|begin_of_text|><|start_header_id|>system<|end_header_id|>

Cutting Knowledge Date: December 2023
Today Date: 26 July 2024

<|eot_id|><|start_header_id|>user<|end_header_id|>

When was Abraham Joshua Heschel born?<|eot_id|><|start_header_id|>assistant<|end_header_id|>

","January 11, 1907",domain,"January 11, 1907",1.0,1.0,1.0000001192092896,1.0001945684865399
1053,Moshe Greenberg,"<|begin_of_text|><|start_header_id|>system<|end_header_id|>

Cutting Knowledge Date: December 2023
Today Date: 26 July 2024

<|eot_id|><|start_header_id|>user<|end_header_id|>

What was Walter Brueggemann's position at Eden Theological Seminary from 1968 to 1982?<|eot_id|><|start_header_id|>assistant<|end_header_id|>

",Dean,domain,Dean,0.9765625,1.0,1.000000238418579,1.0234644168558626
1054,Moshe Greenberg,"<|begin_of_text|><|start_header_id|>system<|end_header_id|>

Cutting Knowledge Date: December 2023
Today Date: 26 July 2024

<|eot_id|><|start_header_id|>user<|end_header_id|>

What degree did Walter Brueggemann receive from Elmhurst College in 1955?<|eot_id|><|start_header_id|>assistant<|end_header_id|>

",A.B.,domain,A.B. degree,0.95703125,0.6666666666666666,0.5382648706436157,1.0459461421743022
1055,Moshe Greenberg,"<|begin_of_text|><|start_header_id|>system<|end_header_id|>

Cutting Knowledge Date: December 2023
Today Date: 26 July 2024

<|eot_id|><|start_header_id|>user<|end_header_id|>

What was Martin Buber's philosophy of dialogue?<|eot_id|><|start_header_id|>assistant<|end_header_id|>

",A form of existentialism centered on the distinction between the I–Thou relationship and the I–It relationship,domain,"A form of existentialism that emphasizes the importance of direct, personal relationship and dialogue",0.875,0.5,0.7698052525520325,1.2336298703487356
1056,Moshe Greenberg,"<|begin_of_text|><|start_header_id|>system<|end_header_id|>

Cutting Knowledge Date: December 2023
Today Date: 26 July 2024

<|eot_id|><|start_header_id|>user<|end_header_id|>

Who was Abraham Joshua Heschel's mentor in Berlin?<|eot_id|><|start_header_id|>assistant<|end_header_id|>

",David Koigen,domain,David Koigen,0.97265625,1.0,0.9999999403953552,1.027093941409565
1057,Moshe Greenberg,"<|begin_of_text|><|start_header_id|>system<|end_header_id|>

Cutting Knowledge Date: December 2023
Today Date: 26 July 2024

<|eot_id|><|start_header_id|>user<|end_header_id|>

When did Martin Buber die?<|eot_id|><|start_header_id|>assistant<|end_header_id|>

","June 13, 1965",domain,"June 13, 1965",1.0,1.0,1.0000001192092896,1.0000467311333694
1058,Moshe Greenberg,"<|begin_of_text|><|start_header_id|>system<|end_header_id|>

Cutting Knowledge Date: December 2023
Today Date: 26 July 2024

<|eot_id|><|start_header_id|>user<|end_header_id|>

What was Martin Buber's attitude towards Zionism?<|eot_id|><|start_header_id|>assistant<|end_header_id|>

",He believed in a binational solution in Palestine and a regional federation of Israel and Arab states,domain,He was a Zionist,0.66796875,0.5,0.6086044311523438,3.0088637024644465
1059,Moshe Greenberg,"<|begin_of_text|><|start_header_id|>system<|end_header_id|>

Cutting Knowledge Date: December 2023
Today Date: 26 July 2024

<|eot_id|><|start_header_id|>user<|end_header_id|>

What was the name of the publishing house where Martin Buber worked as a lecturer?<|eot_id|><|start_header_id|>assistant<|end_header_id|>

",Rütten & Loening,domain,Rütten & Loening,0.91015625,1.0,1.0,1.1342555838562434
1060,Moshe Greenberg,"<|begin_of_text|><|start_header_id|>system<|end_header_id|>

Cutting Knowledge Date: December 2023
Today Date: 26 July 2024

<|eot_id|><|start_header_id|>user<|end_header_id|>

What was the name of Martin Buber's thesis on Jakob Böhme and Nikolaus Cusanus?<|eot_id|><|start_header_id|>assistant<|end_header_id|>

",Beiträge zur Geschichte des Individuationsproblems,domain,Beiträge zur Geschichte des Individuationsproblems,0.9765625,1.0,0.9999999403953552,1.0239642773669817
1061,Moshe Greenberg,"<|begin_of_text|><|start_header_id|>system<|end_header_id|>

Cutting Knowledge Date: December 2023
Today Date: 26 July 2024

<|eot_id|><|start_header_id|>user<|end_header_id|>

When did Martin Buber begin translating the Hebrew Bible into German?<|eot_id|><|start_header_id|>assistant<|end_header_id|>

",1925,domain,1925,0.8046875,1.0,1.0,1.2765238290316252
1062,Moshe Greenberg,"<|begin_of_text|><|start_header_id|>system<|end_header_id|>

Cutting Knowledge Date: December 2023
Today Date: 26 July 2024

<|eot_id|><|start_header_id|>user<|end_header_id|>

When did Martin Buber become an honorary professor at the University of Frankfurt am Main?<|eot_id|><|start_header_id|>assistant<|end_header_id|>

",1930,domain,1930,0.7890625,1.0,1.000000238418579,1.3170450451188909
1063,Moshe Greenberg,"<|begin_of_text|><|start_header_id|>system<|end_header_id|>

Cutting Knowledge Date: December 2023
Today Date: 26 July 2024

<|eot_id|><|start_header_id|>user<|end_header_id|>

When was Joseph B. Soloveitchik born?<|eot_id|><|start_header_id|>assistant<|end_header_id|>

","February 27, 1903",domain,"February 27, 1903",0.99609375,1.0,1.0,1.0027197562978545
1064,Moshe Greenberg,"<|begin_of_text|><|start_header_id|>system<|end_header_id|>

Cutting Knowledge Date: December 2023
Today Date: 26 July 2024

<|eot_id|><|start_header_id|>user<|end_header_id|>

What was the title of Martin Buber's famous essay on existence?<|eot_id|><|start_header_id|>assistant<|end_header_id|>

",Ich und Du (later translated into English as I and Thou),domain,Ich und Du (later translated into English as I and Thou),0.96875,1.0,1.0000001192092896,1.0347705253527655
1065,Moshe Greenberg,"<|begin_of_text|><|start_header_id|>system<|end_header_id|>

Cutting Knowledge Date: December 2023
Today Date: 26 July 2024

<|eot_id|><|start_header_id|>user<|end_header_id|>

What was Joseph B. Soloveitchik's occupation?<|eot_id|><|start_header_id|>assistant<|end_header_id|>

","American Orthodox rabbi, Talmudist, and modern Jewish philosopher",domain,"American Orthodox rabbi, Talmudist, and modern Jewish philosopher",0.93359375,1.0,1.0,1.0817858942797898
1066,Moshe Greenberg,"<|begin_of_text|><|start_header_id|>system<|end_header_id|>

Cutting Knowledge Date: December 2023
Today Date: 26 July 2024

<|eot_id|><|start_header_id|>user<|end_header_id|>

What was the name of the organization Martin Buber co-founded in 1942?<|eot_id|><|start_header_id|>assistant<|end_header_id|>

",Ihud party,domain,"Ihud, also known as the Ihud Association",0.59765625,0.14285714285714285,0.5815383195877075,3.032462512963828
1067,Moshe Greenberg,"<|begin_of_text|><|start_header_id|>system<|end_header_id|>

Cutting Knowledge Date: December 2023
Today Date: 26 July 2024

<|eot_id|><|start_header_id|>user<|end_header_id|>

Who was Joseph B. Soloveitchik's great-grandfather and namesake?<|eot_id|><|start_header_id|>assistant<|end_header_id|>

","Yosef Dov Soloveitchik, the Beis HaLevi",domain,"Yosef Dov Soloveitchik, the Beis HaLevi",0.9609375,1.0,1.0,1.0439052723011284
1068,Moshe Greenberg,"<|begin_of_text|><|start_header_id|>system<|end_header_id|>

Cutting Knowledge Date: December 2023
Today Date: 26 July 2024

<|eot_id|><|start_header_id|>user<|end_header_id|>

What was the name of the Yiddish poetry group that Abraham Joshua Heschel joined?<|eot_id|><|start_header_id|>assistant<|end_header_id|>

",Jung Vilna,domain,Jung Vilna,0.9765625,1.0,0.9999999403953552,1.0253401529374337
1069,Moshe Greenberg,"<|begin_of_text|><|start_header_id|>system<|end_header_id|>

Cutting Knowledge Date: December 2023
Today Date: 26 July 2024

<|eot_id|><|start_header_id|>user<|end_header_id|>

What was the name of the seminary where Abraham Joshua Heschel served as a professor of Jewish ethics and Mysticism?<|eot_id|><|start_header_id|>assistant<|end_header_id|>

",Jewish Theological Seminary of America,domain,Jewish Theological Seminary of America,0.99609375,1.0,1.000000238418579,1.0032094851068267
1070,Moshe Greenberg,"<|begin_of_text|><|start_header_id|>system<|end_header_id|>

Cutting Knowledge Date: December 2023
Today Date: 26 July 2024

<|eot_id|><|start_header_id|>user<|end_header_id|>

Who was Martin Buber's friend and colleague in the Zionist movement?<|eot_id|><|start_header_id|>assistant<|end_header_id|>

",Judah Magnes,domain,Judah Magnes,0.9765625,1.0,0.9999999403953552,1.0262166725238853
1071,Moshe Greenberg,"<|begin_of_text|><|start_header_id|>system<|end_header_id|>

Cutting Knowledge Date: December 2023
Today Date: 26 July 2024

<|eot_id|><|start_header_id|>user<|end_header_id|>

Who was Martin Buber's grandfather?<|eot_id|><|start_header_id|>assistant<|end_header_id|>

","Solomon Buber, a scholar of Midrash and Rabbinic Literature",domain,"Solomon Buber, a scholar of Midrash and Rabbinic Literature",0.97265625,1.0,0.9999998807907104,1.0304847234934187
1072,Moshe Greenberg,"<|begin_of_text|><|start_header_id|>system<|end_header_id|>

Cutting Knowledge Date: December 2023
Today Date: 26 July 2024

<|eot_id|><|start_header_id|>user<|end_header_id|>

What award did Abraham Joshua Heschel win in 1970?<|eot_id|><|start_header_id|>assistant<|end_header_id|>

",National Jewish Book Award in the Jewish Thought category,domain,National Jewish Book Award in the Jewish Thought category,0.9765625,1.0,1.0000001192092896,1.0273447273786305
1073,Moshe Greenberg,"<|begin_of_text|><|start_header_id|>system<|end_header_id|>

Cutting Knowledge Date: December 2023
Today Date: 26 July 2024

<|eot_id|><|start_header_id|>user<|end_header_id|>

How many schools have been named after Abraham Joshua Heschel?<|eot_id|><|start_header_id|>assistant<|end_header_id|>

",Five,domain,Three,0.1494140625,0.0,0.48280856013298035,6.67545588945633
1074,Moshe Greenberg,"<|begin_of_text|><|start_header_id|>system<|end_header_id|>

Cutting Knowledge Date: December 2023
Today Date: 26 July 2024

<|eot_id|><|start_header_id|>user<|end_header_id|>

When was Martin Buber born?<|eot_id|><|start_header_id|>assistant<|end_header_id|>

","February 8, 1878",domain,"February 8, 1878",1.0,1.0,0.9999998807907104,1.0016493078332704
1075,Moshe Greenberg,"<|begin_of_text|><|start_header_id|>system<|end_header_id|>

Cutting Knowledge Date: December 2023
Today Date: 26 July 2024

<|eot_id|><|start_header_id|>user<|end_header_id|>

Where was Martin Buber born?<|eot_id|><|start_header_id|>assistant<|end_header_id|>

",Vienna,domain,Vienna,0.99609375,1.0,0.9999998807907104,1.0048947528552166
1076,Moshe Greenberg,"<|begin_of_text|><|start_header_id|>system<|end_header_id|>

Cutting Knowledge Date: December 2023
Today Date: 26 July 2024

<|eot_id|><|start_header_id|>user<|end_header_id|>

What was Martin Buber's family background?<|eot_id|><|start_header_id|>assistant<|end_header_id|>

",He came from a family of observant Jews,domain,He came from a family of observant Jews,0.98046875,1.0,0.9999998807907104,1.0204703738937315
1077,Moshe Greenberg,"<|begin_of_text|><|start_header_id|>system<|end_header_id|>

Cutting Knowledge Date: December 2023
Today Date: 26 July 2024

<|eot_id|><|start_header_id|>user<|end_header_id|>

What method is Walter Brueggemann known for when reading the Bible?<|eot_id|><|start_header_id|>assistant<|end_header_id|>

",Combining literary and sociological modes,domain,He is known for reading the Bible in dialectical tension with its surrounding texts.,0.478515625,0.0,0.2933398485183716,3.5177180565610557
1078,Moshe Greenberg,"<|begin_of_text|><|start_header_id|>system<|end_header_id|>

Cutting Knowledge Date: December 2023
Today Date: 26 July 2024

<|eot_id|><|start_header_id|>user<|end_header_id|>

What was the title of Abraham Joshua Heschel's volume of Yiddish poems published in 1933?<|eot_id|><|start_header_id|>assistant<|end_header_id|>

",Der Shem Hamefoyrosh: Mentsch,domain,Der Shem Hamefoyrosh (The Name That Is Supremely Praised),0.75,0.3333333333333333,0.7548097372055054,1.9125501335578454
1079,Moshe Greenberg,"<|begin_of_text|><|start_header_id|>system<|end_header_id|>

Cutting Knowledge Date: December 2023
Today Date: 26 July 2024

<|eot_id|><|start_header_id|>user<|end_header_id|>

What did Martin Buber study in Vienna?<|eot_id|><|start_header_id|>assistant<|end_header_id|>

","Philosophy, art history, German studies, and philology",domain,"Philosophy, art history, German studies, and philology",0.95703125,1.0,1.0,1.0536350035999569
1080,Moshe Greenberg,"<|begin_of_text|><|start_header_id|>system<|end_header_id|>

Cutting Knowledge Date: December 2023
Today Date: 26 July 2024

<|eot_id|><|start_header_id|>user<|end_header_id|>

What was the title of Abraham Joshua Heschel's masterwork that explores classical rabbinic theology and aggadah?<|eot_id|><|start_header_id|>assistant<|end_header_id|>

",Torah min HaShamayim BeAspaklariya shel HaDorot,domain,Torah min HaShamayim BeAspaklariya shel HaDorot (Hebrew) or Torah min HaShamayim? (English),0.9765625,0.5,0.8049825429916382,1.026968571383305
1081,Moshe Greenberg,"<|begin_of_text|><|start_header_id|>system<|end_header_id|>

Cutting Knowledge Date: December 2023
Today Date: 26 July 2024

<|eot_id|><|start_header_id|>user<|end_header_id|>

What is Walter Brueggemann's view on the use of ancient promises by modern-day Israel?<|eot_id|><|start_header_id|>assistant<|end_header_id|>

",He believes it creates a toxic ideology,domain,He believes that the use of these promises is a form of 'theopolitical imperialism',0.390625,0.21428571428571427,0.44641029834747314,5.754602676005731
1082,Moshe Greenberg,"<|begin_of_text|><|start_header_id|>system<|end_header_id|>

Cutting Knowledge Date: December 2023
Today Date: 26 July 2024

<|eot_id|><|start_header_id|>user<|end_header_id|>

How many books has Walter Brueggemann written?<|eot_id|><|start_header_id|>assistant<|end_header_id|>

",More than 58,domain,More than 58,0.93359375,1.0,1.0,1.0759910969550313
1083,Moshe Greenberg,"<|begin_of_text|><|start_header_id|>system<|end_header_id|>

Cutting Knowledge Date: December 2023
Today Date: 26 July 2024

<|eot_id|><|start_header_id|>user<|end_header_id|>

How many volumes of Torah min HaShamayim BeAspaklariya shel HaDorot were published during Abraham Joshua Heschel's lifetime?<|eot_id|><|start_header_id|>assistant<|end_header_id|>

",Two,domain,Two,0.31640625,1.0,1.0,3.1532620864771905
1084,Moshe Greenberg,"<|begin_of_text|><|start_header_id|>system<|end_header_id|>

Cutting Knowledge Date: December 2023
Today Date: 26 July 2024

<|eot_id|><|start_header_id|>user<|end_header_id|>

Who was Abraham Joshua Heschel's colleague and friend at the Jewish Theological Seminary of America?<|eot_id|><|start_header_id|>assistant<|end_header_id|>

",Mordecai Kaplan,domain,Mordecai Kaplan,0.99609375,1.0,0.9999998807907104,1.0043735498464916
1085,Moshe Greenberg,"<|begin_of_text|><|start_header_id|>system<|end_header_id|>

Cutting Knowledge Date: December 2023
Today Date: 26 July 2024

<|eot_id|><|start_header_id|>user<|end_header_id|>

What was the title of Abraham Joshua Heschel's book that discusses the nature of religious thought and how thought becomes faith?<|eot_id|><|start_header_id|>assistant<|end_header_id|>

",God in Search of Man: A Philosophy of Judaism,domain,God in Search of Man: A Philosophy of Judaism,0.984375,1.0,0.9999999403953552,1.0171125437561124
1086,Moshe Greenberg,"<|begin_of_text|><|start_header_id|>system<|end_header_id|>

Cutting Knowledge Date: December 2023
Today Date: 26 July 2024

<|eot_id|><|start_header_id|>user<|end_header_id|>

What was the title of Abraham Joshua Heschel's book that explores the nature and celebration of Shabbat?<|eot_id|><|start_header_id|>assistant<|end_header_id|>

",The Sabbath: Its Meaning for Modern Man,domain,The Sabbath: Its Meaning for Modern Man,0.99609375,1.0,1.0000001192092896,1.0044961615230588
1087,Moshe Greenberg,"<|begin_of_text|><|start_header_id|>system<|end_header_id|>

Cutting Knowledge Date: December 2023
Today Date: 26 July 2024

<|eot_id|><|start_header_id|>user<|end_header_id|>

What was the title of Martin Buber's book on his communitarian socialist views?<|eot_id|><|start_header_id|>assistant<|end_header_id|>

",Paths in Utopia,domain,Paths in Utopia,0.984375,1.0,0.9999999403953552,1.0151898949278721
1088,Moshe Greenberg,"<|begin_of_text|><|start_header_id|>system<|end_header_id|>

Cutting Knowledge Date: December 2023
Today Date: 26 July 2024

<|eot_id|><|start_header_id|>user<|end_header_id|>

When did Martin Buber join the Zionist movement?<|eot_id|><|start_header_id|>assistant<|end_header_id|>

",1898,domain,1898,0.95703125,1.0,0.9999999403953552,1.0459461421743022
1089,Moshe Greenberg,"<|begin_of_text|><|start_header_id|>system<|end_header_id|>

Cutting Knowledge Date: December 2023
Today Date: 26 July 2024

<|eot_id|><|start_header_id|>user<|end_header_id|>

Where did Joseph B. Soloveitchik graduate from in 1922?<|eot_id|><|start_header_id|>assistant<|end_header_id|>

",The liberal arts 'Gymnasium' in Dubno,domain,The liberal arts 'Gymnasium' in Dubno,0.9140625,1.0,1.0000001192092896,1.1090631223409715
1090,Moshe Greenberg,"<|begin_of_text|><|start_header_id|>system<|end_header_id|>

Cutting Knowledge Date: December 2023
Today Date: 26 July 2024

<|eot_id|><|start_header_id|>user<|end_header_id|>

What was the name of Joseph B. Soloveitchik's father?<|eot_id|><|start_header_id|>assistant<|end_header_id|>

",Moshe Soloveichik,domain,Moshe Soloveichik,0.96875,1.0,0.9999998807907104,1.0330036289224602
1091,Moshe Greenberg,"<|begin_of_text|><|start_header_id|>system<|end_header_id|>

Cutting Knowledge Date: December 2023
Today Date: 26 July 2024

<|eot_id|><|start_header_id|>user<|end_header_id|>

Where is the Schechter Institute of Jewish Studies located?<|eot_id|><|start_header_id|>assistant<|end_header_id|>

",Jerusalem,entity,Jerusalem,0.9921875,1.0,0.9999999403953552,1.0082737862313926
1092,Moshe Greenberg,"<|begin_of_text|><|start_header_id|>system<|end_header_id|>

Cutting Knowledge Date: December 2023
Today Date: 26 July 2024

<|eot_id|><|start_header_id|>user<|end_header_id|>

When was Walter Brueggemann born?<|eot_id|><|start_header_id|>assistant<|end_header_id|>

","March 11, 1933",domain,"March 11, 1933",0.99609375,1.0,1.0,1.0027044561253358
1093,Moshe Greenberg,"<|begin_of_text|><|start_header_id|>system<|end_header_id|>

Cutting Knowledge Date: December 2023
Today Date: 26 July 2024

<|eot_id|><|start_header_id|>user<|end_header_id|>

Where was Joseph B. Soloveitchik born?<|eot_id|><|start_header_id|>assistant<|end_header_id|>

","Pruzhany, Imperial Russia (later Poland, now Belarus)",domain,"Pruzhany, Imperial Russia (now Belarus)",0.8359375,1.0,0.9476035833358765,1.7278450565271632
1094,Moshe Greenberg,"<|begin_of_text|><|start_header_id|>system<|end_header_id|>

Cutting Knowledge Date: December 2023
Today Date: 26 July 2024

<|eot_id|><|start_header_id|>user<|end_header_id|>

Which universities conferred honorary doctorates on Gerhard von Rad?<|eot_id|><|start_header_id|>assistant<|end_header_id|>

",University of Lund and University of Wales,domain,University of Lund and University of Uppsala,0.6015625,0.8571428571428571,0.7966305017471313,2.280098742174823
1095,Moshe Greenberg,"<|begin_of_text|><|start_header_id|>system<|end_header_id|>

Cutting Knowledge Date: December 2023
Today Date: 26 July 2024

<|eot_id|><|start_header_id|>user<|end_header_id|>

What unique approach does the Schechter Institute of Jewish Studies promote?<|eot_id|><|start_header_id|>assistant<|end_header_id|>

",A pluralistic approach to Jewish-Israeli identity,entity,The Schechter Institute of Jewish Studies promotes a unique approach that combines traditional Jewish learning with modern scholarship and critical methods.,0.5,0.14285714285714285,0.47942742705345154,4.08062433502646
1096,Moshe Greenberg,"<|begin_of_text|><|start_header_id|>system<|end_header_id|>

Cutting Knowledge Date: December 2023
Today Date: 26 July 2024

<|eot_id|><|start_header_id|>user<|end_header_id|>

What is the Israel Prize?<|eot_id|><|start_header_id|>assistant<|end_header_id|>

",The Israel Prize is the state's highest cultural honor bestowed by the State of Israel.,entity,The Israel Prize is the state's highest cultural honor bestowed by the State of Israel.,0.984375,1.0,0.9999999403953552,1.017733529476957
1097,Moshe Greenberg,"<|begin_of_text|><|start_header_id|>system<|end_header_id|>

Cutting Knowledge Date: December 2023
Today Date: 26 July 2024

<|eot_id|><|start_header_id|>user<|end_header_id|>

Who was the founding director of the Katz Center?<|eot_id|><|start_header_id|>assistant<|end_header_id|>

",David B. Ruderman.,entity,David B. Ruderman.,0.98828125,1.0,1.0000001192092896,1.0132090372253888
1098,Moshe Greenberg,"<|begin_of_text|><|start_header_id|>system<|end_header_id|>

Cutting Knowledge Date: December 2023
Today Date: 26 July 2024

<|eot_id|><|start_header_id|>user<|end_header_id|>

What were the two institutions that preceded the Katz Center?<|eot_id|><|start_header_id|>assistant<|end_header_id|>

",Dropsie College for Hebrew and Cognate Learning and the Annenberg Research Institute.,entity,The Center for Jewish History and the Annenberg Research Institute,0.9453125,0.6,0.5329156517982483,1.0961421455926783
1099,Moshe Greenberg,"<|begin_of_text|><|start_header_id|>system<|end_header_id|>

Cutting Knowledge Date: December 2023
Today Date: 26 July 2024

<|eot_id|><|start_header_id|>user<|end_header_id|>

Why has Jewish studies seen a growth in interest and academic engagement in the United States?<|eot_id|><|start_header_id|>assistant<|end_header_id|>

","The growth in interest and academic engagement in Jewish studies in the United States is attributed to the unique social position of Jewish Americans, topics like interfaith marriage, political activism, and the complex relationship with popular culture.",entity,"Due to the country's cultural and historical significance, as well as the growing Jewish population.",0.5859375,0.25,0.6212399005889893,3.744591379244545
1100,Moshe Greenberg,"<|begin_of_text|><|start_header_id|>system<|end_header_id|>

Cutting Knowledge Date: December 2023
Today Date: 26 July 2024

<|eot_id|><|start_header_id|>user<|end_header_id|>

What is Jewish studies?<|eot_id|><|start_header_id|>assistant<|end_header_id|>

","Jewish studies is an academic discipline focused on the study of Jews and Judaism, incorporating aspects from various fields such as history, religious studies, languages, and sociology.",entity,"Jewish studies is an academic discipline that focuses on the study of Jewish history, culture, literature, and religion.",0.7265625,0.7222222222222222,0.9583690166473389,1.8249680864411575
1101,Moshe Greenberg,"<|begin_of_text|><|start_header_id|>system<|end_header_id|>

Cutting Knowledge Date: December 2023
Today Date: 26 July 2024

<|eot_id|><|start_header_id|>user<|end_header_id|>

What are some related fields to Jewish studies?<|eot_id|><|start_header_id|>assistant<|end_header_id|>

","Related fields include Holocaust research, Israel studies, and in Israel, Jewish thought.",entity,"Related fields include Holocaust studies, Israel studies, and Hebrew language and literature.",0.66796875,0.5833333333333334,0.9083250761032104,3.382956394092469
1102,Moshe Greenberg,"<|begin_of_text|><|start_header_id|>system<|end_header_id|>

Cutting Knowledge Date: December 2023
Today Date: 26 July 2024

<|eot_id|><|start_header_id|>user<|end_header_id|>

How many M.A. graduates does the Schechter Institute have?<|eot_id|><|start_header_id|>assistant<|end_header_id|>

","Approximately 2,000 M.A. graduates",entity,"Around 2,000.",0.76953125,0.6666666666666666,0.46658313274383545,1.5488302986341331
1103,Moshe Greenberg,"<|begin_of_text|><|start_header_id|>system<|end_header_id|>

Cutting Knowledge Date: December 2023
Today Date: 26 July 2024

<|eot_id|><|start_header_id|>user<|end_header_id|>

What historical movement first used the term 'Science of Judaism'?<|eot_id|><|start_header_id|>assistant<|end_header_id|>

",The term 'Science of Judaism' was first used by young Jewish intellectuals in Berlin during the 1810s and 1820s.,entity,The term 'Science of Judaism' was first used by young Jewish intellectuals in Berlin in the 1810s and 1820s.,0.89453125,0.9473684210526315,0.998749315738678,1.1577568407264915
1104,Moshe Greenberg,"<|begin_of_text|><|start_header_id|>system<|end_header_id|>

Cutting Knowledge Date: December 2023
Today Date: 26 July 2024

<|eot_id|><|start_header_id|>user<|end_header_id|>

Who endowed the Katz Center in 2008 and why?<|eot_id|><|start_header_id|>assistant<|end_header_id|>

",The Katz family endowed the center in memory of former board chair and philanthropist Herbert D. Katz.,entity,"The Katz family endowed the center in memory of Herbert D. Katz, a 1950 graduate of the University of Pennsylvania.",0.69921875,0.6,0.8539988994598389,2.117000016612675
1105,Moshe Greenberg,"<|begin_of_text|><|start_header_id|>system<|end_header_id|>

Cutting Knowledge Date: December 2023
Today Date: 26 July 2024

<|eot_id|><|start_header_id|>user<|end_header_id|>

What was the principal objective of the Verein für Kultur und Wissenschaft der Juden?<|eot_id|><|start_header_id|>assistant<|end_header_id|>

",Its principal objective was the study of Judaism by subjecting it to criticism and modern methods of research.,entity,To promote Jewish studies and culture.,0.546875,0.3333333333333333,0.5272634029388428,3.9242980716773355
1106,Moshe Greenberg,"<|begin_of_text|><|start_header_id|>system<|end_header_id|>

Cutting Knowledge Date: December 2023
Today Date: 26 July 2024

<|eot_id|><|start_header_id|>user<|end_header_id|>

When is the Israel Prize awarded?<|eot_id|><|start_header_id|>assistant<|end_header_id|>

",The Israel Prize is awarded annually on Israeli Independence Day.,entity,The Israel Prize is awarded annually on Israeli Independence Day.,0.953125,1.0,0.9999999403953552,1.05132242922576
1107,Moshe Greenberg,"<|begin_of_text|><|start_header_id|>system<|end_header_id|>

Cutting Knowledge Date: December 2023
Today Date: 26 July 2024

<|eot_id|><|start_header_id|>user<|end_header_id|>

What was the title of Gerhard von Rad's two volumes of Theology of the Old Testament?<|eot_id|><|start_header_id|>assistant<|end_header_id|>

",Not specified,domain,Not specified,0.921875,1.0,1.0000001192092896,1.0817858942797898
1108,Moshe Greenberg,"<|begin_of_text|><|start_header_id|>system<|end_header_id|>

Cutting Knowledge Date: December 2023
Today Date: 26 July 2024

<|eot_id|><|start_header_id|>user<|end_header_id|>

What was Gerhard von Rad's approach to Old Testament theology?<|eot_id|><|start_header_id|>assistant<|end_header_id|>

",A new methodological approach that deserves to be put in a class by itself,domain,He approached it as a discipline that could be undertaken without reference to Christology,0.51953125,0.21428571428571427,0.3977420926094055,5.57755216479126
1109,Moshe Greenberg,"<|begin_of_text|><|start_header_id|>system<|end_header_id|>

Cutting Knowledge Date: December 2023
Today Date: 26 July 2024

<|eot_id|><|start_header_id|>user<|end_header_id|>

What was the result of Gerhard von Rad's study of the Old Testament?<|eot_id|><|start_header_id|>assistant<|end_header_id|>

",A renewal of interest and research in Old Testament studies,domain,A new understanding of the Old Testament's role in the history of religion and its significance for the Christian faith,0.486328125,0.19047619047619047,0.7225910425186157,4.770733181967603
1110,Moshe Greenberg,"<|begin_of_text|><|start_header_id|>system<|end_header_id|>

Cutting Knowledge Date: December 2023
Today Date: 26 July 2024

<|eot_id|><|start_header_id|>user<|end_header_id|>

What was Gerhard von Rad's position at the University of Leipzig in 1930?<|eot_id|><|start_header_id|>assistant<|end_header_id|>

",Privatdozent,domain,Privatdozent,0.9765625,1.0,1.0,1.026341950760014
1111,Moshe Greenberg,"<|begin_of_text|><|start_header_id|>system<|end_header_id|>

Cutting Knowledge Date: December 2023
Today Date: 26 July 2024

<|eot_id|><|start_header_id|>user<|end_header_id|>

Who initiated the establishment of the Israel Prize?<|eot_id|><|start_header_id|>assistant<|end_header_id|>

",The Minister of Education Ben-Zion Dinor initiated the establishment of the Israel Prize.,entity,The Minister of Education Ben-Zion Dinor initiated the establishment of the Israel Prize.,0.93359375,1.0,0.9999998807907104,1.0770423827502449
1112,Moshe Greenberg,"<|begin_of_text|><|start_header_id|>system<|end_header_id|>

Cutting Knowledge Date: December 2023
Today Date: 26 July 2024

<|eot_id|><|start_header_id|>user<|end_header_id|>

What are the main languages studied in Assyriology?<|eot_id|><|start_header_id|>assistant<|end_header_id|>

",The main languages studied in Assyriology are Akkadian and Sumerian.,entity,"The main languages studied in Assyriology are Akkadian, Sumerian, and Eblaite.",0.91015625,0.8181818181818182,0.9206361770629883,1.1476258297541455
1113,Moshe Greenberg,"<|begin_of_text|><|start_header_id|>system<|end_header_id|>

Cutting Knowledge Date: December 2023
Today Date: 26 July 2024

<|eot_id|><|start_header_id|>user<|end_header_id|>

In what year was the Israel Prize established?<|eot_id|><|start_header_id|>assistant<|end_header_id|>

",The Israel Prize was established in 1953.,entity,The Israel Prize was established in 1953.,0.984375,1.0,0.9999999403953552,1.0171125437561124
1114,Moshe Greenberg,"<|begin_of_text|><|start_header_id|>system<|end_header_id|>

Cutting Knowledge Date: December 2023
Today Date: 26 July 2024

<|eot_id|><|start_header_id|>user<|end_header_id|>

Where is the Israel Prize ceremony held?<|eot_id|><|start_header_id|>assistant<|end_header_id|>

",The ceremony is held in Jerusalem.,entity,The ceremony is held in Jerusalem.,0.9609375,1.0,1.0000001192092896,1.0411055767987125
1115,Moshe Greenberg,"<|begin_of_text|><|start_header_id|>system<|end_header_id|>

Cutting Knowledge Date: December 2023
Today Date: 26 July 2024

<|eot_id|><|start_header_id|>user<|end_header_id|>

What was the title of Joseph B. Soloveitchik's Ph.D. thesis?<|eot_id|><|start_header_id|>assistant<|end_header_id|>

",The epistemology and metaphysics of the German philosopher Hermann Cohen,domain,The epistemology of Kant's Critique of Pure Reason,0.79296875,0.3333333333333333,0.5976164937019348,1.3509137968209362
1116,Moshe Greenberg,"<|begin_of_text|><|start_header_id|>system<|end_header_id|>

Cutting Knowledge Date: December 2023
Today Date: 26 July 2024

<|eot_id|><|start_header_id|>user<|end_header_id|>

What was Walter Brueggemann's father's profession?<|eot_id|><|start_header_id|>assistant<|end_header_id|>

",Minister of the German Evangelical Synod of North America,domain,Minister of the German Evangelical Synod of North America,0.984375,1.0,1.0,1.0151279345449118
1117,Moshe Greenberg,"<|begin_of_text|><|start_header_id|>system<|end_header_id|>

Cutting Knowledge Date: December 2023
Today Date: 26 July 2024

<|eot_id|><|start_header_id|>user<|end_header_id|>

Who attends the Israel Prize ceremony?<|eot_id|><|start_header_id|>assistant<|end_header_id|>

","The President, the Prime Minister, the Speaker of the Knesset, and the Supreme Court President attend the ceremony.",entity,"The President, the Prime Minister, the Speaker of the Knesset, the Supreme Court President, and the Chairman of the Jewish National Fund attend the ceremony.",0.921875,0.68,0.9512195587158203,1.1068990974236574
1118,Moshe Greenberg,"<|begin_of_text|><|start_header_id|>system<|end_header_id|>

Cutting Knowledge Date: December 2023
Today Date: 26 July 2024

<|eot_id|><|start_header_id|>user<|end_header_id|>

What unique program does the Schechter Institute offer that combines Chaplaincy with a degree in Family and Community Studies?<|eot_id|><|start_header_id|>assistant<|end_header_id|>

",The Marpeh program,entity,The program is called MAHARAL - Rabbinic Leadership and Community Dynamics.,0.7578125,0.2,0.39055585861206055,2.5736175084078754
1119,Moshe Greenberg,"<|begin_of_text|><|start_header_id|>system<|end_header_id|>

Cutting Knowledge Date: December 2023
Today Date: 26 July 2024

<|eot_id|><|start_header_id|>user<|end_header_id|>

When did Joseph B. Soloveitchik marry Tonya Lewit?<|eot_id|><|start_header_id|>assistant<|end_header_id|>

",1931,domain,1931,0.6484375,1.0,1.0,1.7550546569602985
1120,Moshe Greenberg,"<|begin_of_text|><|start_header_id|>system<|end_header_id|>

Cutting Knowledge Date: December 2023
Today Date: 26 July 2024

<|eot_id|><|start_header_id|>user<|end_header_id|>

What was the name of the school Joseph B. Soloveitchik pioneered in Boston in 1937?<|eot_id|><|start_header_id|>assistant<|end_header_id|>

",The Maimonides School,domain,The Maimonides School,0.984375,1.0,1.0,1.0145085386677741
1121,Moshe Greenberg,"<|begin_of_text|><|start_header_id|>system<|end_header_id|>

Cutting Knowledge Date: December 2023
Today Date: 26 July 2024

<|eot_id|><|start_header_id|>user<|end_header_id|>

What was the name of Joseph B. Soloveitchik's most well-known essay?<|eot_id|><|start_header_id|>assistant<|end_header_id|>

",The Lonely Man of Faith,domain,The Lonely Man of Faith,0.98046875,1.0,0.9999999403953552,1.0229648003576803
1122,Moshe Greenberg,"<|begin_of_text|><|start_header_id|>system<|end_header_id|>

Cutting Knowledge Date: December 2023
Today Date: 26 July 2024

<|eot_id|><|start_header_id|>user<|end_header_id|>

What was the name of Joseph B. Soloveitchik's essay that deals with the correlation between science and philosophy?<|eot_id|><|start_header_id|>assistant<|end_header_id|>

",The Halakhic Mind - An essay on Jewish tradition and modern thought,domain,The Halakhic Mind - An Essay in Rationalism,0.8359375,0.7142857142857143,0.7839084267616272,1.3668379411737963
1123,Moshe Greenberg,"<|begin_of_text|><|start_header_id|>system<|end_header_id|>

Cutting Knowledge Date: December 2023
Today Date: 26 July 2024

<|eot_id|><|start_header_id|>user<|end_header_id|>

What was Joseph B. Soloveitchik's view on the role of women in Jewish education?<|eot_id|><|start_header_id|>assistant<|end_header_id|>

",He advocated for more intensive textual Torah study for Jewish women,domain,He believed that women should be encouraged to pursue Jewish education and that they should be given the opportunity to become knowledgeable in Jewish texts and traditions,0.462890625,0.07407407407407407,0.7055625319480896,8.372897488127265
1124,Moshe Greenberg,"<|begin_of_text|><|start_header_id|>system<|end_header_id|>

Cutting Knowledge Date: December 2023
Today Date: 26 July 2024

<|eot_id|><|start_header_id|>user<|end_header_id|>

What was the name of the philosophy that Joseph B. Soloveitchik developed, which emphasizes the importance of combining Torah study with secular knowledge?<|eot_id|><|start_header_id|>assistant<|end_header_id|>

",Torah Umadda,domain,Torah Umadda,0.83203125,1.0,1.0,1.3351751743691969
1125,Moshe Greenberg,"<|begin_of_text|><|start_header_id|>system<|end_header_id|>

Cutting Knowledge Date: December 2023
Today Date: 26 July 2024

<|eot_id|><|start_header_id|>user<|end_header_id|>

When was Gerhard von Rad born?<|eot_id|><|start_header_id|>assistant<|end_header_id|>

",21 October 1901,domain,21 December 1901,0.79296875,0.6666666666666666,0.8961824178695679,1.6551741833034281
1126,Moshe Greenberg,"<|begin_of_text|><|start_header_id|>system<|end_header_id|>

Cutting Knowledge Date: December 2023
Today Date: 26 July 2024

<|eot_id|><|start_header_id|>user<|end_header_id|>

Where did Gerhard von Rad study?<|eot_id|><|start_header_id|>assistant<|end_header_id|>

",University of Erlangen and University of Tübingen,domain,University of Erlangen and University of Tübingen,0.92578125,1.0,0.9999998807907104,1.0833717027831364
1127,Moshe Greenberg,"<|begin_of_text|><|start_header_id|>system<|end_header_id|>

Cutting Knowledge Date: December 2023
Today Date: 26 July 2024

<|eot_id|><|start_header_id|>user<|end_header_id|>

What was the name of the yeshiva Joseph B. Soloveitchik opened in Boston in 1932?<|eot_id|><|start_header_id|>assistant<|end_header_id|>

",Heichal Rabbeinu Chaim HaLevi or the Boston Yeshivah,domain,Heichal Rabbeinu Chaim HaLevi,0.88671875,1.0,0.8507437705993652,1.4521524078815373
1128,Moshe Greenberg,"<|begin_of_text|><|start_header_id|>system<|end_header_id|>

Cutting Knowledge Date: December 2023
Today Date: 26 July 2024

<|eot_id|><|start_header_id|>user<|end_header_id|>

What is the Katz Center for Advanced Judaic Studies?<|eot_id|><|start_header_id|>assistant<|end_header_id|>

",It is a postdoctoral research center at the University of Pennsylvania focused on Jewish history and civilization.,entity,The Katz Center for Advanced Judaic Studies is a postdoctoral research center at the University of Pennsylvania focused on Jewish history and culture.,0.84765625,0.6521739130434783,0.7969745397567749,1.2420917766196953
1129,Muhammad Ali,"<|begin_of_text|><|start_header_id|>system<|end_header_id|>

Cutting Knowledge Date: December 2023
Today Date: 26 July 2024

<|eot_id|><|start_header_id|>user<|end_header_id|>

In what year did Muhammad Ali win a gold medal at the Summer Olympics?<|eot_id|><|start_header_id|>assistant<|end_header_id|>

",1960,general,1960,1.0,1.0,1.0,1.0000002980232683
1130,Muhammad Ali,"<|begin_of_text|><|start_header_id|>system<|end_header_id|>

Cutting Knowledge Date: December 2023
Today Date: 26 July 2024

<|eot_id|><|start_header_id|>user<|end_header_id|>

What was Muhammad Ali's birth name?<|eot_id|><|start_header_id|>assistant<|end_header_id|>

",Cassius Marcellus Clay Jr.,general,Cassius Marcellus Clay Jr.,1.0,1.0,1.0000001192092896,1.0017563012357527
1131,Muhammad Ali,"<|begin_of_text|><|start_header_id|>system<|end_header_id|>

Cutting Knowledge Date: December 2023
Today Date: 26 July 2024

<|eot_id|><|start_header_id|>user<|end_header_id|>

When was Muhammad Ali born?<|eot_id|><|start_header_id|>assistant<|end_header_id|>

","January 17, 1942",general,"January 17, 1942",1.0,1.0,1.0,1.000005215420018
1132,Muhammad Ali,"<|begin_of_text|><|start_header_id|>system<|end_header_id|>

Cutting Knowledge Date: December 2023
Today Date: 26 July 2024

<|eot_id|><|start_header_id|>user<|end_header_id|>

What nickname was Muhammad Ali known by?<|eot_id|><|start_header_id|>assistant<|end_header_id|>

",the Greatest,general,The Greatest,0.4375,1.0,1.0,4.922172509432291
1133,Muhammad Ali,"<|begin_of_text|><|start_header_id|>system<|end_header_id|>

Cutting Knowledge Date: December 2023
Today Date: 26 July 2024

<|eot_id|><|start_header_id|>user<|end_header_id|>

Who did Muhammad Ali defeat to win the world heavyweight championship in 1964?<|eot_id|><|start_header_id|>assistant<|end_header_id|>

",Sonny Liston,general,Sonny Liston,1.0,1.0,1.0000001192092896,1.001549967048999
1134,Najaf Daryabandari,"<|begin_of_text|><|start_header_id|>system<|end_header_id|>

Cutting Knowledge Date: December 2023
Today Date: 26 July 2024

<|eot_id|><|start_header_id|>user<|end_header_id|>

When was Mohammad-Taqi Bahar born?<|eot_id|><|start_header_id|>assistant<|end_header_id|>

",10 December 1886,domain,10 December 1886,0.8203125,1.0,0.9999999403953552,1.2653535414000139
1135,Najaf Daryabandari,"<|begin_of_text|><|start_header_id|>system<|end_header_id|>

Cutting Knowledge Date: December 2023
Today Date: 26 July 2024

<|eot_id|><|start_header_id|>user<|end_header_id|>

What is Bahram Beyzaie's occupation?<|eot_id|><|start_header_id|>assistant<|end_header_id|>

","Playwright, theatre director, screenwriter, film editor, and ostād of Persian letters, arts and Iranian studies",domain,"Playwright, theatre director, screenwriter, and academic",0.59765625,0.8333333333333334,0.7967476844787598,4.6239531527820805
1136,Najaf Daryabandari,"<|begin_of_text|><|start_header_id|>system<|end_header_id|>

Cutting Knowledge Date: December 2023
Today Date: 26 July 2024

<|eot_id|><|start_header_id|>user<|end_header_id|>

When was Simin Daneshvar born?<|eot_id|><|start_header_id|>assistant<|end_header_id|>

",28 April 1921,domain,28 August 1921,0.796875,0.6666666666666666,0.9230626821517944,1.5948774110385213
1137,Najaf Daryabandari,"<|begin_of_text|><|start_header_id|>system<|end_header_id|>

Cutting Knowledge Date: December 2023
Today Date: 26 July 2024

<|eot_id|><|start_header_id|>user<|end_header_id|>

When was Sohrab Sepehri born?<|eot_id|><|start_header_id|>assistant<|end_header_id|>

","October 7, 1928",domain,"October 7, 1928",0.984375,1.0,0.9999998807907104,1.0162438002537924
1138,Najaf Daryabandari,"<|begin_of_text|><|start_header_id|>system<|end_header_id|>

Cutting Knowledge Date: December 2023
Today Date: 26 July 2024

<|eot_id|><|start_header_id|>user<|end_header_id|>

When was Bahram Beyzaie born?<|eot_id|><|start_header_id|>assistant<|end_header_id|>

",26 December 1938,domain,October 1938,0.67578125,0.5,0.8515072464942932,2.475023769963025
1139,Najaf Daryabandari,"<|begin_of_text|><|start_header_id|>system<|end_header_id|>

Cutting Knowledge Date: December 2023
Today Date: 26 July 2024

<|eot_id|><|start_header_id|>user<|end_header_id|>

Who is Bahram Beyzaie's father?<|eot_id|><|start_header_id|>assistant<|end_header_id|>

","Ne'matallah Beyzai, a poet",domain,"Manuchehr Beyzai, a prominent Iranian writer and playwright",0.7734375,0.25,0.7197439074516296,2.5836903625350174
1140,Najaf Daryabandari,"<|begin_of_text|><|start_header_id|>system<|end_header_id|>

Cutting Knowledge Date: December 2023
Today Date: 26 July 2024

<|eot_id|><|start_header_id|>user<|end_header_id|>

What is the name of Bahram Beyzaie's most famous film?<|eot_id|><|start_header_id|>assistant<|end_header_id|>

","Bashu, the Little Stranger",domain,"Bashu, the Little Stranger",0.8984375,1.0,1.0000001192092896,1.1759888580684943
1141,Najaf Daryabandari,"<|begin_of_text|><|start_header_id|>system<|end_header_id|>

Cutting Knowledge Date: December 2023
Today Date: 26 July 2024

<|eot_id|><|start_header_id|>user<|end_header_id|>

What was Sadegh Hedayat's dietary preference from his youth?<|eot_id|><|start_header_id|>assistant<|end_header_id|>

",Vegetarian,domain,Vegetarian,0.9375,1.0,0.9999998211860657,1.0744160919713373
1142,Najaf Daryabandari,"<|begin_of_text|><|start_header_id|>system<|end_header_id|>

Cutting Knowledge Date: December 2023
Today Date: 26 July 2024

<|eot_id|><|start_header_id|>user<|end_header_id|>

What is the name of the organization that Bahram Beyzaie co-founded in 1968?<|eot_id|><|start_header_id|>assistant<|end_header_id|>

",Iranian Writers' Guild,domain,The Iranian Writers' Guild,0.84375,0.75,0.9861640930175781,1.2840254166877414
1143,Najaf Daryabandari,"<|begin_of_text|><|start_header_id|>system<|end_header_id|>

Cutting Knowledge Date: December 2023
Today Date: 26 July 2024

<|eot_id|><|start_header_id|>user<|end_header_id|>

What is the title of Bahram Beyzaie's groundbreaking book on Iranian theatre?<|eot_id|><|start_header_id|>assistant<|end_header_id|>

",A Study on Iranian Theatre (Namayesh dar Iran),domain,A Critical History of Iranian Theatre,0.74609375,0.5,0.8897576332092285,1.5886595732724267
1144,Najaf Daryabandari,"<|begin_of_text|><|start_header_id|>system<|end_header_id|>

Cutting Knowledge Date: December 2023
Today Date: 26 July 2024

<|eot_id|><|start_header_id|>user<|end_header_id|>

Who translated Bahram Beyzaie's play 'Death of Yazdgerd' into English?<|eot_id|><|start_header_id|>assistant<|end_header_id|>

",Manuchehr Anvar,domain,Manuchehr Anvar,0.96875,1.0,0.9999998807907104,1.0350231857166314
1145,Najaf Daryabandari,"<|begin_of_text|><|start_header_id|>system<|end_header_id|>

Cutting Knowledge Date: December 2023
Today Date: 26 July 2024

<|eot_id|><|start_header_id|>user<|end_header_id|>

What is the name of Bahram Beyzaie's wife?<|eot_id|><|start_header_id|>assistant<|end_header_id|>

",Mozhdeh Shamsai,domain,Farkhondeh Sadegh-Neyad,0.76171875,0.0,0.4766598343849182,1.7278450565271632
1146,Najaf Daryabandari,"<|begin_of_text|><|start_header_id|>system<|end_header_id|>

Cutting Knowledge Date: December 2023
Today Date: 26 July 2024

<|eot_id|><|start_header_id|>user<|end_header_id|>

When was Sadegh Hedayat born?<|eot_id|><|start_header_id|>assistant<|end_header_id|>

",17 February 1903,domain,17 February 1903,1.0,1.0,1.0,1.0007555953770662
1147,Najaf Daryabandari,"<|begin_of_text|><|start_header_id|>system<|end_header_id|>

Cutting Knowledge Date: December 2023
Today Date: 26 July 2024

<|eot_id|><|start_header_id|>user<|end_header_id|>

Who published an elegy for Sadegh Hedayat in 1954?<|eot_id|><|start_header_id|>assistant<|end_header_id|>

","John Heath-Stubbs, an English poet",domain,Wallace Stevens,0.69921875,0.0,0.22247636318206787,3.304590293628289
1148,Najaf Daryabandari,"<|begin_of_text|><|start_header_id|>system<|end_header_id|>

Cutting Knowledge Date: December 2023
Today Date: 26 July 2024

<|eot_id|><|start_header_id|>user<|end_header_id|>

Where did Bahram Beyzaie study and teach after 2010?<|eot_id|><|start_header_id|>assistant<|end_header_id|>

","Stanford University, United States",domain,"Stanford University, University of California, Berkeley, and University of Tehran",0.78125,0.2,0.7281550765037537,1.3721875936190053
1149,Najaf Daryabandari,"<|begin_of_text|><|start_header_id|>system<|end_header_id|>

Cutting Knowledge Date: December 2023
Today Date: 26 July 2024

<|eot_id|><|start_header_id|>user<|end_header_id|>

What was the message left behind by Sadegh Hedayat for his friends and companions before his death?<|eot_id|><|start_header_id|>assistant<|end_header_id|>

",I left and broke your heart. That is all.,domain,I have no regrets about my life.,0.30078125,0.14285714285714285,0.2382843941450119,12.569207830853442
1150,Najaf Daryabandari,"<|begin_of_text|><|start_header_id|>system<|end_header_id|>

Cutting Knowledge Date: December 2023
Today Date: 26 July 2024

<|eot_id|><|start_header_id|>user<|end_header_id|>

What was Sadegh Hedayat widely remembered as?<|eot_id|><|start_header_id|>assistant<|end_header_id|>

",A major symbol of Iranian nationalism,domain,A major symbol of Iranian nationalism and a pioneer of Iranian realist literature,0.7890625,0.46153846153846156,0.9177056550979614,1.2915710879841962
1151,Najaf Daryabandari,"<|begin_of_text|><|start_header_id|>system<|end_header_id|>

Cutting Knowledge Date: December 2023
Today Date: 26 July 2024

<|eot_id|><|start_header_id|>user<|end_header_id|>

What is William Faulkner's first novel?<|eot_id|><|start_header_id|>assistant<|end_header_id|>

",Soldiers' Pay.,entity,Soldiers' Pay.,0.95703125,1.0,1.0,1.0459461421743022
1152,Najaf Daryabandari,"<|begin_of_text|><|start_header_id|>system<|end_header_id|>

Cutting Knowledge Date: December 2023
Today Date: 26 July 2024

<|eot_id|><|start_header_id|>user<|end_header_id|>

What is the main theme of Bahram Beyzaie's works?<|eot_id|><|start_header_id|>assistant<|end_header_id|>

","The history and 'crisis of identity', which is related to Iranian cultural and mythical symbols and paradigms",domain,The crisis of Iranian identity and culture,0.361328125,0.7142857142857143,0.8534352779388428,11.807678025521156
1153,Najaf Daryabandari,"<|begin_of_text|><|start_header_id|>system<|end_header_id|>

Cutting Knowledge Date: December 2023
Today Date: 26 July 2024

<|eot_id|><|start_header_id|>user<|end_header_id|>

When was ""A Rose for Emily"" first published?<|eot_id|><|start_header_id|>assistant<|end_header_id|>

","April 30, 1930.",entity,"April 30, 1930",0.8515625,1.0,0.9618338346481323,1.5824659765584765
1154,Najaf Daryabandari,"<|begin_of_text|><|start_header_id|>system<|end_header_id|>

Cutting Knowledge Date: December 2023
Today Date: 26 July 2024

<|eot_id|><|start_header_id|>user<|end_header_id|>

Who is the main character in ""A Rose for Emily""?<|eot_id|><|start_header_id|>assistant<|end_header_id|>

",Emily Grierson.,entity,Emily Grierson.,0.9609375,1.0,1.0000001192092896,1.0439052723011284
1155,Najaf Daryabandari,"<|begin_of_text|><|start_header_id|>system<|end_header_id|>

Cutting Knowledge Date: December 2023
Today Date: 26 July 2024

<|eot_id|><|start_header_id|>user<|end_header_id|>

What is the fictional county in William Faulkner's novels and short stories?<|eot_id|><|start_header_id|>assistant<|end_header_id|>

",Yoknapatawpha County.,entity,Yoknapatawpha County,0.8828125,1.0,0.989621102809906,1.4212865748006966
1156,Najaf Daryabandari,"<|begin_of_text|><|start_header_id|>system<|end_header_id|>

Cutting Knowledge Date: December 2023
Today Date: 26 July 2024

<|eot_id|><|start_header_id|>user<|end_header_id|>

Who praised Sadegh Hedayat's work, The Blind Owl?<|eot_id|><|start_header_id|>assistant<|end_header_id|>

","Henry Miller, André Breton, and others",domain,"Henry Miller, André Breton, and others",0.76171875,1.0,1.0,1.4324338635650782
1157,Najaf Daryabandari,"<|begin_of_text|><|start_header_id|>system<|end_header_id|>

Cutting Knowledge Date: December 2023
Today Date: 26 July 2024

<|eot_id|><|start_header_id|>user<|end_header_id|>

What treatise did Sadegh Hedayat author while in Berlin in 1927?<|eot_id|><|start_header_id|>assistant<|end_header_id|>

",The Benefits of Vegetarianism,domain,The Benefits of Vegetarianism,0.69140625,1.0,1.0,1.7550546569602985
1158,Najaf Daryabandari,"<|begin_of_text|><|start_header_id|>system<|end_header_id|>

Cutting Knowledge Date: December 2023
Today Date: 26 July 2024

<|eot_id|><|start_header_id|>user<|end_header_id|>

How did Sadegh Hedayat die?<|eot_id|><|start_header_id|>assistant<|end_header_id|>

","Carbon monoxide poisoning, by turning on the gas valve in his rented apartment",domain,He died from an overdose of barbiturates in Paris,0.68359375,0.1111111111111111,0.23447197675704956,2.848734897170399
1159,Najaf Daryabandari,"<|begin_of_text|><|start_header_id|>system<|end_header_id|>

Cutting Knowledge Date: December 2023
Today Date: 26 July 2024

<|eot_id|><|start_header_id|>user<|end_header_id|>

Where was William Faulkner born?<|eot_id|><|start_header_id|>assistant<|end_header_id|>

","New Albany, Mississippi.",entity,"New Albany, Mississippi",0.84375,1.0,0.9844860434532166,1.3615091450469345
1160,Najaf Daryabandari,"<|begin_of_text|><|start_header_id|>system<|end_header_id|>

Cutting Knowledge Date: December 2023
Today Date: 26 July 2024

<|eot_id|><|start_header_id|>user<|end_header_id|>

What was the occupation of Sadegh Hedayat's great-grandfather Reza-Qoli Khan Hedayat Tabarestani?<|eot_id|><|start_header_id|>assistant<|end_header_id|>

",Writer and government worker,domain,A military officer and a governor,0.134765625,0.16666666666666666,0.5328595638275146,19.46756991825522
1161,Najaf Daryabandari,"<|begin_of_text|><|start_header_id|>system<|end_header_id|>

Cutting Knowledge Date: December 2023
Today Date: 26 July 2024

<|eot_id|><|start_header_id|>user<|end_header_id|>

Where was Sadegh Hedayat born?<|eot_id|><|start_header_id|>assistant<|end_header_id|>

",Tehran,domain,Tehran,0.99609375,1.0,1.0,1.0033319546769741
1162,Najaf Daryabandari,"<|begin_of_text|><|start_header_id|>system<|end_header_id|>

Cutting Knowledge Date: December 2023
Today Date: 26 July 2024

<|eot_id|><|start_header_id|>user<|end_header_id|>

Where did Sadegh Hedayat study initially after traveling to Europe?<|eot_id|><|start_header_id|>assistant<|end_header_id|>

","Belgium, to study engineering",domain,"Belgium, to study engineering",0.91015625,1.0,1.0,1.1117741039366458
1163,Najaf Daryabandari,"<|begin_of_text|><|start_header_id|>system<|end_header_id|>

Cutting Knowledge Date: December 2023
Today Date: 26 July 2024

<|eot_id|><|start_header_id|>user<|end_header_id|>

What subject did Sadegh Hedayat eventually pursue after abandoning architecture in France?<|eot_id|><|start_header_id|>assistant<|end_header_id|>

",Dentistry,domain,Dentistry,0.7734375,1.0,0.9999998807907104,1.446491002170128
1164,Najaf Daryabandari,"<|begin_of_text|><|start_header_id|>system<|end_header_id|>

Cutting Knowledge Date: December 2023
Today Date: 26 July 2024

<|eot_id|><|start_header_id|>user<|end_header_id|>

What was the name of Sadegh Hedayat's most enduring work, which he completed and published in Bombay?<|eot_id|><|start_header_id|>assistant<|end_header_id|>

",The Blind Owl,domain,The Blind Owl,0.984375,1.0,0.9999998807907104,1.0159957241412068
1165,Najaf Daryabandari,"<|begin_of_text|><|start_header_id|>system<|end_header_id|>

Cutting Knowledge Date: December 2023
Today Date: 26 July 2024

<|eot_id|><|start_header_id|>user<|end_header_id|>

Who did Sadegh Hedayat's sister marry?<|eot_id|><|start_header_id|>assistant<|end_header_id|>

","Haj Ali Razmara, an army general and prime minister of Iran",domain,Haj Ali Razmara,0.7578125,1.0,0.746139645576477,1.4635417803751296
1166,Nelson Mandela,"<|begin_of_text|><|start_header_id|>system<|end_header_id|>

Cutting Knowledge Date: December 2023
Today Date: 26 July 2024

<|eot_id|><|start_header_id|>user<|end_header_id|>

What was Nelson Mandela's birth name?<|eot_id|><|start_header_id|>assistant<|end_header_id|>

",Rolihlahla Mandela,general,Rolihlahla Mandela,0.98828125,1.0,1.0000001192092896,1.0114172236805543
1167,Nelson Mandela,"<|begin_of_text|><|start_header_id|>system<|end_header_id|>

Cutting Knowledge Date: December 2023
Today Date: 26 July 2024

<|eot_id|><|start_header_id|>user<|end_header_id|>

Who was the president that released Mandela from prison?<|eot_id|><|start_header_id|>assistant<|end_header_id|>

",F. W. de Klerk,general,F. W. de Klerk,0.9609375,1.0,0.9999999403953552,1.0467124966220245
1168,Nelson Mandela,"<|begin_of_text|><|start_header_id|>system<|end_header_id|>

Cutting Knowledge Date: December 2023
Today Date: 26 July 2024

<|eot_id|><|start_header_id|>user<|end_header_id|>

How many years was Mandela imprisoned?<|eot_id|><|start_header_id|>assistant<|end_header_id|>

",27 years,general,27 years,1.0,1.0,1.0000001192092896,1.0006258060865343
1169,Nelson Mandela,"<|begin_of_text|><|start_header_id|>system<|end_header_id|>

Cutting Knowledge Date: December 2023
Today Date: 26 July 2024

<|eot_id|><|start_header_id|>user<|end_header_id|>

Which political party did Mandela join in 1943?<|eot_id|><|start_header_id|>assistant<|end_header_id|>

",The African National Congress (ANC),general,The African National Congress (ANC),0.96875,1.0,0.9999998211860657,1.0355286915359951
1170,Nelson Mandela,"<|begin_of_text|><|start_header_id|>system<|end_header_id|>

Cutting Knowledge Date: December 2023
Today Date: 26 July 2024

<|eot_id|><|start_header_id|>user<|end_header_id|>

How long did Nelson Mandela serve as the president of South Africa?<|eot_id|><|start_header_id|>assistant<|end_header_id|>

",1994 to 1999,general,1994 to 1999,0.984375,1.0,1.0,1.0184792128209286
1171,Nicki Minaj,"<|begin_of_text|><|start_header_id|>system<|end_header_id|>

Cutting Knowledge Date: December 2023
Today Date: 26 July 2024

<|eot_id|><|start_header_id|>user<|end_header_id|>

What genre of music is Nicki Minaj known for?<|eot_id|><|start_header_id|>assistant<|end_header_id|>

",Rap and Hip Hop,general,Rap and hip-hop,0.59765625,1.0,0.9914634227752686,1.9275504501675447
1172,Nicki Minaj,"<|begin_of_text|><|start_header_id|>system<|end_header_id|>

Cutting Knowledge Date: December 2023
Today Date: 26 July 2024

<|eot_id|><|start_header_id|>user<|end_header_id|>

What title is Nicki Minaj often referred to?<|eot_id|><|start_header_id|>assistant<|end_header_id|>

",Queen of Rap,general,Queen of Rap,0.99609375,1.0,0.9999998807907104,1.0018403754981091
1173,Nicki Minaj,"<|begin_of_text|><|start_header_id|>system<|end_header_id|>

Cutting Knowledge Date: December 2023
Today Date: 26 July 2024

<|eot_id|><|start_header_id|>user<|end_header_id|>

When was Nicki Minaj born?<|eot_id|><|start_header_id|>assistant<|end_header_id|>

","December 8, 1982",general,"December 8, 1982",1.0,1.0,1.0000001192092896,1.0001382923373827
1174,Nicki Minaj,"<|begin_of_text|><|start_header_id|>system<|end_header_id|>

Cutting Knowledge Date: December 2023
Today Date: 26 July 2024

<|eot_id|><|start_header_id|>user<|end_header_id|>

What was the name of Nicki Minaj's debut album?<|eot_id|><|start_header_id|>assistant<|end_header_id|>

",Pink Friday,general,Pink Friday,1.0,1.0,0.9999998807907104,1.0001649992676203
1175,Nicki Minaj,"<|begin_of_text|><|start_header_id|>system<|end_header_id|>

Cutting Knowledge Date: December 2023
Today Date: 26 July 2024

<|eot_id|><|start_header_id|>user<|end_header_id|>

Which Nicki Minaj single was certified diamond by the RIAA?<|eot_id|><|start_header_id|>assistant<|end_header_id|>

",Super Bass,general,Super Bass,1.0,1.0,0.9999998211860657,1.002000900502328
1176,Pablo Escobar,"<|begin_of_text|><|start_header_id|>system<|end_header_id|>

Cutting Knowledge Date: December 2023
Today Date: 26 July 2024

<|eot_id|><|start_header_id|>user<|end_header_id|>

What was Pablo Escobar widely known as?<|eot_id|><|start_header_id|>assistant<|end_header_id|>

",the king of cocaine,general,the king of cocaine,0.96484375,1.0,1.0,1.03679353648881
1177,Pablo Escobar,"<|begin_of_text|><|start_header_id|>system<|end_header_id|>

Cutting Knowledge Date: December 2023
Today Date: 26 July 2024

<|eot_id|><|start_header_id|>user<|end_header_id|>

In which city was Pablo Escobar raised?<|eot_id|><|start_header_id|>assistant<|end_header_id|>

",Medellín,general,Medellín,0.99609375,1.0,1.0000001192092896,1.0058151827541255
1178,Pablo Escobar,"<|begin_of_text|><|start_header_id|>system<|end_header_id|>

Cutting Knowledge Date: December 2023
Today Date: 26 July 2024

<|eot_id|><|start_header_id|>user<|end_header_id|>

What cartel did Pablo Escobar found?<|eot_id|><|start_header_id|>assistant<|end_header_id|>

",the Medellín Cartel,general,The Medellín Cartel,0.8046875,1.0,1.0000001192092896,2.70768425193379
1179,Pablo Escobar,"<|begin_of_text|><|start_header_id|>system<|end_header_id|>

Cutting Knowledge Date: December 2023
Today Date: 26 July 2024

<|eot_id|><|start_header_id|>user<|end_header_id|>

What was Pablo Escobar's full name?<|eot_id|><|start_header_id|>assistant<|end_header_id|>

",Pablo Emilio Escobar Gaviria,general,Pablo Emilio Escobar Gaviria,0.99609375,1.0,1.0,1.0022302665559066
1180,Pablo Escobar,"<|begin_of_text|><|start_header_id|>system<|end_header_id|>

Cutting Knowledge Date: December 2023
Today Date: 26 July 2024

<|eot_id|><|start_header_id|>user<|end_header_id|>

What nationality was Pablo Escobar?<|eot_id|><|start_header_id|>assistant<|end_header_id|>

",Colombian,general,Colombian,0.99609375,1.0,1.0,1.0054775939428475
1181,Paul Gerhardt,"<|begin_of_text|><|start_header_id|>system<|end_header_id|>

Cutting Knowledge Date: December 2023
Today Date: 26 July 2024

<|eot_id|><|start_header_id|>user<|end_header_id|>

What type of hymns did Nikolaus Herman create?<|eot_id|><|start_header_id|>assistant<|end_header_id|>

",Protestant hymns,domain,Protestant hymns,0.984375,1.0,1.0,1.0174850897053416
1182,Paul Gerhardt,"<|begin_of_text|><|start_header_id|>system<|end_header_id|>

Cutting Knowledge Date: December 2023
Today Date: 26 July 2024

<|eot_id|><|start_header_id|>user<|end_header_id|>

What was Nikolaus Herman's profession?<|eot_id|><|start_header_id|>assistant<|end_header_id|>

",German Lutheran cantor and teacher,domain,He was a German Lutheran schoolmaster and teacher of singing.,0.71875,0.4,0.6332306265830994,1.6105286836000576
1183,Paul Gerhardt,"<|begin_of_text|><|start_header_id|>system<|end_header_id|>

Cutting Knowledge Date: December 2023
Today Date: 26 July 2024

<|eot_id|><|start_header_id|>user<|end_header_id|>

Where was Nikolaus Herman born?<|eot_id|><|start_header_id|>assistant<|end_header_id|>

",Altdorf,domain,Alerheim in the Jagstetter Gochsheim estate,0.62109375,0.0,0.2914299964904785,4.660219266837412
1184,Paul Gerhardt,"<|begin_of_text|><|start_header_id|>system<|end_header_id|>

Cutting Knowledge Date: December 2023
Today Date: 26 July 2024

<|eot_id|><|start_header_id|>user<|end_header_id|>

When was Nikolaus Herman born?<|eot_id|><|start_header_id|>assistant<|end_header_id|>

",Around 1500,domain,Around 1500,0.98046875,1.0,1.0000001192092896,1.0202212660287675
1185,Paul Gerhardt,"<|begin_of_text|><|start_header_id|>system<|end_header_id|>

Cutting Knowledge Date: December 2023
Today Date: 26 July 2024

<|eot_id|><|start_header_id|>user<|end_header_id|>

What instrument did Telemann teach himself to play?<|eot_id|><|start_header_id|>assistant<|end_header_id|>

","Flute, oboe, violin, viola da gamba, recorder, double bass, and other instruments",domain,"Flute, oboe, violin, viola da gamba, recorder, double bass, and other instruments",0.953125,1.0,1.0000001192092896,1.0520927228261099
1186,Paul Gerhardt,"<|begin_of_text|><|start_header_id|>system<|end_header_id|>

Cutting Knowledge Date: December 2023
Today Date: 26 July 2024

<|eot_id|><|start_header_id|>user<|end_header_id|>

Where did Johann Crüger receive his early education?<|eot_id|><|start_header_id|>assistant<|end_header_id|>

",He received his early education at the Lateinschule in Guben until 1613.,entity,He received his early education at the Lateinschule in Guben.,0.88671875,1.0,0.8329216241836548,1.5277989807665782
1187,Paul Gerhardt,"<|begin_of_text|><|start_header_id|>system<|end_header_id|>

Cutting Knowledge Date: December 2023
Today Date: 26 July 2024

<|eot_id|><|start_header_id|>user<|end_header_id|>

Who were some of the composers influenced by Telemann's music?<|eot_id|><|start_header_id|>assistant<|end_header_id|>

","Wilhelm Friedemann Bach, Carl Philipp Emmanuel Bach, and Johann Friedrich Agricola",domain,"Wolfgang Amadeus Mozart, Carl Philipp Emmanuel Bach, and Christian Tepperl were influenced by Telemann's music",0.89453125,0.3125,0.6303948760032654,1.1968432911476248
1188,Paul Gerhardt,"<|begin_of_text|><|start_header_id|>system<|end_header_id|>

Cutting Knowledge Date: December 2023
Today Date: 26 July 2024

<|eot_id|><|start_header_id|>user<|end_header_id|>

Where did Telemann study law?<|eot_id|><|start_header_id|>assistant<|end_header_id|>

",University of Leipzig,domain,University of Leipzig,0.9765625,1.0,1.0,1.0228399343461958
1189,Paul Gerhardt,"<|begin_of_text|><|start_header_id|>system<|end_header_id|>

Cutting Knowledge Date: December 2023
Today Date: 26 July 2024

<|eot_id|><|start_header_id|>user<|end_header_id|>

When was Philipp Nicolai born?<|eot_id|><|start_header_id|>assistant<|end_header_id|>

",10 August 1556,domain,10 July 1556,0.84765625,0.6666666666666666,0.9413034319877625,1.3144752019445491
1190,Paul Gerhardt,"<|begin_of_text|><|start_header_id|>system<|end_header_id|>

Cutting Knowledge Date: December 2023
Today Date: 26 July 2024

<|eot_id|><|start_header_id|>user<|end_header_id|>

At what age did Telemann receive his first music lessons?<|eot_id|><|start_header_id|>assistant<|end_header_id|>

",10,domain,10,0.67578125,1.0,1.0000001192092896,1.4807935477580523
1191,Paul Gerhardt,"<|begin_of_text|><|start_header_id|>system<|end_header_id|>

Cutting Knowledge Date: December 2023
Today Date: 26 July 2024

<|eot_id|><|start_header_id|>user<|end_header_id|>

What was the name of the collection of Latin poems published by Johann Heermann in 1609?<|eot_id|><|start_header_id|>assistant<|end_header_id|>

",Flores ex Otfridi Evangeliorum vireto,domain,Flores ex Otfridi Evangeliorum cum alis,0.671875,0.6666666666666666,0.9134491682052612,2.3802070983234693
1192,Paul Gerhardt,"<|begin_of_text|><|start_header_id|>system<|end_header_id|>

Cutting Knowledge Date: December 2023
Today Date: 26 July 2024

<|eot_id|><|start_header_id|>user<|end_header_id|>

Who was the ruler that stipulated the creation of Saxe-Merseburg in his will?<|eot_id|><|start_header_id|>assistant<|end_header_id|>

",John George I of Saxony,entity,John George I of Saxony,0.99609375,1.0,0.9999999403953552,1.0036994530995837
1193,Paul Gerhardt,"<|begin_of_text|><|start_header_id|>system<|end_header_id|>

Cutting Knowledge Date: December 2023
Today Date: 26 July 2024

<|eot_id|><|start_header_id|>user<|end_header_id|>

What was the name of Telemann's music catalogue?<|eot_id|><|start_header_id|>assistant<|end_header_id|>

",Telemann-Werke-Verzeichnis (TWV),domain,Telemann-Werke-Verzeichnis (TWV),0.99609375,1.0,1.0,1.0024749815507978
1194,Paul Gerhardt,"<|begin_of_text|><|start_header_id|>system<|end_header_id|>

Cutting Knowledge Date: December 2023
Today Date: 26 July 2024

<|eot_id|><|start_header_id|>user<|end_header_id|>

What is Gräfenhainichen?<|eot_id|><|start_header_id|>assistant<|end_header_id|>

","Gräfenhainichen is a town in Wittenberg district in Saxony-Anhalt, Germany.",entity,"Gräfenhainichen is a town in Wittenberg district in Saxony-Anhalt, Germany.",0.9765625,1.0,1.0000001192092896,1.0234644168558626
1195,Paul Gerhardt,"<|begin_of_text|><|start_header_id|>system<|end_header_id|>

Cutting Knowledge Date: December 2023
Today Date: 26 July 2024

<|eot_id|><|start_header_id|>user<|end_header_id|>

Who were the main formulators of the Formula of Concord?<|eot_id|><|start_header_id|>assistant<|end_header_id|>

",The most important formulators of the Formula of Concord were Jakob Andreä and Martin Chemnitz.,entity,The main formulators of the Formula of Concord were Jakob Andreä and Martin Chemnitz.,0.87109375,0.9285714285714286,0.9804474115371704,1.5670874200815372
1196,Paul Gerhardt,"<|begin_of_text|><|start_header_id|>system<|end_header_id|>

Cutting Knowledge Date: December 2023
Today Date: 26 July 2024

<|eot_id|><|start_header_id|>user<|end_header_id|>

How many children did Telemann have with his second wife?<|eot_id|><|start_header_id|>assistant<|end_header_id|>

",9,domain,9,0.1591796875,1.0,1.0,6.271010462790426
1197,Paul Gerhardt,"<|begin_of_text|><|start_header_id|>system<|end_header_id|>

Cutting Knowledge Date: December 2023
Today Date: 26 July 2024

<|eot_id|><|start_header_id|>user<|end_header_id|>

What was the name of Telemann's godson who succeeded him at his Hamburg post?<|eot_id|><|start_header_id|>assistant<|end_header_id|>

",Carl Philipp Emmanuel Bach,domain,Carl Philipp Emmanuel Bach,0.9921875,1.0,1.0000001192092896,1.0083353282575724
1198,Paul Gerhardt,"<|begin_of_text|><|start_header_id|>system<|end_header_id|>

Cutting Knowledge Date: December 2023
Today Date: 26 July 2024

<|eot_id|><|start_header_id|>user<|end_header_id|>

How many compositions did Telemann write during his lifetime?<|eot_id|><|start_header_id|>assistant<|end_header_id|>

","More than 3,000",domain,"More than 3,000",0.96875,1.0,1.000000238418579,1.037046690812174
1199,Paul Gerhardt,"<|begin_of_text|><|start_header_id|>system<|end_header_id|>

Cutting Knowledge Date: December 2023
Today Date: 26 July 2024

<|eot_id|><|start_header_id|>user<|end_header_id|>

What was Johann Heermann's occupation?<|eot_id|><|start_header_id|>assistant<|end_header_id|>

",Poet and hymnodist,domain,German poet,0.79296875,0.5,0.6402149200439453,1.3144752019445491
1200,Paul Gerhardt,"<|begin_of_text|><|start_header_id|>system<|end_header_id|>

Cutting Knowledge Date: December 2023
Today Date: 26 July 2024

<|eot_id|><|start_header_id|>user<|end_header_id|>

Where did Johann Heermann attend school?<|eot_id|><|start_header_id|>assistant<|end_header_id|>

","Local school in Raudten, Wohlau, Fraustadt, Gymnasium Elisabethanum in Breslau, and Gymnasium in Brieg",domain,"Local school in Neiße, Gymnasium in Brieg, and the University of Wittenberg",0.796875,0.46153846153846156,0.8262839317321777,1.5670874200815372
1201,Paul Gerhardt,"<|begin_of_text|><|start_header_id|>system<|end_header_id|>

Cutting Knowledge Date: December 2023
Today Date: 26 July 2024

<|eot_id|><|start_header_id|>user<|end_header_id|>

What was the occupation of Johann Heermann's father?<|eot_id|><|start_header_id|>assistant<|end_header_id|>

",Middle-class Protestant family,domain,Lutheran pastor,0.4765625,0.0,0.4299267530441284,7.161718742493711
1202,Paul Gerhardt,"<|begin_of_text|><|start_header_id|>system<|end_header_id|>

Cutting Knowledge Date: December 2023
Today Date: 26 July 2024

<|eot_id|><|start_header_id|>user<|end_header_id|>

When was Johann Heermann born?<|eot_id|><|start_header_id|>assistant<|end_header_id|>

",11 October 1585,domain,11 October 1585,0.8359375,1.0,0.9999999403953552,1.3351751743691969
1203,Paul Gerhardt,"<|begin_of_text|><|start_header_id|>system<|end_header_id|>

Cutting Knowledge Date: December 2023
Today Date: 26 July 2024

<|eot_id|><|start_header_id|>user<|end_header_id|>

Who was Telemann's friend and fellow composer?<|eot_id|><|start_header_id|>assistant<|end_header_id|>

",Johann Sebastian Bach,domain,Johann Sebastian Bach,0.9765625,1.0,1.0,1.0255905106832142
1204,Paul Gerhardt,"<|begin_of_text|><|start_header_id|>system<|end_header_id|>

Cutting Knowledge Date: December 2023
Today Date: 26 July 2024

<|eot_id|><|start_header_id|>user<|end_header_id|>

When did Nikolaus Herman retire?<|eot_id|><|start_header_id|>assistant<|end_header_id|>

",24 June 1557,domain,1553,0.59765625,0.0,0.5916414260864258,3.6578480133721323
1205,Paul Gerhardt,"<|begin_of_text|><|start_header_id|>system<|end_header_id|>

Cutting Knowledge Date: December 2023
Today Date: 26 July 2024

<|eot_id|><|start_header_id|>user<|end_header_id|>

What is the title of the hymn that appears in the center of the cantata for the first Sunday after Easter?<|eot_id|><|start_header_id|>assistant<|end_header_id|>

",Erschienen ist der herrlich Tag,domain,Erschienen ist der herrlich Tag,0.94140625,1.0,0.9999998807907104,1.0642346042971758
1206,Paul Gerhardt,"<|begin_of_text|><|start_header_id|>system<|end_header_id|>

Cutting Knowledge Date: December 2023
Today Date: 26 July 2024

<|eot_id|><|start_header_id|>user<|end_header_id|>

What is the title of the cantata in which Bach used the melody of 'Wenn mein Stündlein vorhanden ist'?<|eot_id|><|start_header_id|>assistant<|end_header_id|>

","Der Himmel lacht! Die Erde jubilieret, BWV 31",domain,"Der Himmel lacht! Die Erde jubilieret, BWV 31",0.97265625,1.0,1.0,1.0287251451764734
1207,Paul Gerhardt,"<|begin_of_text|><|start_header_id|>system<|end_header_id|>

Cutting Knowledge Date: December 2023
Today Date: 26 July 2024

<|eot_id|><|start_header_id|>user<|end_header_id|>

Who used stanzas from Nikolaus Herman's hymns in several cantatas?<|eot_id|><|start_header_id|>assistant<|end_header_id|>

",Johann Sebastian Bach,domain,Johann Sebastian Bach,1.0,1.0,1.0,1.0018633060669737
1208,Paul Gerhardt,"<|begin_of_text|><|start_header_id|>system<|end_header_id|>

Cutting Knowledge Date: December 2023
Today Date: 26 July 2024

<|eot_id|><|start_header_id|>user<|end_header_id|>

In what year did Nikolaus Herman publish his hymns?<|eot_id|><|start_header_id|>assistant<|end_header_id|>

",1560,domain,1560,0.984375,1.0,1.0,1.0137038890041872
1209,Paul Gerhardt,"<|begin_of_text|><|start_header_id|>system<|end_header_id|>

Cutting Knowledge Date: December 2023
Today Date: 26 July 2024

<|eot_id|><|start_header_id|>user<|end_header_id|>

What was the title of the book in which Nikolaus Herman published his hymns?<|eot_id|><|start_header_id|>assistant<|end_header_id|>

",Die Sonntagsevangelia über das Jahr in Gesänge verfasset für die Kinder und christlichen Hausväter,domain,Die Sonntagsevangelia über das Jahr in Gesänge verfasset,0.8203125,1.0,0.877204954624176,1.2703059951349396
1210,Paul Gerhardt,"<|begin_of_text|><|start_header_id|>system<|end_header_id|>

Cutting Knowledge Date: December 2023
Today Date: 26 July 2024

<|eot_id|><|start_header_id|>user<|end_header_id|>

Who did Nikolaus Herman collaborate with?<|eot_id|><|start_header_id|>assistant<|end_header_id|>

",Johannes Mathesius,domain,Johannes Mathesius,0.96484375,1.0,1.0,1.0372999069483384
1211,Paul Gerhardt,"<|begin_of_text|><|start_header_id|>system<|end_header_id|>

Cutting Knowledge Date: December 2023
Today Date: 26 July 2024

<|eot_id|><|start_header_id|>user<|end_header_id|>

What was the purpose of the Formula of Concord's promulgation and subscription?<|eot_id|><|start_header_id|>assistant<|end_header_id|>

",The purpose was the unification and preservation of Lutheranism.,entity,The purpose was the unification of Lutherans and the prevention of further divisions.,0.7265625,0.5384615384615384,0.8446767330169678,1.498248673515724
1212,Paul Gerhardt,"<|begin_of_text|><|start_header_id|>system<|end_header_id|>

Cutting Knowledge Date: December 2023
Today Date: 26 July 2024

<|eot_id|><|start_header_id|>user<|end_header_id|>

When and where was Johann Crüger born?<|eot_id|><|start_header_id|>assistant<|end_header_id|>

",Johann Crüger was born on 9 April 1598 in Groß Breesen (now part of Guben).,entity,"16 September 1598, in Groß Breesen, a village near Cottbus",0.875,0.4,0.4868966042995453,1.4721423929952648
1213,Paul Gerhardt,"<|begin_of_text|><|start_header_id|>system<|end_header_id|>

Cutting Knowledge Date: December 2023
Today Date: 26 July 2024

<|eot_id|><|start_header_id|>user<|end_header_id|>

Where is a monument erected in honor of Johann Franck?<|eot_id|><|start_header_id|>assistant<|end_header_id|>

",At the south wall of the Guben parish church,domain,At the south wall of the Guben parish church,0.86328125,1.0,1.0,1.177137845625469
1214,Paul Gerhardt,"<|begin_of_text|><|start_header_id|>system<|end_header_id|>

Cutting Knowledge Date: December 2023
Today Date: 26 July 2024

<|eot_id|><|start_header_id|>user<|end_header_id|>

What is the title of the hymn for Communion written by Johann Franck?<|eot_id|><|start_header_id|>assistant<|end_header_id|>

","Schmücke dich, o liebe Seele",domain,"Schmücke dich, o liebe Seele",0.9921875,1.0,0.9999999403953552,1.0091973111443215
1215,Paul Gerhardt,"<|begin_of_text|><|start_header_id|>system<|end_header_id|>

Cutting Knowledge Date: December 2023
Today Date: 26 July 2024

<|eot_id|><|start_header_id|>user<|end_header_id|>

When is Philipp Nicolai commemorated in the Calendar of Saints of the Lutheran Church?<|eot_id|><|start_header_id|>assistant<|end_header_id|>

",26 October,domain,26 October,0.9921875,1.0,1.0,1.0077200769933317
1216,Paul Gerhardt,"<|begin_of_text|><|start_header_id|>system<|end_header_id|>

Cutting Knowledge Date: December 2023
Today Date: 26 July 2024

<|eot_id|><|start_header_id|>user<|end_header_id|>

When was Georg Philipp Telemann born?<|eot_id|><|start_header_id|>assistant<|end_header_id|>

",24 March 1681,domain,24 March 1681,0.99609375,1.0,1.000000238418579,1.0032860268362187
1217,Paul Gerhardt,"<|begin_of_text|><|start_header_id|>system<|end_header_id|>

Cutting Knowledge Date: December 2023
Today Date: 26 July 2024

<|eot_id|><|start_header_id|>user<|end_header_id|>

Where was Georg Philipp Telemann born?<|eot_id|><|start_header_id|>assistant<|end_header_id|>

",Magdeburg,domain,Magdeburg,1.0,1.0,1.000000238418579,1.0000598448539864
1218,Paul Gerhardt,"<|begin_of_text|><|start_header_id|>system<|end_header_id|>

Cutting Knowledge Date: December 2023
Today Date: 26 July 2024

<|eot_id|><|start_header_id|>user<|end_header_id|>

What style of music did Telemann help create?<|eot_id|><|start_header_id|>assistant<|end_header_id|>

",German mixed style,domain,German mixed style,0.87109375,1.0,1.0,1.153243174561055
1219,Paul Gerhardt,"<|begin_of_text|><|start_header_id|>system<|end_header_id|>

Cutting Knowledge Date: December 2023
Today Date: 26 July 2024

<|eot_id|><|start_header_id|>user<|end_header_id|>

What was Telemann's first major opera?<|eot_id|><|start_header_id|>assistant<|end_header_id|>

",Germanicus,domain,Germanicus,0.96875,1.0,0.9999998211860657,1.0304847234934187
1220,Paul Gerhardt,"<|begin_of_text|><|start_header_id|>system<|end_header_id|>

Cutting Knowledge Date: December 2023
Today Date: 26 July 2024

<|eot_id|><|start_header_id|>user<|end_header_id|>

How far is Mittenwalde from the centre of Berlin?<|eot_id|><|start_header_id|>assistant<|end_header_id|>

",30 km southeast,entity,30 km southeast,0.58984375,1.0,0.9999998807907104,1.8537071520464343
1221,Paul Gerhardt,"<|begin_of_text|><|start_header_id|>system<|end_header_id|>

Cutting Knowledge Date: December 2023
Today Date: 26 July 2024

<|eot_id|><|start_header_id|>user<|end_header_id|>

In what century was Praxis pietatis melica first published?<|eot_id|><|start_header_id|>assistant<|end_header_id|>

",17th century,entity,17th century,0.984375,1.0,1.0,1.0183548943330976
1222,Paul Gerhardt,"<|begin_of_text|><|start_header_id|>system<|end_header_id|>

Cutting Knowledge Date: December 2023
Today Date: 26 July 2024

<|eot_id|><|start_header_id|>user<|end_header_id|>

How was the final form of the Formula of Concord known?<|eot_id|><|start_header_id|>assistant<|end_header_id|>

",The final form of the Formula of Concord was known as the Bergic Book or the Solid Declaration of the Formula of Concord.,entity,The final form of the Formula of Concord was known as the Bergic Book or the Solid Declaration of the Formula of Concord.,0.921875,1.0,1.0,1.102045467275182
1223,Paul Gerhardt,"<|begin_of_text|><|start_header_id|>system<|end_header_id|>

Cutting Knowledge Date: December 2023
Today Date: 26 July 2024

<|eot_id|><|start_header_id|>user<|end_header_id|>

What is the meaning of the Latin title 'Praxis pietatis melica'?<|eot_id|><|start_header_id|>assistant<|end_header_id|>

",Practice of Piety in Song,entity,Practice of Piety in Song,0.96875,1.0,0.9999998807907104,1.0347705253527655
1224,Paul Gerhardt,"<|begin_of_text|><|start_header_id|>system<|end_header_id|>

Cutting Knowledge Date: December 2023
Today Date: 26 July 2024

<|eot_id|><|start_header_id|>user<|end_header_id|>

Has the debt Mittenwalde lent to Berlin ever been repaid?<|eot_id|><|start_header_id|>assistant<|end_header_id|>

",No,entity,No,0.9609375,1.0,1.0000001192092896,1.0413597839948123
1225,Paul Gerhardt,"<|begin_of_text|><|start_header_id|>system<|end_header_id|>

Cutting Knowledge Date: December 2023
Today Date: 26 July 2024

<|eot_id|><|start_header_id|>user<|end_header_id|>

What was the capital of the Duchy of Saxe-Merseburg?<|eot_id|><|start_header_id|>assistant<|end_header_id|>

",Merseburg,entity,Merseburg,0.97265625,1.0,1.0,1.0301074178076999
1226,Paul Gerhardt,"<|begin_of_text|><|start_header_id|>system<|end_header_id|>

Cutting Knowledge Date: December 2023
Today Date: 26 July 2024

<|eot_id|><|start_header_id|>user<|end_header_id|>

What was Johann Crüger's ethnicity?<|eot_id|><|start_header_id|>assistant<|end_header_id|>

",He was an ethnic Sorb.,entity,He was a member of the Lutheran minority in the predominantly Calvinist city of Guben.,0.828125,0.13333333333333333,0.2993621826171875,1.3119103730967598
1227,Paul Gerhardt,"<|begin_of_text|><|start_header_id|>system<|end_header_id|>

Cutting Knowledge Date: December 2023
Today Date: 26 July 2024

<|eot_id|><|start_header_id|>user<|end_header_id|>

What are the two parts of the Formula of Concord?<|eot_id|><|start_header_id|>assistant<|end_header_id|>

",The two parts of the Formula of Concord are the Epitome and the Solid Declaration.,entity,The two parts of the Formula of Concord are the Epitome and the Solid Declaration.,0.96484375,1.0,1.0,1.0418683846118086
1228,Paul Gerhardt,"<|begin_of_text|><|start_header_id|>system<|end_header_id|>

Cutting Knowledge Date: December 2023
Today Date: 26 July 2024

<|eot_id|><|start_header_id|>user<|end_header_id|>

What was required of every clergyman in the Electorate of Saxony regarding the Formula of Concord?<|eot_id|><|start_header_id|>assistant<|end_header_id|>

",Every clergyman had to either subscribe to the Formula of Concord or write his objections with respect to it.,entity,Every clergyman had to subscribe to the Formula of Concord.,0.78125,1.0,0.7889081239700317,1.9125501335578454
1229,Paul Gerhardt,"<|begin_of_text|><|start_header_id|>system<|end_header_id|>

Cutting Knowledge Date: December 2023
Today Date: 26 July 2024

<|eot_id|><|start_header_id|>user<|end_header_id|>

What was Gräfenhainichen the seat of before January 2011?<|eot_id|><|start_header_id|>assistant<|end_header_id|>

",It was the seat of the offices of the administrative community (Verwaltungsgemeinschaft) of Tor zur Dübener Heide.,entity,It was the seat of the administrative community of Gräfenhainichen and the headquarters of the district of Wittenberg.,0.8203125,0.47368421052631576,0.48858124017715454,1.374870266457688
1230,Paul Gerhardt,"<|begin_of_text|><|start_header_id|>system<|end_header_id|>

Cutting Knowledge Date: December 2023
Today Date: 26 July 2024

<|eot_id|><|start_header_id|>user<|end_header_id|>

Who is supposed to be the last example of the Meistersinger tradition?<|eot_id|><|start_header_id|>assistant<|end_header_id|>

",Philipp Nicolai,domain,Philipp Nicolai,0.9296875,1.0,1.0,1.0796750932052046
1231,Paul Gerhardt,"<|begin_of_text|><|start_header_id|>system<|end_header_id|>

Cutting Knowledge Date: December 2023
Today Date: 26 July 2024

<|eot_id|><|start_header_id|>user<|end_header_id|>

What is the title of the hymn to Jesus written by Johann Franck, which is the basis of Bach's funeral motet?<|eot_id|><|start_header_id|>assistant<|end_header_id|>

","Jesu, meine Freude",domain,"Jesu, meine Freude",0.96484375,1.0,1.0,1.03882050267958
1232,Paul Gerhardt,"<|begin_of_text|><|start_header_id|>system<|end_header_id|>

Cutting Knowledge Date: December 2023
Today Date: 26 July 2024

<|eot_id|><|start_header_id|>user<|end_header_id|>

What were the names of the two famous hymns written by Philipp Nicolai?<|eot_id|><|start_header_id|>assistant<|end_header_id|>

","Wachet auf, ruft uns die Stimme and Wie schön leuchtet der Morgenstern",domain,"Wachet auf, ruft uns die Stimme and Wie schön leuchtet der Morgenstern",0.97265625,1.0,0.9999998807907104,1.0322473114732151
1233,Paul Gerhardt,"<|begin_of_text|><|start_header_id|>system<|end_header_id|>

Cutting Knowledge Date: December 2023
Today Date: 26 July 2024

<|eot_id|><|start_header_id|>user<|end_header_id|>

When was Philipp Nicolai ordained to the Lutheran ministry?<|eot_id|><|start_header_id|>assistant<|end_header_id|>

",1583,domain,1583,0.640625,1.0,1.0000001192092896,1.8755580653664274
1234,Paul Gerhardt,"<|begin_of_text|><|start_header_id|>system<|end_header_id|>

Cutting Knowledge Date: December 2023
Today Date: 26 July 2024

<|eot_id|><|start_header_id|>user<|end_header_id|>

What is the title of the two volumes of poems and hymns collected and edited by Johann Franck?<|eot_id|><|start_header_id|>assistant<|end_header_id|>

","Teutsche Gedichte, enthaltend geistliches Zion samt Vaterunserharfe nebst irdischem Helicon oder Lob-, Lieb-, Leidgedichte, etc.",domain,"Teutsche Gedichte, enthaltend geistliche Lieder und Gebete, sowie weltliche Gedichte, Lieder und Fabeln",0.7578125,0.3076923076923077,0.6480000019073486,1.9200356431346326
1235,Paul Gerhardt,"<|begin_of_text|><|start_header_id|>system<|end_header_id|>

Cutting Knowledge Date: December 2023
Today Date: 26 July 2024

<|eot_id|><|start_header_id|>user<|end_header_id|>

What were some of Johann Franck's roles in his career?<|eot_id|><|start_header_id|>assistant<|end_header_id|>

","Councilor, mayor, and member of the Landtag of Lower Lusatia",domain,"Councilor, mayor, and member of the landtable",0.84765625,0.8571428571428571,0.7865538597106934,1.2493910217472401
1236,Paul Gerhardt,"<|begin_of_text|><|start_header_id|>system<|end_header_id|>

Cutting Knowledge Date: December 2023
Today Date: 26 July 2024

<|eot_id|><|start_header_id|>user<|end_header_id|>

What schools did Johann Franck attend after visiting the Latin school in Guben?<|eot_id|><|start_header_id|>assistant<|end_header_id|>

","Schools in Cottbus and Stettin, as well as the gymnasium in Thorn (Toruń)",domain,"Schools in Cottbus and Stettin, and the Gymnasium in Thorn",0.80859375,0.9,0.9439878463745117,1.3856535076037706
1237,Paul Gerhardt,"<|begin_of_text|><|start_header_id|>system<|end_header_id|>

Cutting Knowledge Date: December 2023
Today Date: 26 July 2024

<|eot_id|><|start_header_id|>user<|end_header_id|>

When was Johann Franck born?<|eot_id|><|start_header_id|>assistant<|end_header_id|>

",1 June 1618,domain,1 June 1618,0.96484375,1.0,0.9999998211860657,1.037046690812174
1238,Paul Gerhardt,"<|begin_of_text|><|start_header_id|>system<|end_header_id|>

Cutting Knowledge Date: December 2023
Today Date: 26 July 2024

<|eot_id|><|start_header_id|>user<|end_header_id|>

When did Johann Heermann die?<|eot_id|><|start_header_id|>assistant<|end_header_id|>

",17 February 1647,domain,17 February 1647,0.98046875,1.0,1.0,1.0200967349009356
1239,Paul Gerhardt,"<|begin_of_text|><|start_header_id|>system<|end_header_id|>

Cutting Knowledge Date: December 2023
Today Date: 26 July 2024

<|eot_id|><|start_header_id|>user<|end_header_id|>

When did Johann Heermann fall ill and never really recover?<|eot_id|><|start_header_id|>assistant<|end_header_id|>

",1623,domain,1623,0.72265625,1.0,1.0000001192092896,1.3829497943012412
1240,Paul Gerhardt,"<|begin_of_text|><|start_header_id|>system<|end_header_id|>

Cutting Knowledge Date: December 2023
Today Date: 26 July 2024

<|eot_id|><|start_header_id|>user<|end_header_id|>

What was the intended use of Praxis pietatis melica?<|eot_id|><|start_header_id|>assistant<|end_header_id|>

",For use in both church and private services,entity,For use in German churches and homes,0.58984375,0.7142857142857143,0.6543124914169312,2.1927495310818794
1241,Paul Gerhardt,"<|begin_of_text|><|start_header_id|>system<|end_header_id|>

Cutting Knowledge Date: December 2023
Today Date: 26 July 2024

<|eot_id|><|start_header_id|>user<|end_header_id|>

What is the Formula of Concord?<|eot_id|><|start_header_id|>assistant<|end_header_id|>

","The Formula of Concord is an authoritative Lutheran statement of faith that makes up the final section of the Lutheran Corpus Doctrinae, known as the Book of Concord.",entity,The Formula of Concord is a Lutheran statement of faith.,0.8203125,0.9,0.8444768786430359,1.7896700083849195
1242,Paul Gerhardt,"<|begin_of_text|><|start_header_id|>system<|end_header_id|>

Cutting Knowledge Date: December 2023
Today Date: 26 July 2024

<|eot_id|><|start_header_id|>user<|end_header_id|>

What did Johann Crüger study in Berlin?<|eot_id|><|start_header_id|>assistant<|end_header_id|>

",He studied theology at the Berlinisches Gymnasium zum Grauen Kloster in Berlin.,entity,He studied theology at the Berlinisches Gymnasium zum Grauen Kloster.,0.91015625,1.0,0.982690155506134,1.2085884700770824
1243,Paul Gerhardt,"<|begin_of_text|><|start_header_id|>system<|end_header_id|>

Cutting Knowledge Date: December 2023
Today Date: 26 July 2024

<|eot_id|><|start_header_id|>user<|end_header_id|>

How many editions of Praxis pietatis melica were published between 1647 and 1737?<|eot_id|><|start_header_id|>assistant<|end_header_id|>

",45 editions,entity,"Over 1,000",0.4453125,0.0,0.16881753504276276,5.983839985957149
1244,Paul Gerhardt,"<|begin_of_text|><|start_header_id|>system<|end_header_id|>

Cutting Knowledge Date: December 2023
Today Date: 26 July 2024

<|eot_id|><|start_header_id|>user<|end_header_id|>

What was the name of Telemann's first wife?<|eot_id|><|start_header_id|>assistant<|end_header_id|>

",Amalie Louise Juliane Eberlin,domain,Amalie Louise Juliane Eberlin,0.984375,1.0,1.0000001192092896,1.013518291270916
1245,Paul Gerhardt,"<|begin_of_text|><|start_header_id|>system<|end_header_id|>

Cutting Knowledge Date: December 2023
Today Date: 26 July 2024

<|eot_id|><|start_header_id|>user<|end_header_id|>

When was Johann Heermann ordained and appointed deacon?<|eot_id|><|start_header_id|>assistant<|end_header_id|>

",After his return home in 1611,domain,1626,0.3671875,0.0,0.4966457784175873,4.69676981955058
1246,Paul Gerhardt,"<|begin_of_text|><|start_header_id|>system<|end_header_id|>

Cutting Knowledge Date: December 2023
Today Date: 26 July 2024

<|eot_id|><|start_header_id|>user<|end_header_id|>

What was Telemann's father's occupation?<|eot_id|><|start_header_id|>assistant<|end_header_id|>

",Deacon at the Heilig-Geist-Kirche,domain,Deacon at the Heilig-Geist-Kirche,0.94140625,1.0,1.0000001192092896,1.0681390927871186
1247,Paul Gerhardt,"<|begin_of_text|><|start_header_id|>system<|end_header_id|>

Cutting Knowledge Date: December 2023
Today Date: 26 July 2024

<|eot_id|><|start_header_id|>user<|end_header_id|>

What was Johann Heermann's most influential work of devotional poetry?<|eot_id|><|start_header_id|>assistant<|end_header_id|>

",Devoti musica cordis (1630),domain,Devoti musica cordis (1630),0.8671875,1.0,1.0,1.1898510425967053
1248,Paul Gerhardt,"<|begin_of_text|><|start_header_id|>system<|end_header_id|>

Cutting Knowledge Date: December 2023
Today Date: 26 July 2024

<|eot_id|><|start_header_id|>user<|end_header_id|>

What was Philipp Nicolai's father's occupation?<|eot_id|><|start_header_id|>assistant<|end_header_id|>

",Lutheran pastor,domain,Lutheran pastor,0.68359375,1.0,0.9999999403953552,1.694425507918335
1249,Paul Gerhardt,"<|begin_of_text|><|start_header_id|>system<|end_header_id|>

Cutting Knowledge Date: December 2023
Today Date: 26 July 2024

<|eot_id|><|start_header_id|>user<|end_header_id|>

Where did Philipp Nicolai study theology?<|eot_id|><|start_header_id|>assistant<|end_header_id|>

",University of Erfurt,domain,University of Wittenberg,0.703125,0.6666666666666666,0.616795539855957,2.1419545429036044
1250,Paul Gerhardt,"<|begin_of_text|><|start_header_id|>system<|end_header_id|>

Cutting Knowledge Date: December 2023
Today Date: 26 July 2024

<|eot_id|><|start_header_id|>user<|end_header_id|>

What degree did Philipp Nicolai graduate with from the University of Wittenberg?<|eot_id|><|start_header_id|>assistant<|end_header_id|>

",Doctorate Degree in Theology,domain,Doctorate Degree,0.73828125,1.0,0.6688077449798584,1.9200356431346326
1251,Paul Gerhardt,"<|begin_of_text|><|start_header_id|>system<|end_header_id|>

Cutting Knowledge Date: December 2023
Today Date: 26 July 2024

<|eot_id|><|start_header_id|>user<|end_header_id|>

Who translated 'Lobt Gott, ihr Christen, allzugleich' to 'Let all together praise our God'?<|eot_id|><|start_header_id|>assistant<|end_header_id|>

",A. T. Russell,domain,Henry Francis Lyte,0.78125,0.0,0.27140331268310547,2.563583924617356
1252,"Philip Stanhope, 5th Earl Stanhope","<|begin_of_text|><|start_header_id|>system<|end_header_id|>

Cutting Knowledge Date: December 2023
Today Date: 26 July 2024

<|eot_id|><|start_header_id|>user<|end_header_id|>

Where did Francis Palgrave initially work as a clerk?<|eot_id|><|start_header_id|>assistant<|end_header_id|>

",A London solicitor's firm,domain,A solicitor's firm in London,0.671875,0.6666666666666666,0.9860539436340332,1.7482123472930606
1253,"Philip Stanhope, 5th Earl Stanhope","<|begin_of_text|><|start_header_id|>system<|end_header_id|>

Cutting Knowledge Date: December 2023
Today Date: 26 July 2024

<|eot_id|><|start_header_id|>user<|end_header_id|>

What was the occupation of Francis Palgrave's maternal grandfather?<|eot_id|><|start_header_id|>assistant<|end_header_id|>

",Wealthy merchant,domain,Wealthy merchant,0.7734375,1.0,0.9999999403953552,1.4185133335842541
1254,"Philip Stanhope, 5th Earl Stanhope","<|begin_of_text|><|start_header_id|>system<|end_header_id|>

Cutting Knowledge Date: December 2023
Today Date: 26 July 2024

<|eot_id|><|start_header_id|>user<|end_header_id|>

Who was Henry Hallam's wife?<|eot_id|><|start_header_id|>assistant<|end_header_id|>

",Julia Maria Elton,domain,Julia Maria Elton,0.90625,1.0,0.9999999403953552,1.1052788501931532
1255,"Philip Stanhope, 5th Earl Stanhope","<|begin_of_text|><|start_header_id|>system<|end_header_id|>

Cutting Knowledge Date: December 2023
Today Date: 26 July 2024

<|eot_id|><|start_header_id|>user<|end_header_id|>

When was Francis Palgrave admitted to the Fellowship of the Royal Society?<|eot_id|><|start_header_id|>assistant<|end_header_id|>

",1821,domain,1821,0.796875,1.0,1.0,1.27154713425964
1256,"Philip Stanhope, 5th Earl Stanhope","<|begin_of_text|><|start_header_id|>system<|end_header_id|>

Cutting Knowledge Date: December 2023
Today Date: 26 July 2024

<|eot_id|><|start_header_id|>user<|end_header_id|>

What was the name of the review that Francis Palgrave began contributing to around 1814?<|eot_id|><|start_header_id|>assistant<|end_header_id|>

",Edinburgh Review,domain,Edinburgh Review,0.98828125,1.0,1.000000238418579,1.0119112003367596
1257,"Philip Stanhope, 5th Earl Stanhope","<|begin_of_text|><|start_header_id|>system<|end_header_id|>

Cutting Knowledge Date: December 2023
Today Date: 26 July 2024

<|eot_id|><|start_header_id|>user<|end_header_id|>

How many volumes did Introduction to the Literature of Europe consist of?<|eot_id|><|start_header_id|>assistant<|end_header_id|>

",Four volumes,domain,Four volumes,0.8125,1.0,0.9999998807907104,1.2372493196984498
1258,"Philip Stanhope, 5th Earl Stanhope","<|begin_of_text|><|start_header_id|>system<|end_header_id|>

Cutting Knowledge Date: December 2023
Today Date: 26 July 2024

<|eot_id|><|start_header_id|>user<|end_header_id|>

When was Francis Palgrave born?<|eot_id|><|start_header_id|>assistant<|end_header_id|>

",July 1788,domain,6 December 1788,0.75,0.3333333333333333,0.8082597851753235,2.8265658663204203
1259,"Philip Stanhope, 5th Earl Stanhope","<|begin_of_text|><|start_header_id|>system<|end_header_id|>

Cutting Knowledge Date: December 2023
Today Date: 26 July 2024

<|eot_id|><|start_header_id|>user<|end_header_id|>

When did Arthur Henry Hallam die?<|eot_id|><|start_header_id|>assistant<|end_header_id|>

",1833,domain,1833,1.0,1.0,1.0,1.0001688146015852
1260,"Philip Stanhope, 5th Earl Stanhope","<|begin_of_text|><|start_header_id|>system<|end_header_id|>

Cutting Knowledge Date: December 2023
Today Date: 26 July 2024

<|eot_id|><|start_header_id|>user<|end_header_id|>

Who was Henry Hallam's eldest son?<|eot_id|><|start_header_id|>assistant<|end_header_id|>

",Arthur Henry Hallam,domain,Arthur Henry Hallam,0.99609375,1.0,1.0,1.0029492869032979
1261,"Philip Stanhope, 5th Earl Stanhope","<|begin_of_text|><|start_header_id|>system<|end_header_id|>

Cutting Knowledge Date: December 2023
Today Date: 26 July 2024

<|eot_id|><|start_header_id|>user<|end_header_id|>

When did Henry Hallam's wife die?<|eot_id|><|start_header_id|>assistant<|end_header_id|>

",1847,domain,1847,0.73046875,1.0,0.9999999403953552,1.4635417803751296
1262,"Philip Stanhope, 5th Earl Stanhope","<|begin_of_text|><|start_header_id|>system<|end_header_id|>

Cutting Knowledge Date: December 2023
Today Date: 26 July 2024

<|eot_id|><|start_header_id|>user<|end_header_id|>

Who was Francis Palgrave's father?<|eot_id|><|start_header_id|>assistant<|end_header_id|>

",Meyer Cohen,domain,Meyer Cohen,0.78125,1.0,0.9999998807907104,1.358852542680774
1263,"Philip Stanhope, 5th Earl Stanhope","<|begin_of_text|><|start_header_id|>system<|end_header_id|>

Cutting Knowledge Date: December 2023
Today Date: 26 July 2024

<|eot_id|><|start_header_id|>user<|end_header_id|>

What was Francis Palgrave's birth name?<|eot_id|><|start_header_id|>assistant<|end_header_id|>

",Francis Ephraim Cohen,domain,Francis Ephraim Cohen,0.95703125,1.0,1.000000238418579,1.0449252089785086
1264,"Philip Stanhope, 5th Earl Stanhope","<|begin_of_text|><|start_header_id|>system<|end_header_id|>

Cutting Knowledge Date: December 2023
Today Date: 26 July 2024

<|eot_id|><|start_header_id|>user<|end_header_id|>

How did Thomas Babington Macaulay die?<|eot_id|><|start_header_id|>assistant<|end_header_id|>

",He died of a heart attack on 28 December 1859,domain,He died of a heart attack on 28 December 1859,0.9140625,1.0,1.0000001192092896,1.104739294992646
1265,"Philip Stanhope, 5th Earl Stanhope","<|begin_of_text|><|start_header_id|>system<|end_header_id|>

Cutting Knowledge Date: December 2023
Today Date: 26 July 2024

<|eot_id|><|start_header_id|>user<|end_header_id|>

When was Henry Hallam born?<|eot_id|><|start_header_id|>assistant<|end_header_id|>

",9 July 1777,domain,9 July 1777,0.99609375,1.0,0.9999998807907104,1.0032554094436996
1266,"Philip Stanhope, 5th Earl Stanhope","<|begin_of_text|><|start_header_id|>system<|end_header_id|>

Cutting Knowledge Date: December 2023
Today Date: 26 July 2024

<|eot_id|><|start_header_id|>user<|end_header_id|>

What was Thomas Babington Macaulay's father's occupation?<|eot_id|><|start_header_id|>assistant<|end_header_id|>

",Colonial governor and abolitionist,domain,Zionist and educator,0.46484375,0.3333333333333333,0.3429090976715088,3.986096774117403
1267,"Philip Stanhope, 5th Earl Stanhope","<|begin_of_text|><|start_header_id|>system<|end_header_id|>

Cutting Knowledge Date: December 2023
Today Date: 26 July 2024

<|eot_id|><|start_header_id|>user<|end_header_id|>

What was Lord Acton's full name?<|eot_id|><|start_header_id|>assistant<|end_header_id|>

",John Emerich Edward Dalberg-Acton,domain,John Emerich Edward Dalberg-Acton,0.98046875,1.0,0.9999998211860657,1.01947430723406
1268,"Philip Stanhope, 5th Earl Stanhope","<|begin_of_text|><|start_header_id|>system<|end_header_id|>

Cutting Knowledge Date: December 2023
Today Date: 26 July 2024

<|eot_id|><|start_header_id|>user<|end_header_id|>

When was Lord Acton born?<|eot_id|><|start_header_id|>assistant<|end_header_id|>

",10 January 1834,domain,10 January 1834,0.98828125,1.0,0.9999998807907104,1.0107383994917314
1269,"Philip Stanhope, 5th Earl Stanhope","<|begin_of_text|><|start_header_id|>system<|end_header_id|>

Cutting Knowledge Date: December 2023
Today Date: 26 July 2024

<|eot_id|><|start_header_id|>user<|end_header_id|>

When was William Stubbs born?<|eot_id|><|start_header_id|>assistant<|end_header_id|>

",21 June 1825,domain,21 June 1825,0.984375,1.0,1.0,1.01636786102398
1270,"Philip Stanhope, 5th Earl Stanhope","<|begin_of_text|><|start_header_id|>system<|end_header_id|>

Cutting Knowledge Date: December 2023
Today Date: 26 July 2024

<|eot_id|><|start_header_id|>user<|end_header_id|>

What was the name of the academy that elected Francis Palgrave as a Foreign Honorary Member in 1834?<|eot_id|><|start_header_id|>assistant<|end_header_id|>

",American Academy of Arts and Sciences,domain,American Academy of Arts and Sciences,1.0,1.0,1.0000001192092896,1.001725730526042
1271,"Philip Stanhope, 5th Earl Stanhope","<|begin_of_text|><|start_header_id|>system<|end_header_id|>

Cutting Knowledge Date: December 2023
Today Date: 26 July 2024

<|eot_id|><|start_header_id|>user<|end_header_id|>

When was Francis Palgrave knighted?<|eot_id|><|start_header_id|>assistant<|end_header_id|>

",1832,domain,1847,0.6796875,0.0,0.7296371459960938,1.674684852811784
1272,"Philip Stanhope, 5th Earl Stanhope","<|begin_of_text|><|start_header_id|>system<|end_header_id|>

Cutting Knowledge Date: December 2023
Today Date: 26 July 2024

<|eot_id|><|start_header_id|>user<|end_header_id|>

How many annual reports did Francis Palgrave issue during his time as Deputy Keeper of the Public Record Office?<|eot_id|><|start_header_id|>assistant<|end_header_id|>

",22,domain,Twenty-five,0.04833984375,0.0,0.5929006338119507,20.723120306578686
1273,"Philip Stanhope, 5th Earl Stanhope","<|begin_of_text|><|start_header_id|>system<|end_header_id|>

Cutting Knowledge Date: December 2023
Today Date: 26 July 2024

<|eot_id|><|start_header_id|>user<|end_header_id|>

What was Francis Palgrave's role in the Public Record Office?<|eot_id|><|start_header_id|>assistant<|end_header_id|>

",Deputy Keeper,domain,Deputy Keeper,0.94921875,1.0,0.9999998807907104,1.056210497316932
1274,"Philip Stanhope, 5th Earl Stanhope","<|begin_of_text|><|start_header_id|>system<|end_header_id|>

Cutting Knowledge Date: December 2023
Today Date: 26 July 2024

<|eot_id|><|start_header_id|>user<|end_header_id|>

How many sons did Francis Palgrave have?<|eot_id|><|start_header_id|>assistant<|end_header_id|>

",Four,domain,Four,0.22265625,1.0,0.9999998211860657,4.4816890703380645
1275,"Philip Stanhope, 5th Earl Stanhope","<|begin_of_text|><|start_header_id|>system<|end_header_id|>

Cutting Knowledge Date: December 2023
Today Date: 26 July 2024

<|eot_id|><|start_header_id|>user<|end_header_id|>

Why did Francis Palgrave change his surname to 'Palgrave'?<|eot_id|><|start_header_id|>assistant<|end_header_id|>

","By royal licence, around the time of his marriage to Elizabeth Turner",domain,"By royal licence, as a condition of his appointment as deputy keeper of the Public Record Office",0.81640625,0.29411764705882354,0.5411914587020874,2.0121800775563137
1276,"Philip Stanhope, 5th Earl Stanhope","<|begin_of_text|><|start_header_id|>system<|end_header_id|>

Cutting Knowledge Date: December 2023
Today Date: 26 July 2024

<|eot_id|><|start_header_id|>user<|end_header_id|>

What was Thomas Babington Macaulay's role in determining India's education policy?<|eot_id|><|start_header_id|>assistant<|end_header_id|>

",He played a substantial role in introducing Western institutional education to India,domain,He played a significant role in determining India's education policy.,0.5234375,0.5454545454545454,0.8025709390640259,10.258688448076699
1277,"Philip Stanhope, 5th Earl Stanhope","<|begin_of_text|><|start_header_id|>system<|end_header_id|>

Cutting Knowledge Date: December 2023
Today Date: 26 July 2024

<|eot_id|><|start_header_id|>user<|end_header_id|>

When and whom did Robert Smith, 1st Baron Carrington, marry as his first wife?<|eot_id|><|start_header_id|>assistant<|end_header_id|>

",Anne Boldero-Barnard on 6 July 1780.,entity,Elizabeth Ryder on 8 July 1795,0.58203125,0.3333333333333333,0.5178780555725098,2.962215594511149
1278,"Philip Stanhope, 5th Earl Stanhope","<|begin_of_text|><|start_header_id|>system<|end_header_id|>

Cutting Knowledge Date: December 2023
Today Date: 26 July 2024

<|eot_id|><|start_header_id|>user<|end_header_id|>

Where did Thomas Babington Macaulay study law?<|eot_id|><|start_header_id|>assistant<|end_header_id|>

","Trinity College, Cambridge",domain,"Trinity College, Cambridge",1.0,1.0,0.9999998807907104,1.0011450642657445
1279,"Philip Stanhope, 5th Earl Stanhope","<|begin_of_text|><|start_header_id|>system<|end_header_id|>

Cutting Knowledge Date: December 2023
Today Date: 26 July 2024

<|eot_id|><|start_header_id|>user<|end_header_id|>

What was the role of the Secretary to the Board of Control?<|eot_id|><|start_header_id|>assistant<|end_header_id|>

","Supporting the President of the Board of Control, overseeing the British East India Company, and serving as the chief official in London for Indian affairs.",entity,The Secretary to the Board of Control was the chief clerk and also served as the principal assistant secretary in the office of the Under-Secretary of State for India.,0.73828125,0.4,0.6575084924697876,1.5979954499506333
1280,"Philip Stanhope, 5th Earl Stanhope","<|begin_of_text|><|start_header_id|>system<|end_header_id|>

Cutting Knowledge Date: December 2023
Today Date: 26 July 2024

<|eot_id|><|start_header_id|>user<|end_header_id|>

What is the main purpose of the Royal Literary Fund?<|eot_id|><|start_header_id|>assistant<|end_header_id|>

",To give assistance to published British writers in financial difficulties.,entity,To provide financial assistance to published British writers in need.,0.6875,0.7,0.9155728816986084,1.9502718049187666
1281,"Philip Stanhope, 5th Earl Stanhope","<|begin_of_text|><|start_header_id|>system<|end_header_id|>

Cutting Knowledge Date: December 2023
Today Date: 26 July 2024

<|eot_id|><|start_header_id|>user<|end_header_id|>

What was Robert Smith, 1st Baron Carrington's profession before he was raised to the peerage?<|eot_id|><|start_header_id|>assistant<|end_header_id|>

","He was a banker, slave owner, and politician.",entity,A British banker and diplomat,0.59765625,0.6,0.5428504347801208,2.848734897170399
1282,"Philip Stanhope, 5th Earl Stanhope","<|begin_of_text|><|start_header_id|>system<|end_header_id|>

Cutting Knowledge Date: December 2023
Today Date: 26 July 2024

<|eot_id|><|start_header_id|>user<|end_header_id|>

How long did Robert Smith serve in the House of Commons?<|eot_id|><|start_header_id|>assistant<|end_header_id|>

",From 1779 to 1797.,entity,From 1779 until his death in 1816.,0.84765625,0.2857142857142857,0.7230193614959717,1.232425741727597
1283,"Philip Stanhope, 5th Earl Stanhope","<|begin_of_text|><|start_header_id|>system<|end_header_id|>

Cutting Knowledge Date: December 2023
Today Date: 26 July 2024

<|eot_id|><|start_header_id|>user<|end_header_id|>

During which years did the post of Secretary to the Board of Control have Joint Secretaries?<|eot_id|><|start_header_id|>assistant<|end_header_id|>

",Part of 1834 and from 1835,entity,1786 to 1854,0.78515625,0.0,0.6452595591545105,2.2272803117009485
1284,"Philip Stanhope, 5th Earl Stanhope","<|begin_of_text|><|start_header_id|>system<|end_header_id|>

Cutting Knowledge Date: December 2023
Today Date: 26 July 2024

<|eot_id|><|start_header_id|>user<|end_header_id|>

When was Thomas Babington Macaulay born?<|eot_id|><|start_header_id|>assistant<|end_header_id|>

",25 October 1800,domain,25 October 1800,1.0,1.0,1.0,1.000560917753608
1285,"Philip Stanhope, 5th Earl Stanhope","<|begin_of_text|><|start_header_id|>system<|end_header_id|>

Cutting Knowledge Date: December 2023
Today Date: 26 July 2024

<|eot_id|><|start_header_id|>user<|end_header_id|>

Where was Thomas Babington Macaulay born?<|eot_id|><|start_header_id|>assistant<|end_header_id|>

",Rothley Temple in Leicestershire,domain,Rothley Temple in Leicestershire,0.92578125,1.0,0.9999998211860657,1.0950722167898266
1286,"Philip Stanhope, 5th Earl Stanhope","<|begin_of_text|><|start_header_id|>system<|end_header_id|>

Cutting Knowledge Date: December 2023
Today Date: 26 July 2024

<|eot_id|><|start_header_id|>user<|end_header_id|>

Who were Thomas Babington Macaulay's parents?<|eot_id|><|start_header_id|>assistant<|end_header_id|>

",Zachary Macaulay and Selina Mills of Bristol,domain,Zachary Macaulay and Selina Mills,0.890625,1.0,0.9121683835983276,1.5277989807665782
1287,"Philip Stanhope, 5th Earl Stanhope","<|begin_of_text|><|start_header_id|>system<|end_header_id|>

Cutting Knowledge Date: December 2023
Today Date: 26 July 2024

<|eot_id|><|start_header_id|>user<|end_header_id|>

How old was Henry Hallam when he died?<|eot_id|><|start_header_id|>assistant<|end_header_id|>

",81,domain,81,0.5078125,1.0,0.9999999403953552,1.9732609918098354
1288,"Philip Stanhope, 5th Earl Stanhope","<|begin_of_text|><|start_header_id|>system<|end_header_id|>

Cutting Knowledge Date: December 2023
Today Date: 26 July 2024

<|eot_id|><|start_header_id|>user<|end_header_id|>

What was Thomas Babington Macaulay's first published work?<|eot_id|><|start_header_id|>assistant<|end_header_id|>

",An essay on Milton in the Edinburgh Review in 1825,domain,An essay on Milton in the Edinburgh Review in 1825,0.90625,1.0,0.9999998807907104,1.1155806146424807
1289,"Philip Stanhope, 5th Earl Stanhope","<|begin_of_text|><|start_header_id|>system<|end_header_id|>

Cutting Knowledge Date: December 2023
Today Date: 26 July 2024

<|eot_id|><|start_header_id|>user<|end_header_id|>

Who was the first Secretary to the Board of Control?<|eot_id|><|start_header_id|>assistant<|end_header_id|>

",Charles William Rouse-Boughton,entity,Charles William Rouse-Boughton,0.8984375,1.0,1.0,1.121588623054053
1290,"Philip Stanhope, 5th Earl Stanhope","<|begin_of_text|><|start_header_id|>system<|end_header_id|>

Cutting Knowledge Date: December 2023
Today Date: 26 July 2024

<|eot_id|><|start_header_id|>user<|end_header_id|>

Who was Lord Acton's father?<|eot_id|><|start_header_id|>assistant<|end_header_id|>

","Sir Ferdinand Dalberg-Acton, 7th Baronet",domain,"Sir Ferdinand Dalberg-Acton, 7th Baronet",0.97265625,1.0,1.0,1.0311138734363292
1291,"Philip Stanhope, 5th Earl Stanhope","<|begin_of_text|><|start_header_id|>system<|end_header_id|>

Cutting Knowledge Date: December 2023
Today Date: 26 July 2024

<|eot_id|><|start_header_id|>user<|end_header_id|>

What year was the Royal Literary Fund granted a royal charter?<|eot_id|><|start_header_id|>assistant<|end_header_id|>

",1818,entity,1818,0.94921875,1.0,1.0,1.0549219644802348
1292,"Philip Stanhope, 5th Earl Stanhope","<|begin_of_text|><|start_header_id|>system<|end_header_id|>

Cutting Knowledge Date: December 2023
Today Date: 26 July 2024

<|eot_id|><|start_header_id|>user<|end_header_id|>

Who held the position of Secretary to the Board of Control just before it was abolished?<|eot_id|><|start_header_id|>assistant<|end_header_id|>

",Henry Baillie,entity,Henry Baillie,0.91015625,1.0,1.0,1.1112313779996905
1293,"Philip Stanhope, 5th Earl Stanhope","<|begin_of_text|><|start_header_id|>system<|end_header_id|>

Cutting Knowledge Date: December 2023
Today Date: 26 July 2024

<|eot_id|><|start_header_id|>user<|end_header_id|>

When was the position of Secretary to the Board of Control abolished?<|eot_id|><|start_header_id|>assistant<|end_header_id|>

",1858,entity,1858,0.98046875,1.0,0.9999998807907104,1.01922544251975
1294,"Philip Stanhope, 5th Earl Stanhope","<|begin_of_text|><|start_header_id|>system<|end_header_id|>

Cutting Knowledge Date: December 2023
Today Date: 26 July 2024

<|eot_id|><|start_header_id|>user<|end_header_id|>

Can you name some of the established writers the Royal Literary Fund has helped?<|eot_id|><|start_header_id|>assistant<|end_header_id|>

","Samuel Taylor Coleridge, James Joyce, and Joseph Conrad among others.",entity,"Ann Jungman, Kingsley Amis, Anthony Burgess, Tom Stoppard, and Zadie Smith among others.",0.69921875,0.23076923076923078,0.4114677309989929,1.9125501335578454
1295,"Philip Stanhope, 5th Earl Stanhope","<|begin_of_text|><|start_header_id|>system<|end_header_id|>

Cutting Knowledge Date: December 2023
Today Date: 26 July 2024

<|eot_id|><|start_header_id|>user<|end_header_id|>

How does the Royal Literary Fund generate its current funds?<|eot_id|><|start_header_id|>assistant<|end_header_id|>

","Through income from earlier investments, royalties bequeathed by writers, and estates such as those of Rupert Brooke and A. A. Milne.",entity,By investing the original capital.,0.53125,0.2,0.38927510380744934,13.59055410055989
1296,"Philip Stanhope, 5th Earl Stanhope","<|begin_of_text|><|start_header_id|>system<|end_header_id|>

Cutting Knowledge Date: December 2023
Today Date: 26 July 2024

<|eot_id|><|start_header_id|>user<|end_header_id|>

Who were Robert Smith, 1st Baron Carrington's parents?<|eot_id|><|start_header_id|>assistant<|end_header_id|>

","Abel Smith (1717–1788) and Mary (née Bird, 1724–1780).",entity,Philip Smith and Elizabeth Smith (née Turner),0.80078125,0.5,0.5004429817199707,1.6812393840022961
1297,"Philip Stanhope, 5th Earl Stanhope","<|begin_of_text|><|start_header_id|>system<|end_header_id|>

Cutting Knowledge Date: December 2023
Today Date: 26 July 2024

<|eot_id|><|start_header_id|>user<|end_header_id|>

What position succeeded the Secretary to the Board of Control after its abolition?<|eot_id|><|start_header_id|>assistant<|end_header_id|>

",Under-Secretary of State for India,entity,Under-Secretary of State for India,0.9921875,1.0,1.0000001192092896,1.009320511694879
1298,"Philip Stanhope, 5th Earl Stanhope","<|begin_of_text|><|start_header_id|>system<|end_header_id|>

Cutting Knowledge Date: December 2023
Today Date: 26 July 2024

<|eot_id|><|start_header_id|>user<|end_header_id|>

When was the Royal Literary Fund founded?<|eot_id|><|start_header_id|>assistant<|end_header_id|>

",1790,entity,1790,0.953125,1.0,1.0,1.0502962483124219
1299,"Philip Stanhope, 5th Earl Stanhope","<|begin_of_text|><|start_header_id|>system<|end_header_id|>

Cutting Knowledge Date: December 2023
Today Date: 26 July 2024

<|eot_id|><|start_header_id|>user<|end_header_id|>

Who was Lord Acton's mother?<|eot_id|><|start_header_id|>assistant<|end_header_id|>

","Marie Louise Pelline, the only daughter of Emmerich Joseph, 1st Duc de Dalberg",domain,"Marie Louise Pelline, a member of the Pelline family of the Marche",0.7578125,0.4166666666666667,0.7316151857376099,2.0518667734879767
1300,"Philip Stanhope, 5th Earl Stanhope","<|begin_of_text|><|start_header_id|>system<|end_header_id|>

Cutting Knowledge Date: December 2023
Today Date: 26 July 2024

<|eot_id|><|start_header_id|>user<|end_header_id|>

What significant event inspired the founding of the Royal Literary Fund?<|eot_id|><|start_header_id|>assistant<|end_header_id|>

","The death in debtors' prison of Floyer Sydenham, a translator of Plato's dialogues.",entity,"The death of Fanny Burney's husband in debt, leaving her penniless.",0.734375,0.3333333333333333,0.3700083792209625,1.8755580653664274
1301,"Philip Stanhope, 5th Earl Stanhope","<|begin_of_text|><|start_header_id|>system<|end_header_id|>

Cutting Knowledge Date: December 2023
Today Date: 26 July 2024

<|eot_id|><|start_header_id|>user<|end_header_id|>

Who appointed Lord Acton to the Regius Professorship of Modern History?<|eot_id|><|start_header_id|>assistant<|end_header_id|>

",Lord Rosebery,domain,Lord Rosebery,1.0,1.0,1.0,1.001358954769894
1302,"Philip Stanhope, 5th Earl Stanhope","<|begin_of_text|><|start_header_id|>system<|end_header_id|>

Cutting Knowledge Date: December 2023
Today Date: 26 July 2024

<|eot_id|><|start_header_id|>user<|end_header_id|>

What award did Henry Hallam receive in 1830?<|eot_id|><|start_header_id|>assistant<|end_header_id|>

",The gold medal for history founded by George IV,domain,The gold medal for history founded by George IV,0.97265625,1.0,0.9999998807907104,1.0279719602350172
1303,"Philip Stanhope, 5th Earl Stanhope","<|begin_of_text|><|start_header_id|>system<|end_header_id|>

Cutting Knowledge Date: December 2023
Today Date: 26 July 2024

<|eot_id|><|start_header_id|>user<|end_header_id|>

What was the title of Henry Hallam's work published in 1827?<|eot_id|><|start_header_id|>assistant<|end_header_id|>

",The Constitutional History of England,domain,The Constitutional History of England,0.98828125,1.0,1.0,1.0134564329114326
1304,"Philip Stanhope, 5th Earl Stanhope","<|begin_of_text|><|start_header_id|>system<|end_header_id|>

Cutting Knowledge Date: December 2023
Today Date: 26 July 2024

<|eot_id|><|start_header_id|>user<|end_header_id|>

What was the title of Henry Hallam's first major work, published in 1818?<|eot_id|><|start_header_id|>assistant<|end_header_id|>

",View of the State of Europe during the Middle Ages,domain,View of the State of Europe during the Middle Ages,0.9921875,1.0,1.0,1.0070130021197183
1305,"Philip Stanhope, 5th Earl Stanhope","<|begin_of_text|><|start_header_id|>system<|end_header_id|>

Cutting Knowledge Date: December 2023
Today Date: 26 July 2024

<|eot_id|><|start_header_id|>user<|end_header_id|>

What was Henry Hallam's profession before turning to history?<|eot_id|><|start_header_id|>assistant<|end_header_id|>

",Barrister on the Oxford circuit,domain,Barrister and Member of Parliament,0.796875,0.2,0.744714081287384,2.718281828459045
1306,"Philip Stanhope, 5th Earl Stanhope","<|begin_of_text|><|start_header_id|>system<|end_header_id|>

Cutting Knowledge Date: December 2023
Today Date: 26 July 2024

<|eot_id|><|start_header_id|>user<|end_header_id|>

What degree did Henry Hallam graduate with in 1799?<|eot_id|><|start_header_id|>assistant<|end_header_id|>

","Not specified, but he was called to the Bar",domain,"Not specified, but he was called to the Bar",0.82421875,1.0,1.0000001192092896,1.27154713425964
1307,"Philip Stanhope, 5th Earl Stanhope","<|begin_of_text|><|start_header_id|>system<|end_header_id|>

Cutting Knowledge Date: December 2023
Today Date: 26 July 2024

<|eot_id|><|start_header_id|>user<|end_header_id|>

Where did Henry Hallam study?<|eot_id|><|start_header_id|>assistant<|end_header_id|>

","Eton and Christ Church, Oxford",domain,"Eton and Christ Church, Oxford",0.98046875,1.0,1.000000238418579,1.020844149742271
1308,"Philip Stanhope, 5th Earl Stanhope","<|begin_of_text|><|start_header_id|>system<|end_header_id|>

Cutting Knowledge Date: December 2023
Today Date: 26 July 2024

<|eot_id|><|start_header_id|>user<|end_header_id|>

Who was Henry Hallam's father?<|eot_id|><|start_header_id|>assistant<|end_header_id|>

","Rev John Hallam, canon of Windsor and dean of Bristol",domain,Rev William Pitman Hallam,0.81640625,0.5,0.5159110426902771,1.4578359717084006
1309,"Philip Stanhope, 5th Earl Stanhope","<|begin_of_text|><|start_header_id|>system<|end_header_id|>

Cutting Knowledge Date: December 2023
Today Date: 26 July 2024

<|eot_id|><|start_header_id|>user<|end_header_id|>

Who was one of Francis Palgrave's sponsors for the Fellowship of the Royal Society?<|eot_id|><|start_header_id|>assistant<|end_header_id|>

",Dawson Turner,domain,Dawson Turner,0.921875,1.0,0.9999998807907104,1.0918686923587797
1310,"Philip Stanhope, 5th Earl Stanhope","<|begin_of_text|><|start_header_id|>system<|end_header_id|>

Cutting Knowledge Date: December 2023
Today Date: 26 July 2024

<|eot_id|><|start_header_id|>user<|end_header_id|>

What was Thomas Babington Macaulay's view on non-European cultures and philosophies?<|eot_id|><|start_header_id|>assistant<|end_header_id|>

","He held explicitly racist views, considering them inferior to Western culture",domain,He believed they were inferior to Western culture,0.56640625,0.625,0.6734923124313354,3.8333918047584103
1311,"Philip Stanhope, 5th Earl Stanhope","<|begin_of_text|><|start_header_id|>system<|end_header_id|>

Cutting Knowledge Date: December 2023
Today Date: 26 July 2024

<|eot_id|><|start_header_id|>user<|end_header_id|>

When did Henry Hallam die?<|eot_id|><|start_header_id|>assistant<|end_header_id|>

",21 January 1859,domain,21 January 1859,1.0,1.0,1.0000001192092896,1.0000405319798458
1312,"Philip Stanhope, 5th Earl Stanhope","<|begin_of_text|><|start_header_id|>system<|end_header_id|>

Cutting Knowledge Date: December 2023
Today Date: 26 July 2024

<|eot_id|><|start_header_id|>user<|end_header_id|>

When did Francis Palgrave convert to Anglican Christianity?<|eot_id|><|start_header_id|>assistant<|end_header_id|>

",Before his marriage to Elizabeth Turner in 1823,domain,By the time of his marriage in 1821,0.76171875,0.375,0.6796176433563232,1.8037065642281471
1313,"Philip Stanhope, 5th Earl Stanhope","<|begin_of_text|><|start_header_id|>system<|end_header_id|>

Cutting Knowledge Date: December 2023
Today Date: 26 July 2024

<|eot_id|><|start_header_id|>user<|end_header_id|>

What was the name of Francis Palgrave's wife?<|eot_id|><|start_header_id|>assistant<|end_header_id|>

",Elizabeth Turner,domain,Martha Hind,0.53125,0.0,0.4414673447608948,3.744591379244545
1314,"Philip Stanhope, 5th Earl Stanhope","<|begin_of_text|><|start_header_id|>system<|end_header_id|>

Cutting Knowledge Date: December 2023
Today Date: 26 July 2024

<|eot_id|><|start_header_id|>user<|end_header_id|>

When was Robert Smith, 1st Baron Carrington, born?<|eot_id|><|start_header_id|>assistant<|end_header_id|>

",22 January 1752,entity,22 April 1752,0.8203125,0.6666666666666666,0.9470154047012329,1.5518583138947257
1315,"Philip Stanhope, 5th Earl Stanhope","<|begin_of_text|><|start_header_id|>system<|end_header_id|>

Cutting Knowledge Date: December 2023
Today Date: 26 July 2024

<|eot_id|><|start_header_id|>user<|end_header_id|>

What was the title of Henry Hallam's work published in 1837?<|eot_id|><|start_header_id|>assistant<|end_header_id|>

","Introduction to the Literature of Europe, in the Fifteenth, Sixteenth and Seventeenth Centuries",domain,"Introduction to the Literature of Europe, in the Fifteenth, Sixteenth and Seventeenth Centuries",0.9921875,1.0,1.0,1.0067364557176401
1316,"Philip Stanhope, 5th Earl Stanhope","<|begin_of_text|><|start_header_id|>system<|end_header_id|>

Cutting Knowledge Date: December 2023
Today Date: 26 July 2024

<|eot_id|><|start_header_id|>user<|end_header_id|>

When did Lord Acton die?<|eot_id|><|start_header_id|>assistant<|end_header_id|>

",19 June 1902,domain,19 June 1902,0.96875,1.0,1.0,1.0352759077726867
1317,"Philip Stanhope, 5th Earl Stanhope","<|begin_of_text|><|start_header_id|>system<|end_header_id|>

Cutting Knowledge Date: December 2023
Today Date: 26 July 2024

<|eot_id|><|start_header_id|>user<|end_header_id|>

Where did Lord Acton die?<|eot_id|><|start_header_id|>assistant<|end_header_id|>

","Tegernsee, Bavaria, Germany",domain,"Tegernsee, Bavaria",0.81640625,1.0,0.9710894823074341,1.3456470830494105
1318,"Philip Stanhope, 5th Earl Stanhope","<|begin_of_text|><|start_header_id|>system<|end_header_id|>

Cutting Knowledge Date: December 2023
Today Date: 26 July 2024

<|eot_id|><|start_header_id|>user<|end_header_id|>

What was the name of the university that Lord Acton was appointed to as Regius Professor of Modern History?<|eot_id|><|start_header_id|>assistant<|end_header_id|>

",University of Cambridge,domain,University of Cambridge,0.99609375,1.0,1.0,1.0053241819424217
1319,"Philip Stanhope, 5th Earl Stanhope","<|begin_of_text|><|start_header_id|>system<|end_header_id|>

Cutting Knowledge Date: December 2023
Today Date: 26 July 2024

<|eot_id|><|start_header_id|>user<|end_header_id|>

Who was Lord Acton's mentor at the Ludwig Maximilian University of Munich?<|eot_id|><|start_header_id|>assistant<|end_header_id|>

",Johann Joseph Ignaz von Döllinger,domain,Johann Joseph Ignaz von Döllinger,0.9765625,1.0,0.9999998807907104,1.026341950760014
1320,"Philip Stanhope, 5th Earl Stanhope","<|begin_of_text|><|start_header_id|>system<|end_header_id|>

Cutting Knowledge Date: December 2023
Today Date: 26 July 2024

<|eot_id|><|start_header_id|>user<|end_header_id|>

What was Lord Acton's occupation?<|eot_id|><|start_header_id|>assistant<|end_header_id|>

","Historian, politician, and writer",domain,"Historian, politician, and writer",0.94140625,1.0,0.9999999403953552,1.0691827068641655
1321,"Philip Stanhope, 5th Earl Stanhope","<|begin_of_text|><|start_header_id|>system<|end_header_id|>

Cutting Knowledge Date: December 2023
Today Date: 26 July 2024

<|eot_id|><|start_header_id|>user<|end_header_id|>

What was the name of Thomas Babington Macaulay's famous historical work?<|eot_id|><|start_header_id|>assistant<|end_header_id|>

",The History of England from the Accession of James the Second,domain,The History of England from the Accession of James the Second,0.99609375,1.0,1.0,1.0042816009108217
1322,"Philip Stanhope, 5th Earl Stanhope","<|begin_of_text|><|start_header_id|>system<|end_header_id|>

Cutting Knowledge Date: December 2023
Today Date: 26 July 2024

<|eot_id|><|start_header_id|>user<|end_header_id|>

What was Lord Acton's stance on the American Civil War?<|eot_id|><|start_header_id|>assistant<|end_header_id|>

",He sympathized with the Confederacy,domain,He supported the Union and saw the Confederacy as a tyranny,0.7734375,0.2727272727272727,0.7343754172325134,1.4894955416781699
1323,"Philip Stanhope, 5th Earl Stanhope","<|begin_of_text|><|start_header_id|>system<|end_header_id|>

Cutting Knowledge Date: December 2023
Today Date: 26 July 2024

<|eot_id|><|start_header_id|>user<|end_header_id|>

Why did Lord Acton sympathize with the Confederacy?<|eot_id|><|start_header_id|>assistant<|end_header_id|>

",He believed in the importance of states' rights and was concerned about the power of a centralized government,domain,He believed in states' rights and thought the North was attempting to impose its will on the South.,0.7734375,0.4444444444444444,0.546727180480957,1.3535548786722702
1324,"Philip Stanhope, 5th Earl Stanhope","<|begin_of_text|><|start_header_id|>system<|end_header_id|>

Cutting Knowledge Date: December 2023
Today Date: 26 July 2024

<|eot_id|><|start_header_id|>user<|end_header_id|>

What was Lord Acton's most famous quote?<|eot_id|><|start_header_id|>assistant<|end_header_id|>

","Power tends to corrupt, and absolute power corrupts absolutely",domain,"Power tends to corrupt, and absolute power corrupts absolutely",0.99609375,1.0,1.0000001192092896,1.0022455594928115
1325,"Philip Stanhope, 5th Earl Stanhope","<|begin_of_text|><|start_header_id|>system<|end_header_id|>

Cutting Knowledge Date: December 2023
Today Date: 26 July 2024

<|eot_id|><|start_header_id|>user<|end_header_id|>

Who was instrumental in Lord Acton's elevation to the peerage?<|eot_id|><|start_header_id|>assistant<|end_header_id|>

",Prime Minister William Ewart Gladstone,domain,Prime Minister William Ewart Gladstone,0.96484375,1.0,1.0,1.03882050267958
1326,"Philip Stanhope, 5th Earl Stanhope","<|begin_of_text|><|start_header_id|>system<|end_header_id|>

Cutting Knowledge Date: December 2023
Today Date: 26 July 2024

<|eot_id|><|start_header_id|>user<|end_header_id|>

What was the name of the monthly paper that Lord Acton edited?<|eot_id|><|start_header_id|>assistant<|end_header_id|>

",The Rambler,domain,The Rambler,1.0,1.0,0.9999999403953552,1.000778501117
1327,"Philip Stanhope, 5th Earl Stanhope","<|begin_of_text|><|start_header_id|>system<|end_header_id|>

Cutting Knowledge Date: December 2023
Today Date: 26 July 2024

<|eot_id|><|start_header_id|>user<|end_header_id|>

What was the name of the periodical that Lord Acton merged The Rambler into?<|eot_id|><|start_header_id|>assistant<|end_header_id|>

",The Home and Foreign Review,domain,The Home and Foreign Review,0.98828125,1.0,1.0,1.0102449953524026
1328,"Philip Stanhope, 5th Earl Stanhope","<|begin_of_text|><|start_header_id|>system<|end_header_id|>

Cutting Knowledge Date: December 2023
Today Date: 26 July 2024

<|eot_id|><|start_header_id|>user<|end_header_id|>

What honor was bestowed upon Lord Acton in 1869?<|eot_id|><|start_header_id|>assistant<|end_header_id|>

",He was raised to the peerage as Baron Acton,domain,He was raised to the peerage as Baron Acton,0.96484375,1.0,1.0,1.0378065247194417
1329,"Philip Stanhope, 5th Earl Stanhope","<|begin_of_text|><|start_header_id|>system<|end_header_id|>

Cutting Knowledge Date: December 2023
Today Date: 26 July 2024

<|eot_id|><|start_header_id|>user<|end_header_id|>

Where did Lord Acton study?<|eot_id|><|start_header_id|>assistant<|end_header_id|>

","Oscott College, Edinburgh, and Ludwig Maximilian University of Munich",domain,"Oscott College, Edinburgh, and Ludwig Maximilian University of Munich",0.8671875,1.0,0.9999998807907104,1.1968432911476248
1330,Prince (musician),"<|begin_of_text|><|start_header_id|>system<|end_header_id|>

Cutting Knowledge Date: December 2023
Today Date: 26 July 2024

<|eot_id|><|start_header_id|>user<|end_header_id|>

What was Prince's original name?<|eot_id|><|start_header_id|>assistant<|end_header_id|>

",Prince Rogers Nelson,general,Prince Rogers Nelson,0.99609375,1.0,0.9999998807907104,1.0056310293538733
1331,Prince (musician),"<|begin_of_text|><|start_header_id|>system<|end_header_id|>

Cutting Knowledge Date: December 2023
Today Date: 26 July 2024

<|eot_id|><|start_header_id|>user<|end_header_id|>

When was Prince Rogers Nelson born?<|eot_id|><|start_header_id|>assistant<|end_header_id|>

","June 7, 1958",general,"June 7, 1958",1.0,1.0,1.0,1.0009159465668356
1332,Prince (musician),"<|begin_of_text|><|start_header_id|>system<|end_header_id|>

Cutting Knowledge Date: December 2023
Today Date: 26 July 2024

<|eot_id|><|start_header_id|>user<|end_header_id|>

How many albums did Prince release during his lifetime?<|eot_id|><|start_header_id|>assistant<|end_header_id|>

",39,general,39,0.92578125,1.0,1.0,1.0786212376586528
1333,Prince (musician),"<|begin_of_text|><|start_header_id|>system<|end_header_id|>

Cutting Knowledge Date: December 2023
Today Date: 26 July 2024

<|eot_id|><|start_header_id|>user<|end_header_id|>

What instruments was Prince known for his skill in playing?<|eot_id|><|start_header_id|>assistant<|end_header_id|>

",Multi-instrumentalist,general,Multi-instrumentalist,0.921875,1.0,1.0000001192092896,1.0924019615507992
1334,Prince (musician),"<|begin_of_text|><|start_header_id|>system<|end_header_id|>

Cutting Knowledge Date: December 2023
Today Date: 26 July 2024

<|eot_id|><|start_header_id|>user<|end_header_id|>

In what year was Prince inducted into the Rock and Roll Hall of Fame?<|eot_id|><|start_header_id|>assistant<|end_header_id|>

",2004,general,2004,1.0,1.0,1.0,1.0001430613797642
1335,"Princess Margaret, Countess of Snowdon","<|begin_of_text|><|start_header_id|>system<|end_header_id|>

Cutting Knowledge Date: December 2023
Today Date: 26 July 2024

<|eot_id|><|start_header_id|>user<|end_header_id|>

Who did Princess Margaret fall in love with in the early 1950s?<|eot_id|><|start_header_id|>assistant<|end_header_id|>

",Peter Townsend,general,Peter Townsend,0.984375,1.0,1.0,1.0131471977406983
1336,"Princess Margaret, Countess of Snowdon","<|begin_of_text|><|start_header_id|>system<|end_header_id|>

Cutting Knowledge Date: December 2023
Today Date: 26 July 2024

<|eot_id|><|start_header_id|>user<|end_header_id|>

Who did Princess Margaret marry in 1960?<|eot_id|><|start_header_id|>assistant<|end_header_id|>

",Antony Armstrong-Jones,general,Antony Armstrong-Jones,0.97265625,1.0,0.9999998807907104,1.029478881969126
1337,"Princess Margaret, Countess of Snowdon","<|begin_of_text|><|start_header_id|>system<|end_header_id|>

Cutting Knowledge Date: December 2023
Today Date: 26 July 2024

<|eot_id|><|start_header_id|>user<|end_header_id|>

What is the full name of Princess Margaret?<|eot_id|><|start_header_id|>assistant<|end_header_id|>

",Margaret Rose,general,Margaret Rose,0.984375,1.0,0.9999998807907104,1.017982029910218
1338,"Princess Margaret, Countess of Snowdon","<|begin_of_text|><|start_header_id|>system<|end_header_id|>

Cutting Knowledge Date: December 2023
Today Date: 26 July 2024

<|eot_id|><|start_header_id|>user<|end_header_id|>

When did Princess Margaret and Antony Armstrong-Jones divorce?<|eot_id|><|start_header_id|>assistant<|end_header_id|>

",1978,general,1978,1.0,1.0,1.0000001192092896,1.0000858343720356
1339,"Princess Margaret, Countess of Snowdon","<|begin_of_text|><|start_header_id|>system<|end_header_id|>

Cutting Knowledge Date: December 2023
Today Date: 26 July 2024

<|eot_id|><|start_header_id|>user<|end_header_id|>

Who were Princess Margaret's parents?<|eot_id|><|start_header_id|>assistant<|end_header_id|>

",King George VI and Queen Elizabeth The Queen Mother,general,King George VI and Queen Elizabeth The Queen Mother,0.99609375,1.0,1.0,1.0019550335910028
1340,Robin Williams,"<|begin_of_text|><|start_header_id|>system<|end_header_id|>

Cutting Knowledge Date: December 2023
Today Date: 26 July 2024

<|eot_id|><|start_header_id|>user<|end_header_id|>

When was Robin Williams born?<|eot_id|><|start_header_id|>assistant<|end_header_id|>

","July 21, 1951",general,"July 21, 1951",1.0,1.0,1.0000001192092896,1.0000281337880816
1341,Robin Williams,"<|begin_of_text|><|start_header_id|>system<|end_header_id|>

Cutting Knowledge Date: December 2023
Today Date: 26 July 2024

<|eot_id|><|start_header_id|>user<|end_header_id|>

What was Robin Williams' full name?<|eot_id|><|start_header_id|>assistant<|end_header_id|>

",Robin McLaurin Williams,general,Robin McLaurin Williams,0.9765625,1.0,1.0,1.0255905106832142
1342,Robin Williams,"<|begin_of_text|><|start_header_id|>system<|end_header_id|>

Cutting Knowledge Date: December 2023
Today Date: 26 July 2024

<|eot_id|><|start_header_id|>user<|end_header_id|>

In which sitcom did Robin Williams play an alien named Mork?<|eot_id|><|start_header_id|>assistant<|end_header_id|>

",Mork & Mindy,general,Mork & Mindy,1.0,1.0,0.9999998807907104,1.0001335233177417
1343,Robin Williams,"<|begin_of_text|><|start_header_id|>system<|end_header_id|>

Cutting Knowledge Date: December 2023
Today Date: 26 July 2024

<|eot_id|><|start_header_id|>user<|end_header_id|>

When did Robin Williams pass away?<|eot_id|><|start_header_id|>assistant<|end_header_id|>

","August 11, 2014",general,"August 11, 2014",1.0,1.0,1.0000001192092896,1.0003510137393476
1344,Robin Williams,"<|begin_of_text|><|start_header_id|>system<|end_header_id|>

Cutting Knowledge Date: December 2023
Today Date: 26 July 2024

<|eot_id|><|start_header_id|>user<|end_header_id|>

For what skill was Robin Williams known?<|eot_id|><|start_header_id|>assistant<|end_header_id|>

",Improvisational skills,general,Improvisational skills,0.8203125,1.0,1.000000238418579,1.245736053060489
1345,Roger Federer,"<|begin_of_text|><|start_header_id|>system<|end_header_id|>

Cutting Knowledge Date: December 2023
Today Date: 26 July 2024

<|eot_id|><|start_header_id|>user<|end_header_id|>

How many weeks was Roger Federer ranked world No. 1 in singles?<|eot_id|><|start_header_id|>assistant<|end_header_id|>

",310 weeks,general,310 weeks,0.9375,1.0,1.0000001192092896,1.06970489621001
1346,Roger Federer,"<|begin_of_text|><|start_header_id|>system<|end_header_id|>

Cutting Knowledge Date: December 2023
Today Date: 26 July 2024

<|eot_id|><|start_header_id|>user<|end_header_id|>

How many Grand Slam singles titles has Roger Federer won?<|eot_id|><|start_header_id|>assistant<|end_header_id|>

",20,general,20,0.94140625,1.0,0.9999998807907104,1.0618987653533076
1347,Roger Federer,"<|begin_of_text|><|start_header_id|>system<|end_header_id|>

Cutting Knowledge Date: December 2023
Today Date: 26 July 2024

<|eot_id|><|start_header_id|>user<|end_header_id|>

In which year did Roger Federer win his first major singles title?<|eot_id|><|start_header_id|>assistant<|end_header_id|>

",2003,general,2003,1.0,1.0,1.0,1.0000257495380567
1348,Roger Federer,"<|begin_of_text|><|start_header_id|>system<|end_header_id|>

Cutting Knowledge Date: December 2023
Today Date: 26 July 2024

<|eot_id|><|start_header_id|>user<|end_header_id|>

What is Roger Federer's nationality?<|eot_id|><|start_header_id|>assistant<|end_header_id|>

",Swiss,general,Swiss,1.0,1.0,1.000000238418579,1.0004788591232774
1349,Roger Federer,"<|begin_of_text|><|start_header_id|>system<|end_header_id|>

Cutting Knowledge Date: December 2023
Today Date: 26 July 2024

<|eot_id|><|start_header_id|>user<|end_header_id|>

Who was Roger Federer's main rival until 2010?<|eot_id|><|start_header_id|>assistant<|end_header_id|>

",Rafael Nadal,general,Rafael Nadal,1.0,1.0,1.0000001192092896,1.000950310878655
1350,Ronald Reagan,"<|begin_of_text|><|start_header_id|>system<|end_header_id|>

Cutting Knowledge Date: December 2023
Today Date: 26 July 2024

<|eot_id|><|start_header_id|>user<|end_header_id|>

When was Ronald Reagan born?<|eot_id|><|start_header_id|>assistant<|end_header_id|>

","February 6, 1911",general,"February 6, 1911",1.0,1.0,1.0,1.000024915051891
1351,Ronald Reagan,"<|begin_of_text|><|start_header_id|>system<|end_header_id|>

Cutting Knowledge Date: December 2023
Today Date: 26 July 2024

<|eot_id|><|start_header_id|>user<|end_header_id|>

Which college did Ronald Reagan graduate from?<|eot_id|><|start_header_id|>assistant<|end_header_id|>

",Eureka College,general,Eureka College,1.0,1.0,0.9999997615814209,1.000113970574963
1352,Ronald Reagan,"<|begin_of_text|><|start_header_id|>system<|end_header_id|>

Cutting Knowledge Date: December 2023
Today Date: 26 July 2024

<|eot_id|><|start_header_id|>user<|end_header_id|>

In what year did Ronald Reagan win the presidency over Jimmy Carter?<|eot_id|><|start_header_id|>assistant<|end_header_id|>

",1980,general,1980,1.0,1.0,1.0,1.0000412472648297
1353,Ronald Reagan,"<|begin_of_text|><|start_header_id|>system<|end_header_id|>

Cutting Knowledge Date: December 2023
Today Date: 26 July 2024

<|eot_id|><|start_header_id|>user<|end_header_id|>

Which disease hindered Ronald Reagan post-presidency?<|eot_id|><|start_header_id|>assistant<|end_header_id|>

",Alzheimer's disease,general,Alzheimer's disease,1.0,1.0,0.9999998211860657,1.0015194026360117
1354,Ronald Reagan,"<|begin_of_text|><|start_header_id|>system<|end_header_id|>

Cutting Knowledge Date: December 2023
Today Date: 26 July 2024

<|eot_id|><|start_header_id|>user<|end_header_id|>

Who was Ronald Reagan's vice president who he defeated in the 1984 presidential election?<|eot_id|><|start_header_id|>assistant<|end_header_id|>

",Walter Mondale,general,Walter Mondale,1.0,1.0,1.0,1.0022149738523514
1355,Rudolf Christoph Eucken,"<|begin_of_text|><|start_header_id|>system<|end_header_id|>

Cutting Knowledge Date: December 2023
Today Date: 26 July 2024

<|eot_id|><|start_header_id|>user<|end_header_id|>

What was the name of the German philosopher who argued that Heidegger's support for Nazism revealed flaws inherent in his thought?<|eot_id|><|start_header_id|>assistant<|end_header_id|>

",Theodor Adorno,domain,Theodor Adorno,0.984375,1.0,0.9999999403953552,1.017982029910218
1356,Rudolf Christoph Eucken,"<|begin_of_text|><|start_header_id|>system<|end_header_id|>

Cutting Knowledge Date: December 2023
Today Date: 26 July 2024

<|eot_id|><|start_header_id|>user<|end_header_id|>

What was Heidegger's father's occupation?<|eot_id|><|start_header_id|>assistant<|end_header_id|>

",Sexton of the village church,domain,Sexton of the village church,0.875,1.0,0.9999999403953552,1.2216413366842986
1357,Rudolf Christoph Eucken,"<|begin_of_text|><|start_header_id|>system<|end_header_id|>

Cutting Knowledge Date: December 2023
Today Date: 26 July 2024

<|eot_id|><|start_header_id|>user<|end_header_id|>

What was Schopenhauer's view on the role of the intellect in human life?<|eot_id|><|start_header_id|>assistant<|end_header_id|>

",The intellect is secondary to the will and serves the will,domain,"The intellect is a means to an end, and its ultimate goal is the will",0.6875,0.4666666666666667,0.7756050229072571,1.8755580653664274
1358,Rudolf Christoph Eucken,"<|begin_of_text|><|start_header_id|>system<|end_header_id|>

Cutting Knowledge Date: December 2023
Today Date: 26 July 2024

<|eot_id|><|start_header_id|>user<|end_header_id|>

What was the name of the term that Heidegger used to describe the mode of being of entities that are understood only in being handled?<|eot_id|><|start_header_id|>assistant<|end_header_id|>

",Ready-to-hand,domain,Ready-to-hand,0.91015625,1.0,1.0000001192092896,1.1128603511428379
1359,Rudolf Christoph Eucken,"<|begin_of_text|><|start_header_id|>system<|end_header_id|>

Cutting Knowledge Date: December 2023
Today Date: 26 July 2024

<|eot_id|><|start_header_id|>user<|end_header_id|>

What was the name of the concept that Heidegger introduced to denote a 'living being' through its activity of 'being there'?<|eot_id|><|start_header_id|>assistant<|end_header_id|>

",Dasein,domain,Dasein,1.0,1.0,1.0,1.000014245611569
1360,Rudolf Christoph Eucken,"<|begin_of_text|><|start_header_id|>system<|end_header_id|>

Cutting Knowledge Date: December 2023
Today Date: 26 July 2024

<|eot_id|><|start_header_id|>user<|end_header_id|>

What was the occupation of Karl Jaspers' mother's family?<|eot_id|><|start_header_id|>assistant<|end_header_id|>

",Local farming community,domain,Local farmers,0.7421875,0.5,0.8657106757164001,1.5277989807665782
1361,Rudolf Christoph Eucken,"<|begin_of_text|><|start_header_id|>system<|end_header_id|>

Cutting Knowledge Date: December 2023
Today Date: 26 July 2024

<|eot_id|><|start_header_id|>user<|end_header_id|>

What was Karl Jaspers' father's profession?<|eot_id|><|start_header_id|>assistant<|end_header_id|>

",Jurist,domain,Jurist,0.98828125,1.0,1.0,1.0124672124600822
1362,Rudolf Christoph Eucken,"<|begin_of_text|><|start_header_id|>system<|end_header_id|>

Cutting Knowledge Date: December 2023
Today Date: 26 July 2024

<|eot_id|><|start_header_id|>user<|end_header_id|>

Where was Karl Jaspers born?<|eot_id|><|start_header_id|>assistant<|end_header_id|>

",Oldenburg,domain,Oldenburg,1.0,1.0,1.0,1.000314762051596
1363,Rudolf Christoph Eucken,"<|begin_of_text|><|start_header_id|>system<|end_header_id|>

Cutting Knowledge Date: December 2023
Today Date: 26 July 2024

<|eot_id|><|start_header_id|>user<|end_header_id|>

When was Karl Jaspers born?<|eot_id|><|start_header_id|>assistant<|end_header_id|>

",23 February 1883,domain,23 February 1883,1.0,1.0,1.0,1.0001316157162525
1364,Rudolf Christoph Eucken,"<|begin_of_text|><|start_header_id|>system<|end_header_id|>

Cutting Knowledge Date: December 2023
Today Date: 26 July 2024

<|eot_id|><|start_header_id|>user<|end_header_id|>

What was the title of Heidegger's 1966 interview with Der Spiegel?<|eot_id|><|start_header_id|>assistant<|end_header_id|>

",Only a God Can Save Us,domain,Only a God Can Save Us,1.0,1.0,1.0,1.0000977563952766
1365,Rudolf Christoph Eucken,"<|begin_of_text|><|start_header_id|>system<|end_header_id|>

Cutting Knowledge Date: December 2023
Today Date: 26 July 2024

<|eot_id|><|start_header_id|>user<|end_header_id|>

What was the name of the university where Heidegger studied theology and scholastic philosophy?<|eot_id|><|start_header_id|>assistant<|end_header_id|>

",University of Freiburg,domain,University of Freiburg,0.98828125,1.0,1.0,1.011355493556146
1366,Rudolf Christoph Eucken,"<|begin_of_text|><|start_header_id|>system<|end_header_id|>

Cutting Knowledge Date: December 2023
Today Date: 26 July 2024

<|eot_id|><|start_header_id|>user<|end_header_id|>

Who was the founder of phenomenology that influenced Heidegger's thought?<|eot_id|><|start_header_id|>assistant<|end_header_id|>

",Edmund Husserl,domain,Edmund Husserl,0.99609375,1.0,1.0,1.004680107103779
1367,Rudolf Christoph Eucken,"<|begin_of_text|><|start_header_id|>system<|end_header_id|>

Cutting Knowledge Date: December 2023
Today Date: 26 July 2024

<|eot_id|><|start_header_id|>user<|end_header_id|>

What was the title of Heidegger's first major work?<|eot_id|><|start_header_id|>assistant<|end_header_id|>

",Being and Time,domain,Being and Time,0.984375,1.0,1.0,1.016616028001388
1368,Rudolf Christoph Eucken,"<|begin_of_text|><|start_header_id|>system<|end_header_id|>

Cutting Knowledge Date: December 2023
Today Date: 26 July 2024

<|eot_id|><|start_header_id|>user<|end_header_id|>

What was the title of Heidegger's 1935 lecture?<|eot_id|><|start_header_id|>assistant<|end_header_id|>

",The Origin of the Work of Art,domain,The Origin of the Work of Art,0.9921875,1.0,1.0,1.0083353282575724
1369,Rudolf Christoph Eucken,"<|begin_of_text|><|start_header_id|>system<|end_header_id|>

Cutting Knowledge Date: December 2023
Today Date: 26 July 2024

<|eot_id|><|start_header_id|>user<|end_header_id|>

What was the name of the concept that Heidegger introduced to describe the appropriation of Dasein into a cosmic play of concealment and appearance?<|eot_id|><|start_header_id|>assistant<|end_header_id|>

",Ereignis,domain,Ereignis,0.98828125,1.0,0.9999999403953552,1.010985191921098
1370,Rudolf Christoph Eucken,"<|begin_of_text|><|start_header_id|>system<|end_header_id|>

Cutting Knowledge Date: December 2023
Today Date: 26 July 2024

<|eot_id|><|start_header_id|>user<|end_header_id|>

What was the title of Heidegger's 1954 work?<|eot_id|><|start_header_id|>assistant<|end_header_id|>

",What Is Called Thinking?,domain,What Is Called Thinking?,1.0,1.0,1.0,1.0008968557922775
1371,Rudolf Christoph Eucken,"<|begin_of_text|><|start_header_id|>system<|end_header_id|>

Cutting Knowledge Date: December 2023
Today Date: 26 July 2024

<|eot_id|><|start_header_id|>user<|end_header_id|>

Where did Karl Jaspers study law?<|eot_id|><|start_header_id|>assistant<|end_header_id|>

",Heidelberg University and later in Munich,domain,Heidelberg University,0.69140625,1.0,0.8579683303833008,1.6812393840022961
1372,Rudolf Christoph Eucken,"<|begin_of_text|><|start_header_id|>system<|end_header_id|>

Cutting Knowledge Date: December 2023
Today Date: 26 July 2024

<|eot_id|><|start_header_id|>user<|end_header_id|>

When did Edmund Husserl die?<|eot_id|><|start_header_id|>assistant<|end_header_id|>

","April 27, 1938",domain,"April 27, 1938",0.99609375,1.0,0.9999998807907104,1.002046769513322
1373,Rudolf Christoph Eucken,"<|begin_of_text|><|start_header_id|>system<|end_header_id|>

Cutting Knowledge Date: December 2023
Today Date: 26 July 2024

<|eot_id|><|start_header_id|>user<|end_header_id|>

When was Gustav Teichmüller born?<|eot_id|><|start_header_id|>assistant<|end_header_id|>

","November 19, 1832",entity,"November 18, 1832",0.78125,0.6666666666666666,0.9780006408691406,1.7143988596205357
1374,Rudolf Christoph Eucken,"<|begin_of_text|><|start_header_id|>system<|end_header_id|>

Cutting Knowledge Date: December 2023
Today Date: 26 July 2024

<|eot_id|><|start_header_id|>user<|end_header_id|>

How did Ernst Troeltsch's work fare in the immediate aftermath of his death?<|eot_id|><|start_header_id|>assistant<|end_header_id|>

",It was neglected as part of a wider rejection of liberal thought,domain,It was neglected in Germany and Great Britain,0.6328125,0.375,0.5787622928619385,2.3160050727154613
1375,Rudolf Christoph Eucken,"<|begin_of_text|><|start_header_id|>system<|end_header_id|>

Cutting Knowledge Date: December 2023
Today Date: 26 July 2024

<|eot_id|><|start_header_id|>user<|end_header_id|>

What was the name of the poet who visited Heidegger at his country retreat in 1967?<|eot_id|><|start_header_id|>assistant<|end_header_id|>

",Paul Celan,domain,Paul Celan,0.9921875,1.0,1.0,1.0098751003194872
1376,Rudolf Christoph Eucken,"<|begin_of_text|><|start_header_id|>system<|end_header_id|>

Cutting Knowledge Date: December 2023
Today Date: 26 July 2024

<|eot_id|><|start_header_id|>user<|end_header_id|>

What was the title of Ernst Troeltsch's most famous study?<|eot_id|><|start_header_id|>assistant<|end_header_id|>

",The Social Teaching of the Christian Churches,domain,The Social Teaching of the Christian Churches,0.9765625,1.0,1.0,1.0264672442898297
1377,Rudolf Christoph Eucken,"<|begin_of_text|><|start_header_id|>system<|end_header_id|>

Cutting Knowledge Date: December 2023
Today Date: 26 July 2024

<|eot_id|><|start_header_id|>user<|end_header_id|>

What was the title of Ernst Troeltsch's position at the University of Berlin?<|eot_id|><|start_header_id|>assistant<|end_header_id|>

",Professor of philosophy and civilization,domain,Extraordinary professor,0.62890625,0.5,0.6470867991447449,1.9502718049187666
1378,Rudolf Christoph Eucken,"<|begin_of_text|><|start_header_id|>system<|end_header_id|>

Cutting Knowledge Date: December 2023
Today Date: 26 July 2024

<|eot_id|><|start_header_id|>user<|end_header_id|>

What was Schopenhauer's view on the nature of love?<|eot_id|><|start_header_id|>assistant<|end_header_id|>

",Love is a means of perpetuating the species and is driven by the will,domain,Love is a means of perpetuating the species and is driven by the will,0.8359375,1.0,0.9999998807907104,1.2815200020362187
1379,Rudolf Christoph Eucken,"<|begin_of_text|><|start_header_id|>system<|end_header_id|>

Cutting Knowledge Date: December 2023
Today Date: 26 July 2024

<|eot_id|><|start_header_id|>user<|end_header_id|>

What was the title of Edmund Husserl's work that was published in 1931?<|eot_id|><|start_header_id|>assistant<|end_header_id|>

",Méditations cartésiennes (Cartesian Meditations),domain,Méditations cartésiennes (Cartesian Meditations),0.97265625,1.0,0.9999998807907104,1.028348483749605
1380,Rudolf Christoph Eucken,"<|begin_of_text|><|start_header_id|>system<|end_header_id|>

Cutting Knowledge Date: December 2023
Today Date: 26 July 2024

<|eot_id|><|start_header_id|>user<|end_header_id|>

Who was one of Edmund Husserl's most notable students?<|eot_id|><|start_header_id|>assistant<|end_header_id|>

",Martin Heidegger,domain,Martin Heidegger,1.0,1.0,0.9999999403953552,1.0009694026727978
1381,Rudolf Christoph Eucken,"<|begin_of_text|><|start_header_id|>system<|end_header_id|>

Cutting Knowledge Date: December 2023
Today Date: 26 July 2024

<|eot_id|><|start_header_id|>user<|end_header_id|>

What is the main concept of Edmund Husserl's phenomenology?<|eot_id|><|start_header_id|>assistant<|end_header_id|>

","Intentionality, the notion that the main characteristic of consciousness is that it is always intentional",domain,"Intentionality, the idea that consciousness is always directed towards something",0.65625,0.6,0.8659417033195496,2.1587541005953903
1382,Rudolf Christoph Eucken,"<|begin_of_text|><|start_header_id|>system<|end_header_id|>

Cutting Knowledge Date: December 2023
Today Date: 26 July 2024

<|eot_id|><|start_header_id|>user<|end_header_id|>

What was Edmund Husserl's first major work?<|eot_id|><|start_header_id|>assistant<|end_header_id|>

",Philosophie der Arithmetik (Philosophy of Arithmetic),domain,Philosophie der Arithmetik (Philosophy of Arithmetic),0.96484375,1.0,1.0000001192092896,1.0400893684101333
1383,Rudolf Christoph Eucken,"<|begin_of_text|><|start_header_id|>system<|end_header_id|>

Cutting Knowledge Date: December 2023
Today Date: 26 July 2024

<|eot_id|><|start_header_id|>user<|end_header_id|>

Where did Edmund Husserl study mathematics and philosophy?<|eot_id|><|start_header_id|>assistant<|end_header_id|>

",He studied mathematics at the University of Leipzig and philosophy at the University of Vienna,domain,He studied mathematics at the University of Leipzig and philosophy at the University of Vienna,0.96484375,1.0,0.9999998807907104,1.0405973485555498
1384,Rudolf Christoph Eucken,"<|begin_of_text|><|start_header_id|>system<|end_header_id|>

Cutting Knowledge Date: December 2023
Today Date: 26 July 2024

<|eot_id|><|start_header_id|>user<|end_header_id|>

What was Edmund Husserl's family background?<|eot_id|><|start_header_id|>assistant<|end_header_id|>

","He was born into a Jewish family, the second of four children",domain,"He was born into a Jewish family, the second of four children",0.94921875,1.0,1.0,1.0572424566851155
1385,Rudolf Christoph Eucken,"<|begin_of_text|><|start_header_id|>system<|end_header_id|>

Cutting Knowledge Date: December 2023
Today Date: 26 July 2024

<|eot_id|><|start_header_id|>user<|end_header_id|>

What was Schopenhauer's view on the nature of morality?<|eot_id|><|start_header_id|>assistant<|end_header_id|>

",Morality is based on compassion and the recognition of the suffering of others,domain,Morality is based on compassion and the recognition of the suffering of others,0.984375,1.0,1.0000001192092896,1.016988392087819
1386,Rudolf Christoph Eucken,"<|begin_of_text|><|start_header_id|>system<|end_header_id|>

Cutting Knowledge Date: December 2023
Today Date: 26 July 2024

<|eot_id|><|start_header_id|>user<|end_header_id|>

When was Edmund Husserl born?<|eot_id|><|start_header_id|>assistant<|end_header_id|>

","April 8, 1859",domain,"April 8, 1859",0.9921875,1.0,1.0,1.0065828516448057
1387,Rudolf Christoph Eucken,"<|begin_of_text|><|start_header_id|>system<|end_header_id|>

Cutting Knowledge Date: December 2023
Today Date: 26 July 2024

<|eot_id|><|start_header_id|>user<|end_header_id|>

What was Schopenhauer's view on the nature of music?<|eot_id|><|start_header_id|>assistant<|end_header_id|>

",Music is a means of expressing the will and providing a temporary escape from the suffering of life,domain,Music is a means of expressing the will and providing a temporary escape from the suffering of life,0.98046875,1.0,0.9999997615814209,1.020594950634576
1388,Rudolf Christoph Eucken,"<|begin_of_text|><|start_header_id|>system<|end_header_id|>

Cutting Knowledge Date: December 2023
Today Date: 26 July 2024

<|eot_id|><|start_header_id|>user<|end_header_id|>

What was Schopenhauer's view on the role of women in society?<|eot_id|><|start_header_id|>assistant<|end_header_id|>

",Schopenhauer had a low view of women and believed they were inferior to men,domain,"Schopenhauer had a pessimistic view of women, believing they were inferior to men and lacking in intellectual and moral capabilities",0.79296875,0.6,0.8749116659164429,1.3856535076037706
1389,Rudolf Christoph Eucken,"<|begin_of_text|><|start_header_id|>system<|end_header_id|>

Cutting Knowledge Date: December 2023
Today Date: 26 July 2024

<|eot_id|><|start_header_id|>user<|end_header_id|>

When was Martin Heidegger born?<|eot_id|><|start_header_id|>assistant<|end_header_id|>

",26 September 1889,domain,26 September 1889,1.0,1.0,1.0000001192092896,1.0011450642657445
1390,Rudolf Christoph Eucken,"<|begin_of_text|><|start_header_id|>system<|end_header_id|>

Cutting Knowledge Date: December 2023
Today Date: 26 July 2024

<|eot_id|><|start_header_id|>user<|end_header_id|>

What difficulties did Ernst Troeltsch experience during his university years?<|eot_id|><|start_header_id|>assistant<|end_header_id|>

",Difficulties in his student fraternity due to his homosexuality,domain,He had difficulties with his studies and was close to failing,0.671875,0.2727272727272727,0.49838969111442566,1.882898792081917
1391,Rudolf Christoph Eucken,"<|begin_of_text|><|start_header_id|>system<|end_header_id|>

Cutting Knowledge Date: December 2023
Today Date: 26 July 2024

<|eot_id|><|start_header_id|>user<|end_header_id|>

What was Ernst Troeltsch's occupation after his ordination in 1889?<|eot_id|><|start_header_id|>assistant<|end_header_id|>

",Teaching theology at Göttingen,domain,Teaching theology at Göttingen,0.90625,1.0,0.9999999403953552,1.1210411060412264
1392,Rudolf Christoph Eucken,"<|begin_of_text|><|start_header_id|>system<|end_header_id|>

Cutting Knowledge Date: December 2023
Today Date: 26 July 2024

<|eot_id|><|start_header_id|>user<|end_header_id|>

What was the distinction Karl Jaspers argued for in his work on delusions?<|eot_id|><|start_header_id|>assistant<|end_header_id|>

",Between 'primary' and 'secondary' delusions,domain,Between primary and secondary delusions,0.66796875,1.0,0.9340864419937134,2.2535347872132085
1393,Rudolf Christoph Eucken,"<|begin_of_text|><|start_header_id|>system<|end_header_id|>

Cutting Knowledge Date: December 2023
Today Date: 26 July 2024

<|eot_id|><|start_header_id|>user<|end_header_id|>

What was the main theme of Ernst Troeltsch's work?<|eot_id|><|start_header_id|>assistant<|end_header_id|>

",The relationship between Christianity and modern society,domain,The relationship between Christianity and modern society,0.83203125,1.0,1.0,1.224029686533674
1394,Rudolf Christoph Eucken,"<|begin_of_text|><|start_header_id|>system<|end_header_id|>

Cutting Knowledge Date: December 2023
Today Date: 26 July 2024

<|eot_id|><|start_header_id|>user<|end_header_id|>

What was Ernst Troeltsch's view on the creation of capitalism?<|eot_id|><|start_header_id|>assistant<|end_header_id|>

","It was the result of specific Protestant sects, rather than Protestantism as a whole",domain,"He believed that it was created by Protestantism, particularly Calvinism",0.61328125,0.3,0.6538917422294617,2.244749087691627
1395,Rudolf Christoph Eucken,"<|begin_of_text|><|start_header_id|>system<|end_header_id|>

Cutting Knowledge Date: December 2023
Today Date: 26 July 2024

<|eot_id|><|start_header_id|>user<|end_header_id|>

What were the three principles developed by Ernst Troeltsch for critical historiography?<|eot_id|><|start_header_id|>assistant<|end_header_id|>

","Criticism, analogy, and correlation",domain,"Criticism, analogy, and correlation",0.828125,1.0,1.0,1.2252256118773075
1396,Rudolf Christoph Eucken,"<|begin_of_text|><|start_header_id|>system<|end_header_id|>

Cutting Knowledge Date: December 2023
Today Date: 26 July 2024

<|eot_id|><|start_header_id|>user<|end_header_id|>

What was Ernst Troeltsch's political affiliation?<|eot_id|><|start_header_id|>assistant<|end_header_id|>

","Classical liberal, member of the German Democratic Party (DDP)",domain,"Classical liberal, member of the German Democratic Party (DDP)",0.88671875,1.0,0.9999999403953552,1.153243174561055
1397,Rudolf Christoph Eucken,"<|begin_of_text|><|start_header_id|>system<|end_header_id|>

Cutting Knowledge Date: December 2023
Today Date: 26 July 2024

<|eot_id|><|start_header_id|>user<|end_header_id|>

What was Schopenhauer's view on the nature of animal welfare?<|eot_id|><|start_header_id|>assistant<|end_header_id|>

",Schopenhauer was concerned about animal welfare and believed that animals should be treated with compassion and respect,domain,Schopenhauer advocated for animal welfare and believed that animals have their own interests and should be treated with compassion,0.76171875,0.631578947368421,0.915825366973877,1.4635417803751296
1398,Rudolf Christoph Eucken,"<|begin_of_text|><|start_header_id|>system<|end_header_id|>

Cutting Knowledge Date: December 2023
Today Date: 26 July 2024

<|eot_id|><|start_header_id|>user<|end_header_id|>

What was the title of Heidegger's 1947 work?<|eot_id|><|start_header_id|>assistant<|end_header_id|>

",On Humanism,domain,On Humanism,0.97265625,1.0,1.0,1.0296045584484876
1399,Rudolf Christoph Eucken,"<|begin_of_text|><|start_header_id|>system<|end_header_id|>

Cutting Knowledge Date: December 2023
Today Date: 26 July 2024

<|eot_id|><|start_header_id|>user<|end_header_id|>

What was the quote used at the end of the BBC documentary series 'The Nazis: A Warning from History'?<|eot_id|><|start_header_id|>assistant<|end_header_id|>

","'That which has happened is a warning. To forget it is guilt. It must be continually remembered. It was possible for this to happen, and it remains possible for it to happen again at any minute. Only in knowledge can it be prevented.'",domain,The Preamble to the Charter of the United Nations.,0.75,0.1111111111111111,0.17881250381469727,1.8609623567052476
1400,Rudolf Christoph Eucken,"<|begin_of_text|><|start_header_id|>system<|end_header_id|>

Cutting Knowledge Date: December 2023
Today Date: 26 July 2024

<|eot_id|><|start_header_id|>user<|end_header_id|>

What was the title of Heidegger's 1951 essay?<|eot_id|><|start_header_id|>assistant<|end_header_id|>

",Building Dwelling Thinking,domain,Building Dwelling Thinking,0.9921875,1.0,1.0000001192092896,1.0088893755560895
1401,Rudolf Christoph Eucken,"<|begin_of_text|><|start_header_id|>system<|end_header_id|>

Cutting Knowledge Date: December 2023
Today Date: 26 July 2024

<|eot_id|><|start_header_id|>user<|end_header_id|>

What was the name of the book that Schopenhauer published in 1851?<|eot_id|><|start_header_id|>assistant<|end_header_id|>

",Parerga and Paralipomena,domain,Parerga and Paralipomena,1.0,1.0,1.0,1.0014582766082216
1402,Rudolf Christoph Eucken,"<|begin_of_text|><|start_header_id|>system<|end_header_id|>

Cutting Knowledge Date: December 2023
Today Date: 26 July 2024

<|eot_id|><|start_header_id|>user<|end_header_id|>

What are the names of the two early books published by Hermann Lotze?<|eot_id|><|start_header_id|>assistant<|end_header_id|>

",Metaphysik and Logik,entity,Metaphysik and Logik,0.984375,1.0,0.9999999403953552,1.0151898949278721
1403,Rudolf Christoph Eucken,"<|begin_of_text|><|start_header_id|>system<|end_header_id|>

Cutting Knowledge Date: December 2023
Today Date: 26 July 2024

<|eot_id|><|start_header_id|>user<|end_header_id|>

What was Friedrich Adolf Trendelenburg's field of study?<|eot_id|><|start_header_id|>assistant<|end_header_id|>

",Philosophy and philology,entity,Philosophy and philology,0.87890625,1.0,1.0,1.1498694768012174
1404,Rudolf Christoph Eucken,"<|begin_of_text|><|start_header_id|>system<|end_header_id|>

Cutting Knowledge Date: December 2023
Today Date: 26 July 2024

<|eot_id|><|start_header_id|>user<|end_header_id|>

When was Arthur Schopenhauer born?<|eot_id|><|start_header_id|>assistant<|end_header_id|>

",22 February 1788,domain,22 February 1788,1.0,1.0,1.0,1.0000068843601686
1405,Rudolf Christoph Eucken,"<|begin_of_text|><|start_header_id|>system<|end_header_id|>

Cutting Knowledge Date: December 2023
Today Date: 26 July 2024

<|eot_id|><|start_header_id|>user<|end_header_id|>

What was the name of the essay that Schopenhauer sent to the Royal Norwegian Society of Sciences in 1838?<|eot_id|><|start_header_id|>assistant<|end_header_id|>

",On the Freedom of the Will,domain,On the Freedom of the Will,0.9921875,1.0,1.000000238418579,1.0060607730795454
1406,Rudolf Christoph Eucken,"<|begin_of_text|><|start_header_id|>system<|end_header_id|>

Cutting Knowledge Date: December 2023
Today Date: 26 July 2024

<|eot_id|><|start_header_id|>user<|end_header_id|>

What was the title of Schopenhauer's main work?<|eot_id|><|start_header_id|>assistant<|end_header_id|>

",The World as Will and Representation,domain,The World as Will and Representation,1.0,1.0,1.0,1.0001649992676203
1407,Rudolf Christoph Eucken,"<|begin_of_text|><|start_header_id|>system<|end_header_id|>

Cutting Knowledge Date: December 2023
Today Date: 26 July 2024

<|eot_id|><|start_header_id|>user<|end_header_id|>

Who was Schopenhauer's professor at the University of Göttingen?<|eot_id|><|start_header_id|>assistant<|end_header_id|>

",Gottlob Ernst Schulze,domain,Gottlob Ernst Schulze,0.98046875,1.0,0.9999999403953552,1.01922544251975
1408,Rudolf Christoph Eucken,"<|begin_of_text|><|start_header_id|>system<|end_header_id|>

Cutting Knowledge Date: December 2023
Today Date: 26 July 2024

<|eot_id|><|start_header_id|>user<|end_header_id|>

Where did Schopenhauer study at the University of Göttingen?<|eot_id|><|start_header_id|>assistant<|end_header_id|>

",Medicine,domain,Medicine,1.0,1.0,1.0,1.002337322014789
1409,Rudolf Christoph Eucken,"<|begin_of_text|><|start_header_id|>system<|end_header_id|>

Cutting Knowledge Date: December 2023
Today Date: 26 July 2024

<|eot_id|><|start_header_id|>user<|end_header_id|>

What was the name of Schopenhauer's only sibling?<|eot_id|><|start_header_id|>assistant<|end_header_id|>

",Adele Schopenhauer,domain,Adele Schopenhauer,1.0,1.0,1.0,1.000560917753608
1410,Rudolf Christoph Eucken,"<|begin_of_text|><|start_header_id|>system<|end_header_id|>

Cutting Knowledge Date: December 2023
Today Date: 26 July 2024

<|eot_id|><|start_header_id|>user<|end_header_id|>

Where did Ernst Troeltsch attend university?<|eot_id|><|start_header_id|>assistant<|end_header_id|>

",University of Erlangen and University of Göttingen,domain,University of Erlangen and University of Göttingen,0.96484375,1.0,1.0,1.0385669153495372
1411,Rudolf Christoph Eucken,"<|begin_of_text|><|start_header_id|>system<|end_header_id|>

Cutting Knowledge Date: December 2023
Today Date: 26 July 2024

<|eot_id|><|start_header_id|>user<|end_header_id|>

What was the name of Schopenhauer's mother?<|eot_id|><|start_header_id|>assistant<|end_header_id|>

",Johanna Schopenhauer,domain,Johanna Schopenhauer,0.98828125,1.0,1.0,1.0130853620302753
1412,Rudolf Christoph Eucken,"<|begin_of_text|><|start_header_id|>system<|end_header_id|>

Cutting Knowledge Date: December 2023
Today Date: 26 July 2024

<|eot_id|><|start_header_id|>user<|end_header_id|>

When and where was Hermann Lotze born?<|eot_id|><|start_header_id|>assistant<|end_header_id|>

","21 May 1817 in Bautzen, Saxony, Germany",entity,"21 May 1817 in Bautzen, Saxony",0.890625,1.0,0.9867681264877319,1.3404009022489867
1413,Rudolf Christoph Eucken,"<|begin_of_text|><|start_header_id|>system<|end_header_id|>

Cutting Knowledge Date: December 2023
Today Date: 26 July 2024

<|eot_id|><|start_header_id|>user<|end_header_id|>

What was the main objective of Lotze's later works regarding human organism?<|eot_id|><|start_header_id|>assistant<|end_header_id|>

",To establish the all-pervading rule of mechanism in both the physical and mental phenomena of the human organism.,entity,To show the unity of the human organism by the exhibition of the analogy between its different parts.,0.53125,0.3333333333333333,0.5479072332382202,3.955076722920577
1414,Rudolf Christoph Eucken,"<|begin_of_text|><|start_header_id|>system<|end_header_id|>

Cutting Knowledge Date: December 2023
Today Date: 26 July 2024

<|eot_id|><|start_header_id|>user<|end_header_id|>

Which kingdom did Aurich become part of after Napoleon was defeated in 1814?<|eot_id|><|start_header_id|>assistant<|end_header_id|>

",The Kingdom of Hanover,entity,The Kingdom of Hanover,0.984375,1.0,1.0,1.0183548943330976
1415,Rudolf Christoph Eucken,"<|begin_of_text|><|start_header_id|>system<|end_header_id|>

Cutting Knowledge Date: December 2023
Today Date: 26 July 2024

<|eot_id|><|start_header_id|>user<|end_header_id|>

What was the name of the German philosopher who criticized Heidegger's behavior towards Husserl?<|eot_id|><|start_header_id|>assistant<|end_header_id|>

",Hannah Arendt,domain,Hannah Arendt,0.97265625,1.0,1.0000001192092896,1.0289763294372636
1416,Rudolf Christoph Eucken,"<|begin_of_text|><|start_header_id|>system<|end_header_id|>

Cutting Knowledge Date: December 2023
Today Date: 26 July 2024

<|eot_id|><|start_header_id|>user<|end_header_id|>

What was the name of Schopenhauer's father?<|eot_id|><|start_header_id|>assistant<|end_header_id|>

",Heinrich Floris Schopenhauer,domain,Heinrich Floris Schopenhauer,1.0,1.0,1.0000001192092896,1.0018174454540776
1417,Rudolf Christoph Eucken,"<|begin_of_text|><|start_header_id|>system<|end_header_id|>

Cutting Knowledge Date: December 2023
Today Date: 26 July 2024

<|eot_id|><|start_header_id|>user<|end_header_id|>

What position did Trendelenburg hold before becoming a professor in Berlin?<|eot_id|><|start_header_id|>assistant<|end_header_id|>

",Tutor to the son of an intimate friend of Karl vom Stein zum Altenstein,entity,Chief surgeon to Grand Duke Friedrich I of Baden,0.78125,0.2222222222222222,0.366707980632782,1.542791981546271
1418,Rudolf Christoph Eucken,"<|begin_of_text|><|start_header_id|>system<|end_header_id|>

Cutting Knowledge Date: December 2023
Today Date: 26 July 2024

<|eot_id|><|start_header_id|>user<|end_header_id|>

Where was Arthur Schopenhauer born?<|eot_id|><|start_header_id|>assistant<|end_header_id|>

","Gdańsk, Polish–Lithuanian Commonwealth",domain,"Gdańsk, Polish–Lithuanian Commonwealth",0.96875,1.0,0.9999998807907104,1.0345179266660296
1419,Rudolf Christoph Eucken,"<|begin_of_text|><|start_header_id|>system<|end_header_id|>

Cutting Knowledge Date: December 2023
Today Date: 26 July 2024

<|eot_id|><|start_header_id|>user<|end_header_id|>

What was the nationality of Gustav Teichmüller?<|eot_id|><|start_header_id|>assistant<|end_header_id|>

",German,entity,He was a German philosopher and historian.,0.46484375,0.14285714285714285,0.5489238500595093,2.1503379159523
1420,Rudolf Christoph Eucken,"<|begin_of_text|><|start_header_id|>system<|end_header_id|>

Cutting Knowledge Date: December 2023
Today Date: 26 July 2024

<|eot_id|><|start_header_id|>user<|end_header_id|>

Where did Gustav Teichmüller receive his education in philosophy?<|eot_id|><|start_header_id|>assistant<|end_header_id|>

",Berlin,entity,Berlin,0.98828125,1.0,0.9999998211860657,1.0131471977406983
1421,Rudolf Christoph Eucken,"<|begin_of_text|><|start_header_id|>system<|end_header_id|>

Cutting Knowledge Date: December 2023
Today Date: 26 July 2024

<|eot_id|><|start_header_id|>user<|end_header_id|>

At which universities did Gustav Teichmüller teach?<|eot_id|><|start_header_id|>assistant<|end_header_id|>

",Basel University and the Imperial University of Dorpat,entity,"Basel, Erlangen, and Jena",0.671875,0.5,0.49602773785591125,2.4366520830322917
1422,Rudolf Christoph Eucken,"<|begin_of_text|><|start_header_id|>system<|end_header_id|>

Cutting Knowledge Date: December 2023
Today Date: 26 July 2024

<|eot_id|><|start_header_id|>user<|end_header_id|>

Which university did Hermann Lotze succeed Johann Friedrich Herbart in the chair of philosophy?<|eot_id|><|start_header_id|>assistant<|end_header_id|>

",University of Göttingen,entity,University of Göttingen,0.94921875,1.0,0.9999998807907104,1.0626768081310818
1423,Rudolf Christoph Eucken,"<|begin_of_text|><|start_header_id|>system<|end_header_id|>

Cutting Knowledge Date: December 2023
Today Date: 26 July 2024

<|eot_id|><|start_header_id|>user<|end_header_id|>

What was the religious background of Ernst Troeltsch's family?<|eot_id|><|start_header_id|>assistant<|end_header_id|>

",Lutheran,domain,Lutheran,0.95703125,1.0,1.000000238418579,1.0472237115064302
1424,Rudolf Christoph Eucken,"<|begin_of_text|><|start_header_id|>system<|end_header_id|>

Cutting Knowledge Date: December 2023
Today Date: 26 July 2024

<|eot_id|><|start_header_id|>user<|end_header_id|>

What degrees did Hermann Lotze obtain and in what fields?<|eot_id|><|start_header_id|>assistant<|end_header_id|>

",He obtained a degree in medicine and a degree in philosophy.,entity,He obtained degrees in medicine and philosophy.,0.70703125,1.0,0.9568310976028442,1.5670874200815372
1425,Rudolf Christoph Eucken,"<|begin_of_text|><|start_header_id|>system<|end_header_id|>

Cutting Knowledge Date: December 2023
Today Date: 26 July 2024

<|eot_id|><|start_header_id|>user<|end_header_id|>

What was the name of Heidegger's mentor and former friend?<|eot_id|><|start_header_id|>assistant<|end_header_id|>

",Edmund Husserl,domain,Edmund Husserl,0.9921875,1.0,1.0,1.0060300710097831
1426,Rudolf Christoph Eucken,"<|begin_of_text|><|start_header_id|>system<|end_header_id|>

Cutting Knowledge Date: December 2023
Today Date: 26 July 2024

<|eot_id|><|start_header_id|>user<|end_header_id|>

What was the name of Heidegger's wife?<|eot_id|><|start_header_id|>assistant<|end_header_id|>

",Elfride Petri,domain,Elfride Petri,0.91796875,1.0,1.0000001192092896,1.1042000031825172
1427,Rudolf Christoph Eucken,"<|begin_of_text|><|start_header_id|>system<|end_header_id|>

Cutting Knowledge Date: December 2023
Today Date: 26 July 2024

<|eot_id|><|start_header_id|>user<|end_header_id|>

What was Schopenhauer's view on the nature of art?<|eot_id|><|start_header_id|>assistant<|end_header_id|>

",Art is a means of expressing the will and providing a temporary escape from the suffering of life,domain,Art is a means of expressing the will and providing a temporary escape from the suffering of life,0.953125,1.0,0.9999998807907104,1.0520927228261099
1428,Rudolf Christoph Eucken,"<|begin_of_text|><|start_header_id|>system<|end_header_id|>

Cutting Knowledge Date: December 2023
Today Date: 26 July 2024

<|eot_id|><|start_header_id|>user<|end_header_id|>

What was Schopenhauer's view on the nature of the will?<|eot_id|><|start_header_id|>assistant<|end_header_id|>

",The will is a blind and irrational force that drives all things,domain,The will is a blind and irrational force that drives all living things,0.87109375,0.9230769230769231,0.980708122253418,1.5948774110385213
1429,Rudolf Christoph Eucken,"<|begin_of_text|><|start_header_id|>system<|end_header_id|>

Cutting Knowledge Date: December 2023
Today Date: 26 July 2024

<|eot_id|><|start_header_id|>user<|end_header_id|>

What was the title of Karl Jaspers' 1913 work that influenced many later diagnostic criteria?<|eot_id|><|start_header_id|>assistant<|end_header_id|>

",General Psychopathology,domain,General Psychopathology,0.99609375,1.0,0.9999998807907104,1.0037607159221058
1430,Rudolf Christoph Eucken,"<|begin_of_text|><|start_header_id|>system<|end_header_id|>

Cutting Knowledge Date: December 2023
Today Date: 26 July 2024

<|eot_id|><|start_header_id|>user<|end_header_id|>

What was the central tenet of Karl Jaspers' approach to diagnosing symptoms of mental illness?<|eot_id|><|start_header_id|>assistant<|end_header_id|>

",To diagnose symptoms by their form rather than by their content,domain,The formulation of specific symptom complexes,0.51171875,0.16666666666666666,0.49172186851501465,2.6449608137946337
1431,Rudolf Christoph Eucken,"<|begin_of_text|><|start_header_id|>system<|end_header_id|>

Cutting Knowledge Date: December 2023
Today Date: 26 July 2024

<|eot_id|><|start_header_id|>user<|end_header_id|>

What was the subject of Trendelenburg's doctoral dissertation?<|eot_id|><|start_header_id|>assistant<|end_header_id|>

",Plato's Doctrine of Ideas and Numbers as Illustrated by Aristotle,entity,Plato's Doctrine of Ideas and Numbers as Illustrated by Aristotle,0.953125,1.0,1.0000001192092896,1.0508092135028686
1432,Rudolf Christoph Eucken,"<|begin_of_text|><|start_header_id|>system<|end_header_id|>

Cutting Knowledge Date: December 2023
Today Date: 26 July 2024

<|eot_id|><|start_header_id|>user<|end_header_id|>

What are the two main interpretations of the city name 'Aurich'?<|eot_id|><|start_header_id|>assistant<|end_header_id|>

","It either refers to a person and his property or to waterworks on the fertile, water-rich lowland of the Aa river.",entity,The city name 'Aurich' is interpreted as either 'Golden' or 'Golden meadow'.,0.388671875,0.16666666666666666,0.3060423731803894,6.833759763883972
1433,Rudolf Christoph Eucken,"<|begin_of_text|><|start_header_id|>system<|end_header_id|>

Cutting Knowledge Date: December 2023
Today Date: 26 July 2024

<|eot_id|><|start_header_id|>user<|end_header_id|>

What was Aurich made the capital of during the First French Empire?<|eot_id|><|start_header_id|>assistant<|end_header_id|>

",The department Ems-Oriental,entity,The department Ems-Oriental,0.92578125,1.0,0.9999998807907104,1.084959835950377
1434,Rudolf Christoph Eucken,"<|begin_of_text|><|start_header_id|>system<|end_header_id|>

Cutting Knowledge Date: December 2023
Today Date: 26 July 2024

<|eot_id|><|start_header_id|>user<|end_header_id|>

When was Ernst Troeltsch born?<|eot_id|><|start_header_id|>assistant<|end_header_id|>

",17 February 1865,domain,17 February 1865,1.0,1.0,0.9999998807907104,1.0017028031059956
1435,Rudolf Christoph Eucken,"<|begin_of_text|><|start_header_id|>system<|end_header_id|>

Cutting Knowledge Date: December 2023
Today Date: 26 July 2024

<|eot_id|><|start_header_id|>user<|end_header_id|>

What was the title of Hermann Lotze's dissertation for his medical degree?<|eot_id|><|start_header_id|>assistant<|end_header_id|>

",De futurae biologiae principibus philosophicis,entity,De affectuum animi primis,0.69140625,0.25,0.23276686668395996,2.6039544971997426
1436,Rudolf Christoph Eucken,"<|begin_of_text|><|start_header_id|>system<|end_header_id|>

Cutting Knowledge Date: December 2023
Today Date: 26 July 2024

<|eot_id|><|start_header_id|>user<|end_header_id|>

Which philosopher's notion of perspectivism influenced Friedrich Nietzsche's philosophy?<|eot_id|><|start_header_id|>assistant<|end_header_id|>

",Gustav Teichmüller,entity,Gustav Teichmüller,0.96875,1.0,0.9999999403953552,1.037046690812174
1437,Rudolf Christoph Eucken,"<|begin_of_text|><|start_header_id|>system<|end_header_id|>

Cutting Knowledge Date: December 2023
Today Date: 26 July 2024

<|eot_id|><|start_header_id|>user<|end_header_id|>

When did Gustav Teichmüller pass away?<|eot_id|><|start_header_id|>assistant<|end_header_id|>

","May 22, 1888",entity,"March 21, 1888",0.83203125,0.3333333333333333,0.8688122034072876,1.332569955344138
1438,Rudolf Christoph Eucken,"<|begin_of_text|><|start_header_id|>system<|end_header_id|>

Cutting Knowledge Date: December 2023
Today Date: 26 July 2024

<|eot_id|><|start_header_id|>user<|end_header_id|>

What was the concept that Karl Jaspers introduced in his study of patients, which has become a mainstay of psychiatric and psychotherapeutic practice?<|eot_id|><|start_header_id|>assistant<|end_header_id|>

",The biographical method,domain,The biographical method,0.73828125,1.0,1.0,1.4129830741948972
1439,Rudolf Christoph Eucken,"<|begin_of_text|><|start_header_id|>system<|end_header_id|>

Cutting Knowledge Date: December 2023
Today Date: 26 July 2024

<|eot_id|><|start_header_id|>user<|end_header_id|>

What philosophical movement is Karl Jaspers often associated with?<|eot_id|><|start_header_id|>assistant<|end_header_id|>

",Existentialism,domain,Existentialism,1.0,1.0,1.0,1.000954129208352
1440,Rudolf Christoph Eucken,"<|begin_of_text|><|start_header_id|>system<|end_header_id|>

Cutting Knowledge Date: December 2023
Today Date: 26 July 2024

<|eot_id|><|start_header_id|>user<|end_header_id|>

Which universities did Friedrich Adolf Trendelenburg attend?<|eot_id|><|start_header_id|>assistant<|end_header_id|>

","Kiel, Leipzig, Berlin",entity,"Kiel, Leipzig, Berlin, and Göttingen",0.91015625,0.5,0.9465917348861694,1.0977489991711442
1441,Rudolf Christoph Eucken,"<|begin_of_text|><|start_header_id|>system<|end_header_id|>

Cutting Knowledge Date: December 2023
Today Date: 26 July 2024

<|eot_id|><|start_header_id|>user<|end_header_id|>

What was the theme that permeated Karl Jaspers' work?<|eot_id|><|start_header_id|>assistant<|end_header_id|>

",Individual freedom,domain,The theme of the independent role of philosophy in the face of the decline of traditional Western values,0.484375,0.0,0.33757805824279785,9.943061786014486
1442,Rudolf Christoph Eucken,"<|begin_of_text|><|start_header_id|>system<|end_header_id|>

Cutting Knowledge Date: December 2023
Today Date: 26 July 2024

<|eot_id|><|start_header_id|>user<|end_header_id|>

What was the title of Karl Jaspers' three-volume work that gave his view of the history of philosophy?<|eot_id|><|start_header_id|>assistant<|end_header_id|>

",Philosophy,domain,Philosophy,0.99609375,1.0,1.0,1.0030105039379116
1443,Rudolf Christoph Eucken,"<|begin_of_text|><|start_header_id|>system<|end_header_id|>

Cutting Knowledge Date: December 2023
Today Date: 26 July 2024

<|eot_id|><|start_header_id|>user<|end_header_id|>

What was the concept that Karl Jaspers introduced in his work, which refers to that which exists beyond the world of time and space?<|eot_id|><|start_header_id|>assistant<|end_header_id|>

",Transcendence,domain,Transcendence,1.0,1.0,0.9999998211860657,1.0017028031059956
1444,Rudolf Christoph Eucken,"<|begin_of_text|><|start_header_id|>system<|end_header_id|>

Cutting Knowledge Date: December 2023
Today Date: 26 July 2024

<|eot_id|><|start_header_id|>user<|end_header_id|>

What was the title of Karl Jaspers' work that examined the culpability of Germany as a whole in the atrocities of Hitler's Third Reich?<|eot_id|><|start_header_id|>assistant<|end_header_id|>

",The Question of German Guilt,domain,The Question of German Guilt,1.0,1.0,1.0,1.0017715869404658
1445,Rudolf Christoph Eucken,"<|begin_of_text|><|start_header_id|>system<|end_header_id|>

Cutting Knowledge Date: December 2023
Today Date: 26 July 2024

<|eot_id|><|start_header_id|>user<|end_header_id|>

What was the subject of Karl Jaspers' thesis in 1902?<|eot_id|><|start_header_id|>assistant<|end_header_id|>

",Criminology,domain,Criminology,0.78515625,1.0,0.9999998211860657,1.4750204808243097
1446,Rudolf Christoph Eucken,"<|begin_of_text|><|start_header_id|>system<|end_header_id|>

Cutting Knowledge Date: December 2023
Today Date: 26 July 2024

<|eot_id|><|start_header_id|>user<|end_header_id|>

What is the capital of the district of Aurich?<|eot_id|><|start_header_id|>assistant<|end_header_id|>

",Aurich,entity,Aurich,1.0,1.0,1.0,1.0001258929336159
1447,Ryan Reynolds,"<|begin_of_text|><|start_header_id|>system<|end_header_id|>

Cutting Knowledge Date: December 2023
Today Date: 26 July 2024

<|eot_id|><|start_header_id|>user<|end_header_id|>

When was Ryan Reynolds born?<|eot_id|><|start_header_id|>assistant<|end_header_id|>

","October 23, 1976",general,"October 23, 1976",0.9921875,1.0,0.9999998211860657,1.0088893755560895
1448,Ryan Reynolds,"<|begin_of_text|><|start_header_id|>system<|end_header_id|>

Cutting Knowledge Date: December 2023
Today Date: 26 July 2024

<|eot_id|><|start_header_id|>user<|end_header_id|>

In which city was Ryan Reynolds born?<|eot_id|><|start_header_id|>assistant<|end_header_id|>

","Vancouver, British Columbia",general,Vancouver,0.8515625,1.0,0.8956371545791626,1.259190116979667
1449,Ryan Reynolds,"<|begin_of_text|><|start_header_id|>system<|end_header_id|>

Cutting Knowledge Date: December 2023
Today Date: 26 July 2024

<|eot_id|><|start_header_id|>user<|end_header_id|>

Which high school did Ryan Reynolds attend?<|eot_id|><|start_header_id|>assistant<|end_header_id|>

",Kitsilano Secondary School,general,Kitsilano Secondary School,0.9921875,1.0,0.9999999403953552,1.0072281462845318
1450,Ryan Reynolds,"<|begin_of_text|><|start_header_id|>system<|end_header_id|>

Cutting Knowledge Date: December 2023
Today Date: 26 July 2024

<|eot_id|><|start_header_id|>user<|end_header_id|>

What animated film series did Ryan Reynolds provide voice acting for between 2013 and 2020?<|eot_id|><|start_header_id|>assistant<|end_header_id|>

",The Croods,general,The Croods,0.98828125,1.0,1.0,1.0106767107981993
1451,Ryan Reynolds,"<|begin_of_text|><|start_header_id|>system<|end_header_id|>

Cutting Knowledge Date: December 2023
Today Date: 26 July 2024

<|eot_id|><|start_header_id|>user<|end_header_id|>

Which 2016 film marked Ryan Reynolds's biggest commercial success?<|eot_id|><|start_header_id|>assistant<|end_header_id|>

",Deadpool,general,Deadpool,1.0,1.0,0.9999998807907104,1.000278511677568
1452,Siegfried Lenz,"<|begin_of_text|><|start_header_id|>system<|end_header_id|>

Cutting Knowledge Date: December 2023
Today Date: 26 July 2024

<|eot_id|><|start_header_id|>user<|end_header_id|>

At what age did Heinrich Böll die?<|eot_id|><|start_header_id|>assistant<|end_header_id|>

",67,domain,67,1.0,1.0,0.9999999403953552,1.0000705743896692
1453,Siegfried Lenz,"<|begin_of_text|><|start_header_id|>system<|end_header_id|>

Cutting Knowledge Date: December 2023
Today Date: 26 July 2024

<|eot_id|><|start_header_id|>user<|end_header_id|>

When did Heinrich Böll publicly leave the Catholic Church?<|eot_id|><|start_header_id|>assistant<|end_header_id|>

",1976,domain,1982,0.640625,0.0,0.5797643661499023,1.8902682495894338
1454,Siegfried Lenz,"<|begin_of_text|><|start_header_id|>system<|end_header_id|>

Cutting Knowledge Date: December 2023
Today Date: 26 July 2024

<|eot_id|><|start_header_id|>user<|end_header_id|>

What was the title of Heinrich Böll's book that described his experiences in Ireland?<|eot_id|><|start_header_id|>assistant<|end_header_id|>

",Irish Journal,domain,Irish Journal,0.94140625,1.0,0.9999998807907104,1.0631958199928704
1455,Siegfried Lenz,"<|begin_of_text|><|start_header_id|>system<|end_header_id|>

Cutting Knowledge Date: December 2023
Today Date: 26 July 2024

<|eot_id|><|start_header_id|>user<|end_header_id|>

What was the title of Heinrich Böll's article that accused the tabloid Bild of falsified journalism?<|eot_id|><|start_header_id|>assistant<|end_header_id|>

",Soviel Liebe auf einmal (So much love at once),domain,Der Schwarzarbeiter (The Black Laborer),0.73046875,0.0,0.22066465020179749,2.0841789734955687
1456,Siegfried Lenz,"<|begin_of_text|><|start_header_id|>system<|end_header_id|>

Cutting Knowledge Date: December 2023
Today Date: 26 July 2024

<|eot_id|><|start_header_id|>user<|end_header_id|>

What prize did Heinrich Böll receive in 1972?<|eot_id|><|start_header_id|>assistant<|end_header_id|>

",Nobel Prize for Literature,domain,Nobel Prize for Literature,0.953125,1.0,1.0,1.050039859628644
1457,Siegfried Lenz,"<|begin_of_text|><|start_header_id|>system<|end_header_id|>

Cutting Knowledge Date: December 2023
Today Date: 26 July 2024

<|eot_id|><|start_header_id|>user<|end_header_id|>

After how many months of service can an officer candidate be promoted to Fähnrich zur See in the Deutsche Marine?<|eot_id|><|start_header_id|>assistant<|end_header_id|>

",21 months,entity,24 months,0.578125,0.5,0.826337993144989,2.398875293967098
1458,Siegfried Lenz,"<|begin_of_text|><|start_header_id|>system<|end_header_id|>

Cutting Knowledge Date: December 2023
Today Date: 26 July 2024

<|eot_id|><|start_header_id|>user<|end_header_id|>

What was the title of Heinrich Böll's first novel?<|eot_id|><|start_header_id|>assistant<|end_header_id|>

",Der Zug war pünktlich (The Train Was on Time),domain,Der Zug war pünktlich (The Train Was on Time),0.98828125,1.0,1.0000001192092896,1.0124054182514004
1459,Siegfried Lenz,"<|begin_of_text|><|start_header_id|>system<|end_header_id|>

Cutting Knowledge Date: December 2023
Today Date: 26 July 2024

<|eot_id|><|start_header_id|>user<|end_header_id|>

What was Heinrich Böll apprenticed to before studying at the University of Cologne?<|eot_id|><|start_header_id|>assistant<|end_header_id|>

",A bookseller,domain,A bookstore,0.7265625,0.5,0.7353459596633911,1.5488302986341331
1460,Siegfried Lenz,"<|begin_of_text|><|start_header_id|>system<|end_header_id|>

Cutting Knowledge Date: December 2023
Today Date: 26 July 2024

<|eot_id|><|start_header_id|>user<|end_header_id|>

When was Heinrich Böll born?<|eot_id|><|start_header_id|>assistant<|end_header_id|>

",21 December 1917,domain,21 December 1917,1.0,1.0,1.0,1.000081065602533
1461,Siegfried Lenz,"<|begin_of_text|><|start_header_id|>system<|end_header_id|>

Cutting Knowledge Date: December 2023
Today Date: 26 July 2024

<|eot_id|><|start_header_id|>user<|end_header_id|>

Where was Heinrich Böll born?<|eot_id|><|start_header_id|>assistant<|end_header_id|>

","Cologne, Germany",domain,"Cologne, Germany",0.828125,1.0,0.9999997615814209,1.2567331614341362
1462,Siegfried Lenz,"<|begin_of_text|><|start_header_id|>system<|end_header_id|>

Cutting Knowledge Date: December 2023
Today Date: 26 July 2024

<|eot_id|><|start_header_id|>user<|end_header_id|>

What was the occupation of Heinrich Böll's family?<|eot_id|><|start_header_id|>assistant<|end_header_id|>

",Cabinet shop owners,domain,Cabinet makers and bakers,0.451171875,0.25,0.729611873626709,4.048868664514532
1463,Siegfried Lenz,"<|begin_of_text|><|start_header_id|>system<|end_header_id|>

Cutting Knowledge Date: December 2023
Today Date: 26 July 2024

<|eot_id|><|start_header_id|>user<|end_header_id|>

What prize did Heinrich Böll receive in 1967?<|eot_id|><|start_header_id|>assistant<|end_header_id|>

",Georg Büchner Prize,domain,Georg Büchner Prize,0.90625,1.0,0.9999998807907104,1.1204938563054325
1464,Siegfried Lenz,"<|begin_of_text|><|start_header_id|>system<|end_header_id|>

Cutting Knowledge Date: December 2023
Today Date: 26 July 2024

<|eot_id|><|start_header_id|>user<|end_header_id|>

When was Günter Grass born?<|eot_id|><|start_header_id|>assistant<|end_header_id|>

",16 October 1927,domain,16 October 1927,0.99609375,1.0,1.000000238418579,1.0023526165852432
1465,Siegfried Lenz,"<|begin_of_text|><|start_header_id|>system<|end_header_id|>

Cutting Knowledge Date: December 2023
Today Date: 26 July 2024

<|eot_id|><|start_header_id|>user<|end_header_id|>

What was Günter Grass's family background?<|eot_id|><|start_header_id|>assistant<|end_header_id|>

","His father was a Lutheran Protestant of German origin, and his mother was a Roman Catholic of Kashubian-Polish origin",domain,He was born into a lower-middle-class family of Roman Catholics,0.80078125,0.4166666666666667,0.4780893921852112,1.3377854866849617
1466,Siegfried Lenz,"<|begin_of_text|><|start_header_id|>system<|end_header_id|>

Cutting Knowledge Date: December 2023
Today Date: 26 July 2024

<|eot_id|><|start_header_id|>user<|end_header_id|>

What was Günter Grass's religious upbringing?<|eot_id|><|start_header_id|>assistant<|end_header_id|>

",He was raised a Catholic and served as an altar boy when he was a child,domain,He was raised as a Roman Catholic,0.734375,0.7142857142857143,0.7611707448959351,3.2029187389124782
1467,Siegfried Lenz,"<|begin_of_text|><|start_header_id|>system<|end_header_id|>

Cutting Knowledge Date: December 2023
Today Date: 26 July 2024

<|eot_id|><|start_header_id|>user<|end_header_id|>

What was Günter Grass's education?<|eot_id|><|start_header_id|>assistant<|end_header_id|>

",He attended the Danzig gymnasium Conradinum and later studied sculpture and graphics at the Kunstakademie Düsseldorf,domain,He attended the Danzig Gymnasium and later studied sculpture and graphic design at the Kunstakademie Düsseldorf,0.8671875,0.9411764705882353,0.9155828952789307,1.213318751604567
1468,Siegfried Lenz,"<|begin_of_text|><|start_header_id|>system<|end_header_id|>

Cutting Knowledge Date: December 2023
Today Date: 26 July 2024

<|eot_id|><|start_header_id|>user<|end_header_id|>

What was Günter Grass's training before becoming a writer?<|eot_id|><|start_header_id|>assistant<|end_header_id|>

",He was trained as a stonemason and sculptor,domain,He was trained as a stonemason and sculptor,0.93359375,1.0,1.0000001192092896,1.0870809688745489
1469,Siegfried Lenz,"<|begin_of_text|><|start_header_id|>system<|end_header_id|>

Cutting Knowledge Date: December 2023
Today Date: 26 July 2024

<|eot_id|><|start_header_id|>user<|end_header_id|>

What was Günter Grass's most famous work?<|eot_id|><|start_header_id|>assistant<|end_header_id|>

",The Tin Drum (1959),domain,The Tin Drum,0.8515625,1.0,0.9081474542617798,1.7966745787498977
1470,Siegfried Lenz,"<|begin_of_text|><|start_header_id|>system<|end_header_id|>

Cutting Knowledge Date: December 2023
Today Date: 26 July 2024

<|eot_id|><|start_header_id|>user<|end_header_id|>

What was the significance of The Tin Drum?<|eot_id|><|start_header_id|>assistant<|end_header_id|>

",It was a key text in European magic realism and established Grass as one of the leading authors of Germany,domain,It was a key work of magic realism and a major contribution to the German literary canon,0.5,0.47058823529411764,0.7393863797187805,3.032462512963828
1471,Siegfried Lenz,"<|begin_of_text|><|start_header_id|>system<|end_header_id|>

Cutting Knowledge Date: December 2023
Today Date: 26 July 2024

<|eot_id|><|start_header_id|>user<|end_header_id|>

What awards did Günter Grass receive?<|eot_id|><|start_header_id|>assistant<|end_header_id|>

","He received the Nobel Prize in Literature in 1999, the Georg Büchner Prize in 1965, and the Hermann Kesten Prize in 1995",domain,"He received the Nobel Prize in Literature in 1999, the Georg Büchner Prize in 1965, and the Hermann Kesten Prize in 1995",0.95703125,1.0,1.0000001192092896,1.0518358956034561
1472,Siegfried Lenz,"<|begin_of_text|><|start_header_id|>system<|end_header_id|>

Cutting Knowledge Date: December 2023
Today Date: 26 July 2024

<|eot_id|><|start_header_id|>user<|end_header_id|>

What was the significance of Günter Grass's Nobel Prize?<|eot_id|><|start_header_id|>assistant<|end_header_id|>

",It was the highest literary honor and recognized his contributions to literature,domain,It was the highest literary honor and recognized his contributions to literature,0.83984375,1.0,1.0,1.2180675469304891
1473,Siegfried Lenz,"<|begin_of_text|><|start_header_id|>system<|end_header_id|>

Cutting Knowledge Date: December 2023
Today Date: 26 July 2024

<|eot_id|><|start_header_id|>user<|end_header_id|>

What was Günter Grass's political affiliation?<|eot_id|><|start_header_id|>assistant<|end_header_id|>

",He was a supporter of the Social Democratic Party of Germany (SPD),domain,He was a member of the Social Democratic Party of Germany (SPD),0.87890625,0.9166666666666666,0.946006178855896,1.4779041954117385
1474,Siegfried Lenz,"<|begin_of_text|><|start_header_id|>system<|end_header_id|>

Cutting Knowledge Date: December 2023
Today Date: 26 July 2024

<|eot_id|><|start_header_id|>user<|end_header_id|>

What was Günter Grass's stance on the reunification of Germany?<|eot_id|><|start_header_id|>assistant<|end_header_id|>

","He argued for the continued separation of the two German states, fearing a unified Germany would resume its role as a belligerent nation-state",domain,"He supported it, but also warned against the dangers of a unified German state",0.62109375,0.42857142857142855,0.7034037709236145,3.032462512963828
1475,Siegfried Lenz,"<|begin_of_text|><|start_header_id|>system<|end_header_id|>

Cutting Knowledge Date: December 2023
Today Date: 26 July 2024

<|eot_id|><|start_header_id|>user<|end_header_id|>

What was Günter Grass's personal life like?<|eot_id|><|start_header_id|>assistant<|end_header_id|>

",He was married four times and had several children and grandchildren,domain,"He was married three times and had two children, and was known for his outspoken views on politics and society",0.7421875,0.4,0.5218508243560791,1.4721423929952648
1476,Siegfried Lenz,"<|begin_of_text|><|start_header_id|>system<|end_header_id|>

Cutting Knowledge Date: December 2023
Today Date: 26 July 2024

<|eot_id|><|start_header_id|>user<|end_header_id|>

What was the title of Hans Magnus Enzensberger's first literary publication?<|eot_id|><|start_header_id|>assistant<|end_header_id|>

",Verteidigung der Wölfe (Defense of the Wolves),domain,Verteidigung der Wölfe (Defense of the Wolves),0.953125,1.0,1.0000001192092896,1.0538922701115834
1477,Siegfried Lenz,"<|begin_of_text|><|start_header_id|>system<|end_header_id|>

Cutting Knowledge Date: December 2023
Today Date: 26 July 2024

<|eot_id|><|start_header_id|>user<|end_header_id|>

What was Günter Grass's cause of death?<|eot_id|><|start_header_id|>assistant<|end_header_id|>

",He died of a lung infection on 13 April 2015,domain,He died of a lung infection on 13 April 2015.,0.9375,1.0,0.9572350978851318,1.0759910969550313
1478,Siegfried Lenz,"<|begin_of_text|><|start_header_id|>system<|end_header_id|>

Cutting Knowledge Date: December 2023
Today Date: 26 July 2024

<|eot_id|><|start_header_id|>user<|end_header_id|>

Where was Günter Grass born?<|eot_id|><|start_header_id|>assistant<|end_header_id|>

","The Free City of Danzig (now Gdańsk, Poland)",domain,"The Free City of Danzig (now Gdańsk, Poland)",1.0,1.0,1.0,1.00132839618605
1479,Siegfried Lenz,"<|begin_of_text|><|start_header_id|>system<|end_header_id|>

Cutting Knowledge Date: December 2023
Today Date: 26 July 2024

<|eot_id|><|start_header_id|>user<|end_header_id|>

What was Günter Grass's literary style?<|eot_id|><|start_header_id|>assistant<|end_header_id|>

",It combined elements of magic realism with a penchant for questioning and social critique,domain,A unique blend of magical realism and social commentary,0.5078125,0.5555555555555556,0.791950523853302,4.8458612978620605
1480,Siegfried Lenz,"<|begin_of_text|><|start_header_id|>system<|end_header_id|>

Cutting Knowledge Date: December 2023
Today Date: 26 July 2024

<|eot_id|><|start_header_id|>user<|end_header_id|>

What was the main purpose of Group 47's meetings?<|eot_id|><|start_header_id|>assistant<|end_header_id|>

","Literary criticism and promotion of young, unknown authors.",entity,To discuss and evaluate new literary work.,0.6171875,0.14285714285714285,0.6044292449951172,1.8107660721193872
1481,Siegfried Lenz,"<|begin_of_text|><|start_header_id|>system<|end_header_id|>

Cutting Knowledge Date: December 2023
Today Date: 26 July 2024

<|eot_id|><|start_header_id|>user<|end_header_id|>

What was the title of Martin Walser's thesis when he achieved his doctorate in literature in 1951?<|eot_id|><|start_header_id|>assistant<|end_header_id|>

",A thesis on Franz Kafka,domain,A thesis about the German writer Hans Carossa,0.609375,0.25,0.6046568155288696,1.9732609918098354
1482,Siegfried Lenz,"<|begin_of_text|><|start_header_id|>system<|end_header_id|>

Cutting Knowledge Date: December 2023
Today Date: 26 July 2024

<|eot_id|><|start_header_id|>user<|end_header_id|>

What was the name of the magazine that Hans Magnus Enzensberger edited from 1965?<|eot_id|><|start_header_id|>assistant<|end_header_id|>

",Kursbuch,domain,Kursbuch,0.97265625,1.0,0.9999998807907104,1.0279719602350172
1483,Siegfried Lenz,"<|begin_of_text|><|start_header_id|>system<|end_header_id|>

Cutting Knowledge Date: December 2023
Today Date: 26 July 2024

<|eot_id|><|start_header_id|>user<|end_header_id|>

What was the name of Martin Walser's wife?<|eot_id|><|start_header_id|>assistant<|end_header_id|>

",Katharina 'Käthe' Neuner-Jehle,domain,Brigitte Schwaiger,0.8359375,0.0,0.2857137620449066,1.3695101552622482
1484,Siegfried Lenz,"<|begin_of_text|><|start_header_id|>system<|end_header_id|>

Cutting Knowledge Date: December 2023
Today Date: 26 July 2024

<|eot_id|><|start_header_id|>user<|end_header_id|>

Where was Martin Walser born?<|eot_id|><|start_header_id|>assistant<|end_header_id|>

","Wasserburg, on Lake Constance",domain,"Wasserburg, on Lake Constance",0.8828125,1.0,0.9999998807907104,1.1487471055123326
1485,Siegfried Lenz,"<|begin_of_text|><|start_header_id|>system<|end_header_id|>

Cutting Knowledge Date: December 2023
Today Date: 26 July 2024

<|eot_id|><|start_header_id|>user<|end_header_id|>

What was Martin Walser's occupation before becoming a writer?<|eot_id|><|start_header_id|>assistant<|end_header_id|>

",Journalist for Süddeutscher Rundfunk,domain,Journalist for Süddeutscher Rundfunk,0.90234375,1.0,0.9999998807907104,1.1331484530668263
1486,Siegfried Lenz,"<|begin_of_text|><|start_header_id|>system<|end_header_id|>

Cutting Knowledge Date: December 2023
Today Date: 26 July 2024

<|eot_id|><|start_header_id|>user<|end_header_id|>

What was the title of Martin Walser's first novel?<|eot_id|><|start_header_id|>assistant<|end_header_id|>

",Marriage in Philippsburg,domain,Marriage in Philippsburg,0.96484375,1.0,0.9999999403953552,1.0365404439631563
1487,Siegfried Lenz,"<|begin_of_text|><|start_header_id|>system<|end_header_id|>

Cutting Knowledge Date: December 2023
Today Date: 26 July 2024

<|eot_id|><|start_header_id|>user<|end_header_id|>

What was the name of the prize that Martin Walser received in 1981?<|eot_id|><|start_header_id|>assistant<|end_header_id|>

",Georg Büchner Prize,domain,Georg Büchner Prize,0.984375,1.0,0.9999998807907104,1.0161197546268175
1488,Siegfried Lenz,"<|begin_of_text|><|start_header_id|>system<|end_header_id|>

Cutting Knowledge Date: December 2023
Today Date: 26 July 2024

<|eot_id|><|start_header_id|>user<|end_header_id|>

What was the title of the speech that Martin Walser gave when he received the Peace Prize of the German Book Trade in 1998?<|eot_id|><|start_header_id|>assistant<|end_header_id|>

",Experiences while drafting a soap box speech,domain,Experiences while dreaming of a solution,0.53515625,0.5,0.27343159914016724,7.743664305075443
1489,Siegfried Lenz,"<|begin_of_text|><|start_header_id|>system<|end_header_id|>

Cutting Knowledge Date: December 2023
Today Date: 26 July 2024

<|eot_id|><|start_header_id|>user<|end_header_id|>

What was the religious affiliation of Heinrich Böll's family?<|eot_id|><|start_header_id|>assistant<|end_header_id|>

",Roman Catholic and pacifist,domain,Roman Catholic,0.65234375,1.0,0.789749801158905,2.916290698438084
1490,Siegfried Lenz,"<|begin_of_text|><|start_header_id|>system<|end_header_id|>

Cutting Knowledge Date: December 2023
Today Date: 26 July 2024

<|eot_id|><|start_header_id|>user<|end_header_id|>

How many daughters did Martin Walser have?<|eot_id|><|start_header_id|>assistant<|end_header_id|>

",Four,domain,Three,0.09765625,0.0,0.631860613822937,10.258688448076699
1491,Siegfried Lenz,"<|begin_of_text|><|start_header_id|>system<|end_header_id|>

Cutting Knowledge Date: December 2023
Today Date: 26 July 2024

<|eot_id|><|start_header_id|>user<|end_header_id|>

What was the title of Martin Walser's most famous and best-selling work?<|eot_id|><|start_header_id|>assistant<|end_header_id|>

",Runaway Horse,domain,Runaway Horse,0.99609375,1.0,0.9999999403953552,1.0051094444648316
1492,Siegfried Lenz,"<|begin_of_text|><|start_header_id|>system<|end_header_id|>

Cutting Knowledge Date: December 2023
Today Date: 26 July 2024

<|eot_id|><|start_header_id|>user<|end_header_id|>

In what year was Martin Walser's novella Runaway Horse published?<|eot_id|><|start_header_id|>assistant<|end_header_id|>

",1978,domain,1978,0.7890625,1.0,1.0000001192092896,1.3119103730967598
1493,Siegfried Lenz,"<|begin_of_text|><|start_header_id|>system<|end_header_id|>

Cutting Knowledge Date: December 2023
Today Date: 26 July 2024

<|eot_id|><|start_header_id|>user<|end_header_id|>

What was the name of the party that Martin Walser became a member of in 1944?<|eot_id|><|start_header_id|>assistant<|end_header_id|>

",Nazi Party,domain,Nazi Party,0.96484375,1.0,0.9999999403953552,1.0360344442446432
1494,Siegfried Lenz,"<|begin_of_text|><|start_header_id|>system<|end_header_id|>

Cutting Knowledge Date: December 2023
Today Date: 26 July 2024

<|eot_id|><|start_header_id|>user<|end_header_id|>

When was Wolfgang Koeppen born?<|eot_id|><|start_header_id|>assistant<|end_header_id|>

",23 June 1906,domain,23 June 1906,1.0,1.0,1.0000001192092896,1.0008472214825104
1495,Siegfried Lenz,"<|begin_of_text|><|start_header_id|>system<|end_header_id|>

Cutting Knowledge Date: December 2023
Today Date: 26 July 2024

<|eot_id|><|start_header_id|>user<|end_header_id|>

At what age did Martin Walser become a member of the Nazi Party?<|eot_id|><|start_header_id|>assistant<|end_header_id|>

",17,domain,17,0.97265625,1.0,0.9999998807907104,1.0260914095795763
1496,Siegfried Lenz,"<|begin_of_text|><|start_header_id|>system<|end_header_id|>

Cutting Knowledge Date: December 2023
Today Date: 26 July 2024

<|eot_id|><|start_header_id|>user<|end_header_id|>

What was the name of the university where Martin Walser studied literature, history, and philosophy?<|eot_id|><|start_header_id|>assistant<|end_header_id|>

",University of Regensburg and the University of Tübingen,domain,University of Regensburg and the University of Tübingen,0.98046875,1.0,1.000000238418579,1.020594950634576
1497,Siegfried Lenz,"<|begin_of_text|><|start_header_id|>system<|end_header_id|>

Cutting Knowledge Date: December 2023
Today Date: 26 July 2024

<|eot_id|><|start_header_id|>user<|end_header_id|>

What was the name of the group that Martin Walser was a member of from 1953?<|eot_id|><|start_header_id|>assistant<|end_header_id|>

",Group 47,domain,Group 47,0.94921875,1.0,0.9999998807907104,1.0572424566851155
1498,Siegfried Lenz,"<|begin_of_text|><|start_header_id|>system<|end_header_id|>

Cutting Knowledge Date: December 2023
Today Date: 26 July 2024

<|eot_id|><|start_header_id|>user<|end_header_id|>

What was the purpose of Group 47?<|eot_id|><|start_header_id|>assistant<|end_header_id|>

",Focused on literature for a new democratic Germany,domain,To discover new talent in German literature.,0.302734375,0.14285714285714285,0.6891946196556091,14.467069533669397
1499,Siegfried Lenz,"<|begin_of_text|><|start_header_id|>system<|end_header_id|>

Cutting Knowledge Date: December 2023
Today Date: 26 July 2024

<|eot_id|><|start_header_id|>user<|end_header_id|>

What was the title of Martin Walser's novel that caused a scandal in 2002?<|eot_id|><|start_header_id|>assistant<|end_header_id|>

",Death of a Critic,domain,Death of a Critic,0.99609375,1.0,1.0,1.005753794540726
1500,Siegfried Lenz,"<|begin_of_text|><|start_header_id|>system<|end_header_id|>

Cutting Knowledge Date: December 2023
Today Date: 26 July 2024

<|eot_id|><|start_header_id|>user<|end_header_id|>

Who was the literary critic that Martin Walser portrayed in his novel Death of a Critic?<|eot_id|><|start_header_id|>assistant<|end_header_id|>

",Marcel Reich-Ranicki,domain,Marcel Reich-Ranicki,0.984375,1.0,0.9999997615814209,1.016491936939229
1501,Siegfried Lenz,"<|begin_of_text|><|start_header_id|>system<|end_header_id|>

Cutting Knowledge Date: December 2023
Today Date: 26 July 2024

<|eot_id|><|start_header_id|>user<|end_header_id|>

When was Hans Magnus Enzensberger born?<|eot_id|><|start_header_id|>assistant<|end_header_id|>

",11 November 1929,domain,11 November 1929,1.0,1.0,1.0,1.000165953099747
1502,Siegfried Lenz,"<|begin_of_text|><|start_header_id|>system<|end_header_id|>

Cutting Knowledge Date: December 2023
Today Date: 26 July 2024

<|eot_id|><|start_header_id|>user<|end_header_id|>

Where was Hans Magnus Enzensberger born?<|eot_id|><|start_header_id|>assistant<|end_header_id|>

","Kaufbeuren, a small town in Bavaria",domain,"Kaufbeuren, a small town in Bavaria",0.8203125,1.0,0.9999998807907104,1.2940961528463732
1503,Siegfried Lenz,"<|begin_of_text|><|start_header_id|>system<|end_header_id|>

Cutting Knowledge Date: December 2023
Today Date: 26 July 2024

<|eot_id|><|start_header_id|>user<|end_header_id|>

What was the occupation of Hans Magnus Enzensberger's father?<|eot_id|><|start_header_id|>assistant<|end_header_id|>

",Telecommunications technician,domain,Tax inspector,0.578125,0.0,0.14769598841667175,3.773960573430387
1504,Siegfried Lenz,"<|begin_of_text|><|start_header_id|>system<|end_header_id|>

Cutting Knowledge Date: December 2023
Today Date: 26 July 2024

<|eot_id|><|start_header_id|>user<|end_header_id|>

What was the occupation of Hans Magnus Enzensberger's mother?<|eot_id|><|start_header_id|>assistant<|end_header_id|>

",Kindergarten teacher,domain,Kindergarten teacher,0.7890625,1.0,1.0000001192092896,1.3562011239273402
1505,Siegfried Lenz,"<|begin_of_text|><|start_header_id|>system<|end_header_id|>

Cutting Knowledge Date: December 2023
Today Date: 26 July 2024

<|eot_id|><|start_header_id|>user<|end_header_id|>

Where did Hans Magnus Enzensberger study literature and philosophy?<|eot_id|><|start_header_id|>assistant<|end_header_id|>

","Universities of Erlangen, Freiburg, and Hamburg, and at the Sorbonne in Paris",domain,"Universities of Erlangen, Freiburg, and Hamburg, and at the Sorbonne in Paris",0.9140625,1.0,0.9999999403953552,1.113947659655449
1506,Siegfried Lenz,"<|begin_of_text|><|start_header_id|>system<|end_header_id|>

Cutting Knowledge Date: December 2023
Today Date: 26 July 2024

<|eot_id|><|start_header_id|>user<|end_header_id|>

What was the title of Hans Magnus Enzensberger's thesis for his doctorate?<|eot_id|><|start_header_id|>assistant<|end_header_id|>

",A thesis about Clemens Brentano's poetry,domain,A thesis on the German writer and poet Nikolaus Lenau,0.66796875,0.2,0.6536883115768433,2.2013317100932475
1507,Siegfried Lenz,"<|begin_of_text|><|start_header_id|>system<|end_header_id|>

Cutting Knowledge Date: December 2023
Today Date: 26 July 2024

<|eot_id|><|start_header_id|>user<|end_header_id|>

What was the name of the literary group that Hans Magnus Enzensberger was a part of?<|eot_id|><|start_header_id|>assistant<|end_header_id|>

",Group 47,domain,Group 47,1.0,1.0,0.9999998807907104,1.0005761852180772
1508,Siegfried Lenz,"<|begin_of_text|><|start_header_id|>system<|end_header_id|>

Cutting Knowledge Date: December 2023
Today Date: 26 July 2024

<|eot_id|><|start_header_id|>user<|end_header_id|>

When was Martin Walser born?<|eot_id|><|start_header_id|>assistant<|end_header_id|>

",24 March 1927,domain,24 March 1927,0.984375,1.0,1.0000001192092896,1.0159957241412068
1509,Siegfried Lenz,"<|begin_of_text|><|start_header_id|>system<|end_header_id|>

Cutting Knowledge Date: December 2023
Today Date: 26 July 2024

<|eot_id|><|start_header_id|>user<|end_header_id|>

What did Heinrich Böll study at the University of Cologne?<|eot_id|><|start_header_id|>assistant<|end_header_id|>

",German studies and classics,domain,"German studies, history, and German literature",0.64453125,0.5,0.862435519695282,1.7482123472930606
1510,Siegfried Lenz,"<|begin_of_text|><|start_header_id|>system<|end_header_id|>

Cutting Knowledge Date: December 2023
Today Date: 26 July 2024

<|eot_id|><|start_header_id|>user<|end_header_id|>

When was Heinrich Böll's first novel published?<|eot_id|><|start_header_id|>assistant<|end_header_id|>

",1949,domain,1949,0.9921875,1.0,1.0,1.0068900832303844
1511,Siegfried Lenz,"<|begin_of_text|><|start_header_id|>system<|end_header_id|>

Cutting Knowledge Date: December 2023
Today Date: 26 July 2024

<|eot_id|><|start_header_id|>user<|end_header_id|>

How is a Fähnrich zur See formally addressed in the navy context?<|eot_id|><|start_header_id|>assistant<|end_header_id|>

",Herr/Frau Fähnrich zur See,entity,Herr/Frau Fähnrich zur See,0.98828125,1.0,1.0,1.0135801534060493
1512,Siegfried Lenz,"<|begin_of_text|><|start_header_id|>system<|end_header_id|>

Cutting Knowledge Date: December 2023
Today Date: 26 July 2024

<|eot_id|><|start_header_id|>user<|end_header_id|>

What was the title of Hans Magnus Enzensberger's 1987 book?<|eot_id|><|start_header_id|>assistant<|end_header_id|>

",Ach Europa! Wahrnehmungen aus sieben Ländern,domain,Ach Europa! Wahrnehmungen aus sieben Ländern,0.91796875,1.0,0.9999998807907104,1.1144917122256655
1513,Siegfried Lenz,"<|begin_of_text|><|start_header_id|>system<|end_header_id|>

Cutting Knowledge Date: December 2023
Today Date: 26 July 2024

<|eot_id|><|start_header_id|>user<|end_header_id|>

What award did Hans Magnus Enzensberger receive in 2009?<|eot_id|><|start_header_id|>assistant<|end_header_id|>

",A special lifetime recognition award given by the trustees of the Griffin Trust for Excellence in Poetry,domain,Nord-Süd-Preis,0.87109375,0.0,0,1.3883625067566268
1514,Siegfried Lenz,"<|begin_of_text|><|start_header_id|>system<|end_header_id|>

Cutting Knowledge Date: December 2023
Today Date: 26 July 2024

<|eot_id|><|start_header_id|>user<|end_header_id|>

What was the term coined by Hans Magnus Enzensberger in his 1974 work?<|eot_id|><|start_header_id|>assistant<|end_header_id|>

",Consciousness industry,domain,Consciousness industry,0.828125,1.0,1.0,1.289050950076283
1515,Siegfried Lenz,"<|begin_of_text|><|start_header_id|>system<|end_header_id|>

Cutting Knowledge Date: December 2023
Today Date: 26 July 2024

<|eot_id|><|start_header_id|>user<|end_header_id|>

What was the name of the machine that Hans Magnus Enzensberger invented?<|eot_id|><|start_header_id|>assistant<|end_header_id|>

",Landsberger Poesieautomat,domain,Typoex,0.6171875,0.0,0.12174767255783081,2.4461888696413343
1516,Siegfried Lenz,"<|begin_of_text|><|start_header_id|>system<|end_header_id|>

Cutting Knowledge Date: December 2023
Today Date: 26 July 2024

<|eot_id|><|start_header_id|>user<|end_header_id|>

What was the title of Hans Magnus Enzensberger's 2014 book?<|eot_id|><|start_header_id|>assistant<|end_header_id|>

",Tumult,domain,Der Krieg um den Klimawandel (The War About Climate Change),0.6484375,0.0,0.19378912448883057,2.7396015770741706
1517,Siegfried Lenz,"<|begin_of_text|><|start_header_id|>system<|end_header_id|>

Cutting Knowledge Date: December 2023
Today Date: 26 July 2024

<|eot_id|><|start_header_id|>user<|end_header_id|>

What was the name of the literary journal that Hans Magnus Enzensberger co-founded?<|eot_id|><|start_header_id|>assistant<|end_header_id|>

",TransAtlantik,domain,TransAtlantik,0.8671875,1.0,1.0,1.1886896458684653
1518,Siegfried Lenz,"<|begin_of_text|><|start_header_id|>system<|end_header_id|>

Cutting Knowledge Date: December 2023
Today Date: 26 July 2024

<|eot_id|><|start_header_id|>user<|end_header_id|>

Where did Hans Magnus Enzensberger live from 1979 until his death?<|eot_id|><|start_header_id|>assistant<|end_header_id|>

",Munich,domain,Munich,0.8671875,1.0,0.9999999403953552,1.1714041120036267
1519,Siegfried Lenz,"<|begin_of_text|><|start_header_id|>system<|end_header_id|>

Cutting Knowledge Date: December 2023
Today Date: 26 July 2024

<|eot_id|><|start_header_id|>user<|end_header_id|>

What was Hans Magnus Enzensberger's passion?<|eot_id|><|start_header_id|>assistant<|end_header_id|>

",Mathematics,domain,Mathematics,0.875,1.0,1.0000001192092896,1.144268564975668
1520,Siegfried Lenz,"<|begin_of_text|><|start_header_id|>system<|end_header_id|>

Cutting Knowledge Date: December 2023
Today Date: 26 July 2024

<|eot_id|><|start_header_id|>user<|end_header_id|>

During which world conflict was the Hansa utilized by Nazi Germany's Kriegsmarine?<|eot_id|><|start_header_id|>assistant<|end_header_id|>

",World War II,entity,World War II,1.0,1.0,1.0,1.0008854015023227
1521,Siegfried Lenz,"<|begin_of_text|><|start_header_id|>system<|end_header_id|>

Cutting Knowledge Date: December 2023
Today Date: 26 July 2024

<|eot_id|><|start_header_id|>user<|end_header_id|>

What was the name of Hans Magnus Enzensberger's brother?<|eot_id|><|start_header_id|>assistant<|end_header_id|>

",Christian Enzensberger,domain,Christian Enzensberger,0.9453125,1.0,1.0,1.0624173972186313
1522,Siegfried Lenz,"<|begin_of_text|><|start_header_id|>system<|end_header_id|>

Cutting Knowledge Date: December 2023
Today Date: 26 July 2024

<|eot_id|><|start_header_id|>user<|end_header_id|>

How many times was Hans Magnus Enzensberger married?<|eot_id|><|start_header_id|>assistant<|end_header_id|>

",Three times,domain,Three times,0.984375,1.0,0.9999998807907104,1.0167401342123066
1523,Siegfried Lenz,"<|begin_of_text|><|start_header_id|>system<|end_header_id|>

Cutting Knowledge Date: December 2023
Today Date: 26 July 2024

<|eot_id|><|start_header_id|>user<|end_header_id|>

What was the fate of the Hansa after being de-commissioned as a Hilfskreuzer in February 1944?<|eot_id|><|start_header_id|>assistant<|end_header_id|>

",The ship became a Kadettenschulschiff (cadet training ship).,entity,She was converted into a blockship and sunk in the Baltic Sea on 26 April 1945.,0.64453125,0.0625,0.2814812958240509,4.08062433502646
1524,Siegfried Lenz,"<|begin_of_text|><|start_header_id|>system<|end_header_id|>

Cutting Knowledge Date: December 2023
Today Date: 26 July 2024

<|eot_id|><|start_header_id|>user<|end_header_id|>

When did the meetings of Group 47 end?<|eot_id|><|start_header_id|>assistant<|end_header_id|>

",1967,entity,1967,0.8359375,1.0,1.0,1.2192576470282712
1525,Siegfried Lenz,"<|begin_of_text|><|start_header_id|>system<|end_header_id|>

Cutting Knowledge Date: December 2023
Today Date: 26 July 2024

<|eot_id|><|start_header_id|>user<|end_header_id|>

What prestigious award did Martin Walser receive in 1981?<|eot_id|><|start_header_id|>assistant<|end_header_id|>

",The Georg Büchner Prize,entity,The Georg Büchner Prize,0.8984375,1.0,1.0,1.1465056484573242
1526,Siegfried Lenz,"<|begin_of_text|><|start_header_id|>system<|end_header_id|>

Cutting Knowledge Date: December 2023
Today Date: 26 July 2024

<|eot_id|><|start_header_id|>user<|end_header_id|>

What was the name of the book series that Hans Magnus Enzensberger edited from 1985?<|eot_id|><|start_header_id|>assistant<|end_header_id|>

",Die Andere Bibliothek,domain,Die Andere Bibliothek,0.99609375,1.0,0.9999998211860657,1.0042816009108217
1527,Siegfried Lenz,"<|begin_of_text|><|start_header_id|>system<|end_header_id|>

Cutting Knowledge Date: December 2023
Today Date: 26 July 2024

<|eot_id|><|start_header_id|>user<|end_header_id|>

What does 'Fähnrich zur See' designate in the German Navy?<|eot_id|><|start_header_id|>assistant<|end_header_id|>

",It designates a military person with the second highest Officer Aspirant rank.,entity,It designates a junior officer rank.,0.494140625,0.8333333333333334,0.6730536222457886,6.222209072198332
1528,Siegfried Lenz,"<|begin_of_text|><|start_header_id|>system<|end_header_id|>

Cutting Knowledge Date: December 2023
Today Date: 26 July 2024

<|eot_id|><|start_header_id|>user<|end_header_id|>

What countries were involved in the Treaty of Warsaw (1970)?<|eot_id|><|start_header_id|>assistant<|end_header_id|>

",The Federal Republic of Germany (West Germany) and the People's Republic of Poland.,entity,The Federal Republic of Germany and the People's Republic of Poland.,0.875,1.0,0.9228807091712952,1.5011778000001228
1529,Siegfried Lenz,"<|begin_of_text|><|start_header_id|>system<|end_header_id|>

Cutting Knowledge Date: December 2023
Today Date: 26 July 2024

<|eot_id|><|start_header_id|>user<|end_header_id|>

Why was the Treaty of Warsaw significant from the Polish perspective?<|eot_id|><|start_header_id|>assistant<|end_header_id|>

","It was considered a compensation for the former Polish territory east of the Curzon Line, annexed by the Soviet Union in 1939.",entity,The Treaty of Warsaw was significant from the Polish perspective because it marked the end of the First Partition of Poland and the beginning of a period of renewed Polish autonomy under the rule of the Russian Empire.,0.640625,0.15789473684210525,0.48876863718032837,3.1532620864771905
1530,Siegfried Lenz,"<|begin_of_text|><|start_header_id|>system<|end_header_id|>

Cutting Knowledge Date: December 2023
Today Date: 26 July 2024

<|eot_id|><|start_header_id|>user<|end_header_id|>

What did the Treaty of Warsaw (1970) commit both sides to?<|eot_id|><|start_header_id|>assistant<|end_header_id|>

",Nonviolence and acceptance of the existing border—the Oder-Neisse line.,entity,Non-violence and recognition of the existing border between East and West Germany on the Oder River.,0.7109375,0.4117647058823529,0.5453841686248779,3.8333918047584103
1531,Siegfried Lenz,"<|begin_of_text|><|start_header_id|>system<|end_header_id|>

Cutting Knowledge Date: December 2023
Today Date: 26 July 2024

<|eot_id|><|start_header_id|>user<|end_header_id|>

What significant event in Dieter Hildebrandt's life happened in 1944?<|eot_id|><|start_header_id|>assistant<|end_header_id|>

",He was admitted to the Nazi Party on 20 April 1944.,entity,He was hospitalized for several months due to a severe case of diphtheria.,0.76953125,0.23076923076923078,0.07661829888820648,2.13360385352902
1532,Siegfried Lenz,"<|begin_of_text|><|start_header_id|>system<|end_header_id|>

Cutting Knowledge Date: December 2023
Today Date: 26 July 2024

<|eot_id|><|start_header_id|>user<|end_header_id|>

What significant role did the Hansa serve from September 1944 to May 1945?<|eot_id|><|start_header_id|>assistant<|end_header_id|>

","Participated in the Baltic Sea evacuations, transporting over 12,000 soldiers and civilians.",entity,It served as a floating hospital ship.,0.671875,0.0,0.24913938343524933,1.7896700083849195
1533,Siegfried Lenz,"<|begin_of_text|><|start_header_id|>system<|end_header_id|>

Cutting Knowledge Date: December 2023
Today Date: 26 July 2024

<|eot_id|><|start_header_id|>user<|end_header_id|>

What controversy did Martin Walser cause in his acceptance speech for the Peace Prize of the German Book Trade?<|eot_id|><|start_header_id|>assistant<|end_header_id|>

",He criticised the 'monumentalization of shame' in remembrance of the Holocaust.,entity,He criticized the 'monumentalization of shame' and questioned the way Germany remembers its past.,0.7265625,0.42857142857142855,0.7897725105285645,1.7896700083849195
1534,Siegfried Lenz,"<|begin_of_text|><|start_header_id|>system<|end_header_id|>

Cutting Knowledge Date: December 2023
Today Date: 26 July 2024

<|eot_id|><|start_header_id|>user<|end_header_id|>

Why was the Hansa not given a raider letter by the Royal Navy?<|eot_id|><|start_header_id|>assistant<|end_header_id|>

",Because she did not enter active service as a commerce raider.,entity,Because she was not a German auxiliary cruiser.,0.609375,0.5,0.34589284658432007,2.686612885913475
1535,Siegfried Lenz,"<|begin_of_text|><|start_header_id|>system<|end_header_id|>

Cutting Knowledge Date: December 2023
Today Date: 26 July 2024

<|eot_id|><|start_header_id|>user<|end_header_id|>

When did Dieter Hildebrandt die, and what was revealed just days before his death?<|eot_id|><|start_header_id|>assistant<|end_header_id|>

","He died on 20 November 2013, and it was revealed just days before that he had cancer.",entity,"He died on 20 November 2013, and it was revealed just days before his death that he had been diagnosed with pancreatic cancer.",0.828125,0.7391304347826086,0.8411594033241272,1.5762965263897655
1536,Siegfried Lenz,"<|begin_of_text|><|start_header_id|>system<|end_header_id|>

Cutting Knowledge Date: December 2023
Today Date: 26 July 2024

<|eot_id|><|start_header_id|>user<|end_header_id|>

How was the Treaty of Warsaw (1970) viewed by the conservative opposition in West Germany?<|eot_id|><|start_header_id|>assistant<|end_header_id|>

",As a betrayal of national interests.,entity,As a betrayal of national interests,0.6171875,1.0,0.9736154079437256,1.9965211679612622
1537,Siegfried Lenz,"<|begin_of_text|><|start_header_id|>system<|end_header_id|>

Cutting Knowledge Date: December 2023
Today Date: 26 July 2024

<|eot_id|><|start_header_id|>user<|end_header_id|>

What significant role did Group 47 play in post-World War II Germany?<|eot_id|><|start_header_id|>assistant<|end_header_id|>

",It offered a platform for the renewal of German literature after World War II and the end of censorship in Nazi Germany.,entity,It played a significant role in the rebirth of German literature and the democratization of the German literary scene.,0.65625,0.47368421052631576,0.7189184427261353,2.067959764047124
1538,Siegfried Lenz,"<|begin_of_text|><|start_header_id|>system<|end_header_id|>

Cutting Knowledge Date: December 2023
Today Date: 26 July 2024

<|eot_id|><|start_header_id|>user<|end_header_id|>

What was the original purpose of the German auxiliary cruiser Hansa before it was converted?<|eot_id|><|start_header_id|>assistant<|end_header_id|>

",It was originally conceived as the cargo ship Glengarry.,entity,It was originally intended to be a merchant ship.,0.58984375,0.4444444444444444,0.5162455439567566,2.985448539365356
1539,Siegfried Lenz,"<|begin_of_text|><|start_header_id|>system<|end_header_id|>

Cutting Knowledge Date: December 2023
Today Date: 26 July 2024

<|eot_id|><|start_header_id|>user<|end_header_id|>

What is the NATO rank group equivalent for Fähnrich zur See?<|eot_id|><|start_header_id|>assistant<|end_header_id|>

",OR-6,entity,NATO rank group: OF-D,0.61328125,0.0,0.24827274680137634,7.505416801107283
1540,Sylvester Stallone,"<|begin_of_text|><|start_header_id|>system<|end_header_id|>

Cutting Knowledge Date: December 2023
Today Date: 26 July 2024

<|eot_id|><|start_header_id|>user<|end_header_id|>

What was Stallone's birthplace?<|eot_id|><|start_header_id|>assistant<|end_header_id|>

","Hell's Kitchen, New York City",general,"Hell's Kitchen, Manhattan, New York City",0.8515625,0.8571428571428571,0.9740787148475647,1.7896700083849195
1541,Sylvester Stallone,"<|begin_of_text|><|start_header_id|>system<|end_header_id|>

Cutting Knowledge Date: December 2023
Today Date: 26 July 2024

<|eot_id|><|start_header_id|>user<|end_header_id|>

What award did Stallone win for his role in Creed?<|eot_id|><|start_header_id|>assistant<|end_header_id|>

",Golden Globe Award,general,Golden Globe Award for Best Supporting Actor in a Motion Picture,0.96875,0.2727272727272727,0.7120074033737183,1.0309880127256603
1542,Sylvester Stallone,"<|begin_of_text|><|start_header_id|>system<|end_header_id|>

Cutting Knowledge Date: December 2023
Today Date: 26 July 2024

<|eot_id|><|start_header_id|>user<|end_header_id|>

What character did Stallone portray in First Blood?<|eot_id|><|start_header_id|>assistant<|end_header_id|>

",John Rambo,general,John Rambo,0.99609375,1.0,1.0,1.0018403754981091
1543,Sylvester Stallone,"<|begin_of_text|><|start_header_id|>system<|end_header_id|>

Cutting Knowledge Date: December 2023
Today Date: 26 July 2024

<|eot_id|><|start_header_id|>user<|end_header_id|>

What iconic role did Sylvester Stallone play in 1976?<|eot_id|><|start_header_id|>assistant<|end_header_id|>

",Rocky Balboa,general,Rocky Balboa,0.9921875,1.0,1.0,1.009135716508487
1544,Sylvester Stallone,"<|begin_of_text|><|start_header_id|>system<|end_header_id|>

Cutting Knowledge Date: December 2023
Today Date: 26 July 2024

<|eot_id|><|start_header_id|>user<|end_header_id|>

When was Sylvester Stallone born?<|eot_id|><|start_header_id|>assistant<|end_header_id|>

","July 6, 1946",general,"July 6, 1946",1.0,1.0,0.9999998807907104,1.0000991870476161
1545,Ted Bundy,"<|begin_of_text|><|start_header_id|>system<|end_header_id|>

Cutting Knowledge Date: December 2023
Today Date: 26 July 2024

<|eot_id|><|start_header_id|>user<|end_header_id|>

How many of his victims did Ted Bundy decapitate?<|eot_id|><|start_header_id|>assistant<|end_header_id|>

",at least 12,general,at least 12,0.98828125,1.0,1.0,1.0121582791294126
1546,Ted Bundy,"<|begin_of_text|><|start_header_id|>system<|end_header_id|>

Cutting Knowledge Date: December 2023
Today Date: 26 July 2024

<|eot_id|><|start_header_id|>user<|end_header_id|>

How many murders did Ted Bundy confess to committing?<|eot_id|><|start_header_id|>assistant<|end_header_id|>

",30,general,30,0.95703125,1.0,1.000000238418579,1.0428863311694745
1547,Ted Bundy,"<|begin_of_text|><|start_header_id|>system<|end_header_id|>

Cutting Knowledge Date: December 2023
Today Date: 26 July 2024

<|eot_id|><|start_header_id|>user<|end_header_id|>

When did Ted Bundy die?<|eot_id|><|start_header_id|>assistant<|end_header_id|>

","January 24, 1989",general,"January 24, 1989",1.0,1.0,1.0,1.0000166894398042
1548,Ted Bundy,"<|begin_of_text|><|start_header_id|>system<|end_header_id|>

Cutting Knowledge Date: December 2023
Today Date: 26 July 2024

<|eot_id|><|start_header_id|>user<|end_header_id|>

When was Ted Bundy born?<|eot_id|><|start_header_id|>assistant<|end_header_id|>

","November 24, 1946",general,"November 24, 1946",1.0,1.0,1.0,1.000330025759999
1549,Ted Bundy,"<|begin_of_text|><|start_header_id|>system<|end_header_id|>

Cutting Knowledge Date: December 2023
Today Date: 26 July 2024

<|eot_id|><|start_header_id|>user<|end_header_id|>

What was Ted Bundy's full name?<|eot_id|><|start_header_id|>assistant<|end_header_id|>

",Theodore Robert Bundy,general,Theodore Robert Bundy,0.9921875,1.0,1.0,1.008581533928003
1550,Ted Kooser,"<|begin_of_text|><|start_header_id|>system<|end_header_id|>

Cutting Knowledge Date: December 2023
Today Date: 26 July 2024

<|eot_id|><|start_header_id|>user<|end_header_id|>

What was Rita Dove's mother's achievement in high school?<|eot_id|><|start_header_id|>assistant<|end_header_id|>

",She achieved honors in high school,domain,She was valedictorian,0.6484375,0.3333333333333333,0.34675177931785583,2.0760535297197595
1551,Ted Kooser,"<|begin_of_text|><|start_header_id|>system<|end_header_id|>

Cutting Knowledge Date: December 2023
Today Date: 26 July 2024

<|eot_id|><|start_header_id|>user<|end_header_id|>

What was Rita Dove's father's profession?<|eot_id|><|start_header_id|>assistant<|end_header_id|>

",Research chemist at Goodyear,domain,Research chemist at Goodyear,0.9609375,1.0,1.0,1.0400893684101333
1552,Ted Kooser,"<|begin_of_text|><|start_header_id|>system<|end_header_id|>

Cutting Knowledge Date: December 2023
Today Date: 26 July 2024

<|eot_id|><|start_header_id|>user<|end_header_id|>

Where was Rita Dove born?<|eot_id|><|start_header_id|>assistant<|end_header_id|>

","Akron, Ohio",domain,"Akron, Ohio",0.96875,1.0,1.0,1.0347705253527655
1553,Ted Kooser,"<|begin_of_text|><|start_header_id|>system<|end_header_id|>

Cutting Knowledge Date: December 2023
Today Date: 26 July 2024

<|eot_id|><|start_header_id|>user<|end_header_id|>

When was Rita Dove born?<|eot_id|><|start_header_id|>assistant<|end_header_id|>

","August 28, 1952",domain,"August 28, 1952",1.0,1.0,1.0000001192092896,1.000062467618745
1554,Ted Kooser,"<|begin_of_text|><|start_header_id|>system<|end_header_id|>

Cutting Knowledge Date: December 2023
Today Date: 26 July 2024

<|eot_id|><|start_header_id|>user<|end_header_id|>

What significant contribution did Greg Kuzma make in the 1970s?<|eot_id|><|start_header_id|>assistant<|end_header_id|>

","He founded the Best Cellar Press and the literary magazine, Pebble.",entity,He led the first national count of American manuscripts in libraries and archives.,0.515625,0.23076923076923078,0.3499813675880432,5.799736584178129
1555,Ted Kooser,"<|begin_of_text|><|start_header_id|>system<|end_header_id|>

Cutting Knowledge Date: December 2023
Today Date: 26 July 2024

<|eot_id|><|start_header_id|>user<|end_header_id|>

What position did Kay Ryan hold from 2008 to 2010?<|eot_id|><|start_header_id|>assistant<|end_header_id|>

",United States Poet Laureate,domain,United States Poet Laureate,0.984375,1.0,1.0,1.0193498672821566
1556,Ted Kooser,"<|begin_of_text|><|start_header_id|>system<|end_header_id|>

Cutting Knowledge Date: December 2023
Today Date: 26 July 2024

<|eot_id|><|start_header_id|>user<|end_header_id|>

What is the name of the anthology that includes Kay Ryan's selected and new poems?<|eot_id|><|start_header_id|>assistant<|end_header_id|>

",The Best of It: New and Selected Poems,domain,The Best of It: New and Selected Poems,0.99609375,1.0,1.0,1.0045574729742879
1557,Ted Kooser,"<|begin_of_text|><|start_header_id|>system<|end_header_id|>

Cutting Knowledge Date: December 2023
Today Date: 26 July 2024

<|eot_id|><|start_header_id|>user<|end_header_id|>

What university did Rita Dove graduate from with a B.A. in 1973?<|eot_id|><|start_header_id|>assistant<|end_header_id|>

",Miami University,domain,Miami University,0.9609375,1.0,1.0,1.038313389922907
1558,Ted Kooser,"<|begin_of_text|><|start_header_id|>system<|end_header_id|>

Cutting Knowledge Date: December 2023
Today Date: 26 July 2024

<|eot_id|><|start_header_id|>user<|end_header_id|>

What was the name of the university where Rita Dove received her MFA in 1977?<|eot_id|><|start_header_id|>assistant<|end_header_id|>

",University of Iowa,domain,University of Iowa,0.96484375,1.0,0.9999998211860657,1.0393278631103664
1559,Ted Kooser,"<|begin_of_text|><|start_header_id|>system<|end_header_id|>

Cutting Knowledge Date: December 2023
Today Date: 26 July 2024

<|eot_id|><|start_header_id|>user<|end_header_id|>

What magazine did Warren Woessner co-found in 1968?<|eot_id|><|start_header_id|>assistant<|end_header_id|>

",Abraxas Magazine,entity,Copper Canyon Magazine,0.6015625,0.3333333333333333,0.47531068325042725,5.491080233448797
1560,Ted Kooser,"<|begin_of_text|><|start_header_id|>system<|end_header_id|>

Cutting Knowledge Date: December 2023
Today Date: 26 July 2024

<|eot_id|><|start_header_id|>user<|end_header_id|>

What was the name of the award Rita Dove received in 1987?<|eot_id|><|start_header_id|>assistant<|end_header_id|>

",Pulitzer Prize for Poetry,domain,Pulitzer Prize for Poetry,0.99609375,1.0,0.9999998807907104,1.0045574729742879
1561,Ted Kooser,"<|begin_of_text|><|start_header_id|>system<|end_header_id|>

Cutting Knowledge Date: December 2023
Today Date: 26 July 2024

<|eot_id|><|start_header_id|>user<|end_header_id|>

When was Philip Levine born?<|eot_id|><|start_header_id|>assistant<|end_header_id|>

","January 10, 1928",domain,"January 10, 1928",1.0,1.0,0.9999998211860657,1.0000484001428067
1562,Ted Kooser,"<|begin_of_text|><|start_header_id|>system<|end_header_id|>

Cutting Knowledge Date: December 2023
Today Date: 26 July 2024

<|eot_id|><|start_header_id|>user<|end_header_id|>

What award did Kay Ryan win in 2011?<|eot_id|><|start_header_id|>assistant<|end_header_id|>

",The Pulitzer Prize for Poetry,domain,The Pulitzer Prize for Poetry,0.94140625,1.0,0.9999998807907104,1.0728433924348775
1563,Ted Kooser,"<|begin_of_text|><|start_header_id|>system<|end_header_id|>

Cutting Knowledge Date: December 2023
Today Date: 26 July 2024

<|eot_id|><|start_header_id|>user<|end_header_id|>

What was the subject of Philip Levine's thesis for his mail-order master's degree?<|eot_id|><|start_header_id|>assistant<|end_header_id|>

",John Keats' 'Ode to Indolence',domain,John Keats' 'Ode to Indolence',0.9609375,1.0,1.0,1.0449252089785086
1564,Ted Kooser,"<|begin_of_text|><|start_header_id|>system<|end_header_id|>

Cutting Knowledge Date: December 2023
Today Date: 26 July 2024

<|eot_id|><|start_header_id|>user<|end_header_id|>

Can you name a bestseller by Edward Hirsch about reading poetry?<|eot_id|><|start_header_id|>assistant<|end_header_id|>

",The document does not specify the title of the bestseller.,entity,The document does not specify the name of the bestseller.,0.76953125,0.9,0.9736159443855286,1.4436685815988268
1565,Ted Kooser,"<|begin_of_text|><|start_header_id|>system<|end_header_id|>

Cutting Knowledge Date: December 2023
Today Date: 26 July 2024

<|eot_id|><|start_header_id|>user<|end_header_id|>

What types of works does Copper Canyon Press specialize in publishing?<|eot_id|><|start_header_id|>assistant<|end_header_id|>

","Poetry, including new collections, translations, re-issues of classics, prose books about poetry, and anthologies",entity,Poetry and prose written from edges.,0.50390625,0.3333333333333333,0.5524903535842896,3.463180893073949
1566,Ted Kooser,"<|begin_of_text|><|start_header_id|>system<|end_header_id|>

Cutting Knowledge Date: December 2023
Today Date: 26 July 2024

<|eot_id|><|start_header_id|>user<|end_header_id|>

What unique collection did Copper Canyon Press publish in 2016?<|eot_id|><|start_header_id|>assistant<|end_header_id|>

","Then Come Back: The Lost Neruda Poems, a collection of lost poems by Pablo Neruda",entity,The Complete Poetry of Edna St. Vincent Millay,0.85546875,0.25,0.4580131471157074,1.5307858790942768
1567,Ted Kooser,"<|begin_of_text|><|start_header_id|>system<|end_header_id|>

Cutting Knowledge Date: December 2023
Today Date: 26 July 2024

<|eot_id|><|start_header_id|>user<|end_header_id|>

What was the title of Philip Levine's first book of poetry?<|eot_id|><|start_header_id|>assistant<|end_header_id|>

",On the Edge,domain,On the Edge,0.99609375,1.0,1.0,1.005538965297786
1568,Ted Kooser,"<|begin_of_text|><|start_header_id|>system<|end_header_id|>

Cutting Knowledge Date: December 2023
Today Date: 26 July 2024

<|eot_id|><|start_header_id|>user<|end_header_id|>

What university did Philip Levine attend for his undergraduate degree?<|eot_id|><|start_header_id|>assistant<|end_header_id|>

",Wayne University (now Wayne State University),domain,Wayne University (now Wayne State University),0.8984375,1.0,1.0000001192092896,1.139807484613869
1569,Ted Kooser,"<|begin_of_text|><|start_header_id|>system<|end_header_id|>

Cutting Knowledge Date: December 2023
Today Date: 26 July 2024

<|eot_id|><|start_header_id|>user<|end_header_id|>

What was the occupation of Philip Levine's father?<|eot_id|><|start_header_id|>assistant<|end_header_id|>

",Used auto parts business owner,domain,Used automobile parts salesman,0.70703125,0.5,0.7460115551948547,1.5367772056257567
1570,Ted Kooser,"<|begin_of_text|><|start_header_id|>system<|end_header_id|>

Cutting Knowledge Date: December 2023
Today Date: 26 July 2024

<|eot_id|><|start_header_id|>user<|end_header_id|>

What position did Rita Dove hold from 1993 to 1995?<|eot_id|><|start_header_id|>assistant<|end_header_id|>

",Poet Laureate Consultant in Poetry to the Library of Congress,domain,Poet Laureate Consultant in Poetry to the Library of Congress,0.9921875,1.0,1.0,1.0067671793448818
1571,Ted Kooser,"<|begin_of_text|><|start_header_id|>system<|end_header_id|>

Cutting Knowledge Date: December 2023
Today Date: 26 July 2024

<|eot_id|><|start_header_id|>user<|end_header_id|>

What is the name of the foundation that awarded Kay Ryan a fellowship in 2011?<|eot_id|><|start_header_id|>assistant<|end_header_id|>

",The John D. and Catherine T. MacArthur Foundation,domain,The John D. and Catherine T. MacArthur Foundation,0.99609375,1.0,1.0000001192092896,1.0054162263336053
1572,Ted Kooser,"<|begin_of_text|><|start_header_id|>system<|end_header_id|>

Cutting Knowledge Date: December 2023
Today Date: 26 July 2024

<|eot_id|><|start_header_id|>user<|end_header_id|>

What was the name of Philip Levine's first wife?<|eot_id|><|start_header_id|>assistant<|end_header_id|>

",Patty Kanterman,domain,Ruth 'Rae' (née Fierman),0.357421875,0.0,0.4289020895957947,19.46756991825522
1573,Ted Kooser,"<|begin_of_text|><|start_header_id|>system<|end_header_id|>

Cutting Knowledge Date: December 2023
Today Date: 26 July 2024

<|eot_id|><|start_header_id|>user<|end_header_id|>

When was Mark Doty born?<|eot_id|><|start_header_id|>assistant<|end_header_id|>

","August 10, 1953",domain,"August 10, 1953",1.0,1.0,1.0,1.0008319498823872
1574,Ted Kooser,"<|begin_of_text|><|start_header_id|>system<|end_header_id|>

Cutting Knowledge Date: December 2023
Today Date: 26 July 2024

<|eot_id|><|start_header_id|>user<|end_header_id|>

What prize did Kay Ryan win in 2004?<|eot_id|><|start_header_id|>assistant<|end_header_id|>

",The Ruth Lilly Poetry Prize,domain,The Ruth Lilly Poetry Prize,0.9765625,1.0,1.0000001192092896,1.0253401529374337
1575,Ted Kooser,"<|begin_of_text|><|start_header_id|>system<|end_header_id|>

Cutting Knowledge Date: December 2023
Today Date: 26 July 2024

<|eot_id|><|start_header_id|>user<|end_header_id|>

What was the title of Kay Ryan's first collection of poetry, privately published in 1983?<|eot_id|><|start_header_id|>assistant<|end_header_id|>

",Dragon Acts to Dragon Ends,domain,Dragon Acts to Dragon Ends,0.9453125,1.0,0.9999998807907104,1.0593094012017692
1576,Ted Kooser,"<|begin_of_text|><|start_header_id|>system<|end_header_id|>

Cutting Knowledge Date: December 2023
Today Date: 26 July 2024

<|eot_id|><|start_header_id|>user<|end_header_id|>

Who was Kay Ryan's partner from 1978 until her death in 2009?<|eot_id|><|start_header_id|>assistant<|end_header_id|>

",Carol Adair,domain,Gloria Briggs,0.54296875,0.0,0.5350860357284546,2.718281828459045
1577,Ted Kooser,"<|begin_of_text|><|start_header_id|>system<|end_header_id|>

Cutting Knowledge Date: December 2023
Today Date: 26 July 2024

<|eot_id|><|start_header_id|>user<|end_header_id|>

Where did Kay Ryan teach English part-time?<|eot_id|><|start_header_id|>assistant<|end_header_id|>

",The College of Marin in Kentfield,domain,"The College of Marin in Kentfield, California",0.859375,0.8571428571428571,0.9628329277038574,1.2003548092909309
1578,Ted Kooser,"<|begin_of_text|><|start_header_id|>system<|end_header_id|>

Cutting Knowledge Date: December 2023
Today Date: 26 July 2024

<|eot_id|><|start_header_id|>user<|end_header_id|>

What medal did Kay Ryan receive from President Barack Obama in 2013?<|eot_id|><|start_header_id|>assistant<|end_header_id|>

",The National Humanities Medal,domain,The National Humanities Medal,0.9921875,1.0,1.0000001192092896,1.0076893242864053
1579,Ted Kooser,"<|begin_of_text|><|start_header_id|>system<|end_header_id|>

Cutting Knowledge Date: December 2023
Today Date: 26 July 2024

<|eot_id|><|start_header_id|>user<|end_header_id|>

Which magazine does Kwame Dawes serve as editor-in-chief?<|eot_id|><|start_header_id|>assistant<|end_header_id|>

",Prairie Schooner,entity,Prairie Schooner,0.9453125,1.0,0.9999998807907104,1.0618987653533076
1580,Ted Kooser,"<|begin_of_text|><|start_header_id|>system<|end_header_id|>

Cutting Knowledge Date: December 2023
Today Date: 26 July 2024

<|eot_id|><|start_header_id|>user<|end_header_id|>

What genre does Edward Hirsch primarily write in?<|eot_id|><|start_header_id|>assistant<|end_header_id|>

",Poetry,entity,Poetry,0.96875,1.0,0.9999998807907104,1.0327514615542697
1581,Ted Kooser,"<|begin_of_text|><|start_header_id|>system<|end_header_id|>

Cutting Knowledge Date: December 2023
Today Date: 26 July 2024

<|eot_id|><|start_header_id|>user<|end_header_id|>

What position does Edward Hirsch hold at the John Simon Guggenheim Memorial Foundation?<|eot_id|><|start_header_id|>assistant<|end_header_id|>

",President,entity,President,0.98828125,1.0,1.0,1.0104299936724142
1582,Ted Kooser,"<|begin_of_text|><|start_header_id|>system<|end_header_id|>

Cutting Knowledge Date: December 2023
Today Date: 26 July 2024

<|eot_id|><|start_header_id|>user<|end_header_id|>

What is one of the major prizes a Copper Canyon Press poet won in 2020?<|eot_id|><|start_header_id|>assistant<|end_header_id|>

",Jericho Brown won the 2020 Pulitzer Prize for Poetry for The Tradition,entity,Pulitzer Prize,0.86328125,1.0,0.5517564415931702,1.7346076508722215
1583,Ted Kooser,"<|begin_of_text|><|start_header_id|>system<|end_header_id|>

Cutting Knowledge Date: December 2023
Today Date: 26 July 2024

<|eot_id|><|start_header_id|>user<|end_header_id|>

What is Kwame Dawes' current role at the University of Nebraska-Lincoln?<|eot_id|><|start_header_id|>assistant<|end_header_id|>

",Professor of English,entity,Professor of English,0.95703125,1.0,1.0,1.0464569827708288
1584,Ted Kooser,"<|begin_of_text|><|start_header_id|>system<|end_header_id|>

Cutting Knowledge Date: December 2023
Today Date: 26 July 2024

<|eot_id|><|start_header_id|>user<|end_header_id|>

Where was Kay Ryan born?<|eot_id|><|start_header_id|>assistant<|end_header_id|>

","San Jose, California",domain,"San Jose, California",0.9921875,1.0,0.9999998807907104,1.01018333677295
1585,Ted Kooser,"<|begin_of_text|><|start_header_id|>system<|end_header_id|>

Cutting Knowledge Date: December 2023
Today Date: 26 July 2024

<|eot_id|><|start_header_id|>user<|end_header_id|>

What is the name of the university where Rita Dove has been teaching since 1989?<|eot_id|><|start_header_id|>assistant<|end_header_id|>

",University of Virginia,domain,University of Virginia,0.98828125,1.0,1.0000001192092896,1.011849440063329
1586,Ted Kooser,"<|begin_of_text|><|start_header_id|>system<|end_header_id|>

Cutting Knowledge Date: December 2023
Today Date: 26 July 2024

<|eot_id|><|start_header_id|>user<|end_header_id|>

What is the name of the position Rita Dove held at the University of Virginia from 1993 to 2020?<|eot_id|><|start_header_id|>assistant<|end_header_id|>

",Commonwealth Professor of English,domain,Commonwealth Professor of English,0.97265625,1.0,0.9999999403953552,1.027093941409565
1587,Ted Kooser,"<|begin_of_text|><|start_header_id|>system<|end_header_id|>

Cutting Knowledge Date: December 2023
Today Date: 26 July 2024

<|eot_id|><|start_header_id|>user<|end_header_id|>

Who was Philip Levine's 'one great mentor'?<|eot_id|><|start_header_id|>assistant<|end_header_id|>

",John Berryman,domain,John Berryman,0.9921875,1.0,0.9999999403953552,1.0073818488290267
1588,Ted Kooser,"<|begin_of_text|><|start_header_id|>system<|end_header_id|>

Cutting Knowledge Date: December 2023
Today Date: 26 July 2024

<|eot_id|><|start_header_id|>user<|end_header_id|>

What degrees did Kay Ryan receive from the University of California, Los Angeles?<|eot_id|><|start_header_id|>assistant<|end_header_id|>

",Bachelor's and master's degrees in English,domain,Bachelor's and master's degrees in English,0.9375,1.0,1.0,1.0807299784102447
1589,Ted Kooser,"<|begin_of_text|><|start_header_id|>system<|end_header_id|>

Cutting Knowledge Date: December 2023
Today Date: 26 July 2024

<|eot_id|><|start_header_id|>user<|end_header_id|>

What was the name of the fellowship Philip Levine was awarded in 1957?<|eot_id|><|start_header_id|>assistant<|end_header_id|>

",Jones Fellowship in Poetry at Stanford University,domain,Fellowship of the National Endowment for the Arts,0.79296875,0.125,0.4897683262825012,3.744591379244545
1590,Ted Kooser,"<|begin_of_text|><|start_header_id|>system<|end_header_id|>

Cutting Knowledge Date: December 2023
Today Date: 26 July 2024

<|eot_id|><|start_header_id|>user<|end_header_id|>

What was the name of Rita Dove's most famous work, published in 1986?<|eot_id|><|start_header_id|>assistant<|end_header_id|>

",Thomas and Beulah,domain,Thomas and Beulah,1.0,1.0,1.0,1.0018327320917844
1591,Ted Kooser,"<|begin_of_text|><|start_header_id|>system<|end_header_id|>

Cutting Knowledge Date: December 2023
Today Date: 26 July 2024

<|eot_id|><|start_header_id|>user<|end_header_id|>

What award did Kwame Dawes receive from Poets & Writers in 2011?<|eot_id|><|start_header_id|>assistant<|end_header_id|>

",Barnes & Noble Writers for Writers Award,entity,Barnes & Noble Writers for Writers Award,0.98828125,1.0,1.0000001192092896,1.0104916673070683
1592,Ted Kooser,"<|begin_of_text|><|start_header_id|>system<|end_header_id|>

Cutting Knowledge Date: December 2023
Today Date: 26 July 2024

<|eot_id|><|start_header_id|>user<|end_header_id|>

What award did Rita Dove receive in 2011 from President Barack Obama?<|eot_id|><|start_header_id|>assistant<|end_header_id|>

",National Medal of Arts,domain,National Medal of Arts,0.9921875,1.0,0.9999999403953552,1.0060607730795454
1593,Ted Kooser,"<|begin_of_text|><|start_header_id|>system<|end_header_id|>

Cutting Knowledge Date: December 2023
Today Date: 26 July 2024

<|eot_id|><|start_header_id|>user<|end_header_id|>

What is the name of the award established by Salem College Center for Women Writers in 2004?<|eot_id|><|start_header_id|>assistant<|end_header_id|>

",Rita Dove Poetry Award,domain,Dorothy Canfield Fisher Award for Juvenile Literature,0.6484375,0.14285714285714285,0.4745030403137207,2.059897552976441
1594,Ted Kooser,"<|begin_of_text|><|start_header_id|>system<|end_header_id|>

Cutting Knowledge Date: December 2023
Today Date: 26 July 2024

<|eot_id|><|start_header_id|>user<|end_header_id|>

What is the name of the documentary film about Rita Dove, premiered in 2014?<|eot_id|><|start_header_id|>assistant<|end_header_id|>

",Rita Dove: An American Poet,domain,Rita Dove: An American Poet,0.953125,1.0,0.9999998807907104,1.0582754243183563
1595,Ted Kooser,"<|begin_of_text|><|start_header_id|>system<|end_header_id|>

Cutting Knowledge Date: December 2023
Today Date: 26 July 2024

<|eot_id|><|start_header_id|>user<|end_header_id|>

What is the name of Rita Dove's husband?<|eot_id|><|start_header_id|>assistant<|end_header_id|>

",Fred Viebahn,domain,Fred Viebahn,0.96875,1.0,1.0,1.0303589395785924
1596,Ted Kooser,"<|begin_of_text|><|start_header_id|>system<|end_header_id|>

Cutting Knowledge Date: December 2023
Today Date: 26 July 2024

<|eot_id|><|start_header_id|>user<|end_header_id|>

What is the name of Rita Dove's daughter?<|eot_id|><|start_header_id|>assistant<|end_header_id|>

",Aviva Dove-Viebahn,domain,Aviva Dove-Viebahn,0.98046875,1.0,0.9999998807907104,1.02071954258347
1597,Ted Kooser,"<|begin_of_text|><|start_header_id|>system<|end_header_id|>

Cutting Knowledge Date: December 2023
Today Date: 26 July 2024

<|eot_id|><|start_header_id|>user<|end_header_id|>

When was Joy Harjo born?<|eot_id|><|start_header_id|>assistant<|end_header_id|>

","May 9, 1951",domain,"May 9, 1951",1.0,1.0,1.0000001192092896,1.0003567378101395
1598,Ted Kooser,"<|begin_of_text|><|start_header_id|>system<|end_header_id|>

Cutting Knowledge Date: December 2023
Today Date: 26 July 2024

<|eot_id|><|start_header_id|>user<|end_header_id|>

What professions is Kwame Dawes known for?<|eot_id|><|start_header_id|>assistant<|end_header_id|>

","Poet, actor, editor, critic, musician, and professor",entity,"Poet, writer, editor, and professor",0.65625,0.8,0.922222912311554,2.059897552976441
1599,Ted Kooser,"<|begin_of_text|><|start_header_id|>system<|end_header_id|>

Cutting Knowledge Date: December 2023
Today Date: 26 July 2024

<|eot_id|><|start_header_id|>user<|end_header_id|>

What high school did Philip Levine attend?<|eot_id|><|start_header_id|>assistant<|end_header_id|>

",Detroit Central High School,domain,Detroit Central High School,0.98828125,1.0,1.0,1.012220058253459
1600,Ted Kooser,"<|begin_of_text|><|start_header_id|>system<|end_header_id|>

Cutting Knowledge Date: December 2023
Today Date: 26 July 2024

<|eot_id|><|start_header_id|>user<|end_header_id|>

What was the title of the CD released posthumously, featuring Philip Levine's poetry and narration with music?<|eot_id|><|start_header_id|>assistant<|end_header_id|>

",The Poetry of Jazz,domain,Poetry Foundation CD,0.625,0.3333333333333333,0.5815510153770447,2.0438673030416052
1601,Ted Kooser,"<|begin_of_text|><|start_header_id|>system<|end_header_id|>

Cutting Knowledge Date: December 2023
Today Date: 26 July 2024

<|eot_id|><|start_header_id|>user<|end_header_id|>

When was Edward Hirsch born?<|eot_id|><|start_header_id|>assistant<|end_header_id|>

","January 20, 1950",entity,"January 20, 1950",1.0,1.0,1.0,1.0004445109971913
1602,Ted Kooser,"<|begin_of_text|><|start_header_id|>system<|end_header_id|>

Cutting Knowledge Date: December 2023
Today Date: 26 July 2024

<|eot_id|><|start_header_id|>user<|end_header_id|>

When was Kay Ryan born?<|eot_id|><|start_header_id|>assistant<|end_header_id|>

","September 21, 1945",domain,"September 21, 1945",1.0,1.0,1.0,1.0012443648889044
1603,Theopompus,"<|begin_of_text|><|start_header_id|>system<|end_header_id|>

Cutting Knowledge Date: December 2023
Today Date: 26 July 2024

<|eot_id|><|start_header_id|>user<|end_header_id|>

Why was Harpalus exempt from military service?<|eot_id|><|start_header_id|>assistant<|end_header_id|>

",He was lame in one leg.,entity,He was lame in one leg.,0.875,1.0,1.0000001192092896,1.1748409920219791
1604,Theopompus,"<|begin_of_text|><|start_header_id|>system<|end_header_id|>

Cutting Knowledge Date: December 2023
Today Date: 26 July 2024

<|eot_id|><|start_header_id|>user<|end_header_id|>

Until what historical event did Busolt's work on Greek history extend?<|eot_id|><|start_header_id|>assistant<|end_header_id|>

",The Peloponnesian War.,entity,The Peloponnesian War,0.890625,1.0,0.9841093420982361,1.2228349285158076
1605,Theopompus,"<|begin_of_text|><|start_header_id|>system<|end_header_id|>

Cutting Knowledge Date: December 2023
Today Date: 26 July 2024

<|eot_id|><|start_header_id|>user<|end_header_id|>

What was the consequence of Harpalus fleeing to Athens in 324 BC?<|eot_id|><|start_header_id|>assistant<|end_header_id|>

",The resulting political controversy was a contributing factor in the Lamian War.,entity,The political crisis in Athens known as the Harpalus Affair.,0.57421875,0.4,0.30759888887405396,2.4944356219791146
1606,Theopompus,"<|begin_of_text|><|start_header_id|>system<|end_header_id|>

Cutting Knowledge Date: December 2023
Today Date: 26 July 2024

<|eot_id|><|start_header_id|>user<|end_header_id|>

What was Ulrich von Wilamowitz-Moellendorff an authority on?<|eot_id|><|start_header_id|>assistant<|end_header_id|>

",Ancient Greece and its literature,entity,Ancient Greece and its literature,0.9453125,1.0,1.000000238418579,1.0567263510294236
1607,Theopompus,"<|begin_of_text|><|start_header_id|>system<|end_header_id|>

Cutting Knowledge Date: December 2023
Today Date: 26 July 2024

<|eot_id|><|start_header_id|>user<|end_header_id|>

What was Friedrich Blass's last work before his death?<|eot_id|><|start_header_id|>assistant<|end_header_id|>

",An edition of the Choephori (1906),entity,An edition of the Choephori (1906),0.765625,1.0,0.9999998807907104,1.3992515688549068
1608,Theopompus,"<|begin_of_text|><|start_header_id|>system<|end_header_id|>

Cutting Knowledge Date: December 2023
Today Date: 26 July 2024

<|eot_id|><|start_header_id|>user<|end_header_id|>

What was Ulrich von Wilamowitz-Moellendorff's nationality?<|eot_id|><|start_header_id|>assistant<|end_header_id|>

",German,entity,German,0.90234375,1.0,1.0000001192092896,1.1068990974236574
1609,Theopompus,"<|begin_of_text|><|start_header_id|>system<|end_header_id|>

Cutting Knowledge Date: December 2023
Today Date: 26 July 2024

<|eot_id|><|start_header_id|>user<|end_header_id|>

What was the name of the city-state that Thucydides was from?<|eot_id|><|start_header_id|>assistant<|end_header_id|>

",Athens,domain,Athens,1.0,1.0,0.9999999403953552,1.0026738564806754
1610,Theopompus,"<|begin_of_text|><|start_header_id|>system<|end_header_id|>

Cutting Knowledge Date: December 2023
Today Date: 26 July 2024

<|eot_id|><|start_header_id|>user<|end_header_id|>

What field was Ulrich von Wilamowitz-Moellendorff renowned in?<|eot_id|><|start_header_id|>assistant<|end_header_id|>

",Classical philology,entity,Classical philology,0.984375,1.0,1.0,1.0172367105805638
1611,Theopompus,"<|begin_of_text|><|start_header_id|>system<|end_header_id|>

Cutting Knowledge Date: December 2023
Today Date: 26 July 2024

<|eot_id|><|start_header_id|>user<|end_header_id|>

Who was Harpalus?<|eot_id|><|start_header_id|>assistant<|end_header_id|>

",Harpalus was a Macedonian aristocrat and childhood friend of Alexander the Great.,entity,"Harpalus was a Macedonian companion of Alexander the Great, and the treasurer of his army.",0.80078125,0.5333333333333333,0.8126193881034851,2.325069660277121
1612,Theopompus,"<|begin_of_text|><|start_header_id|>system<|end_header_id|>

Cutting Knowledge Date: December 2023
Today Date: 26 July 2024

<|eot_id|><|start_header_id|>user<|end_header_id|>

What was the name of Xenophon's father?<|eot_id|><|start_header_id|>assistant<|end_header_id|>

",Xenophon's father was called Gryllus,domain,Xenophon's father was called Gryllus,0.96875,1.0,1.0000001192092896,1.0352759077726867
1613,Theopompus,"<|begin_of_text|><|start_header_id|>system<|end_header_id|>

Cutting Knowledge Date: December 2023
Today Date: 26 July 2024

<|eot_id|><|start_header_id|>user<|end_header_id|>

What was Ulrich von Wilamowitz-Moellendorff's full name?<|eot_id|><|start_header_id|>assistant<|end_header_id|>

",Enno Friedrich Wichard Ulrich von Wilamowitz-Moellendorff,entity,Enno Friedrich Wichard Ulrich von Wilamowitz-Moellendorff,0.9140625,1.0,1.0,1.1420358465335656
1614,Theopompus,"<|begin_of_text|><|start_header_id|>system<|end_header_id|>

Cutting Knowledge Date: December 2023
Today Date: 26 July 2024

<|eot_id|><|start_header_id|>user<|end_header_id|>

What was the outcome of the Battle of Cnidus?<|eot_id|><|start_header_id|>assistant<|end_header_id|>

",The Spartan fleet was destroyed.,entity,The Spartan fleet was destroyed.,0.7421875,1.0,0.9999999403953552,1.391076802093825
1615,Theopompus,"<|begin_of_text|><|start_header_id|>system<|end_header_id|>

Cutting Knowledge Date: December 2023
Today Date: 26 July 2024

<|eot_id|><|start_header_id|>user<|end_header_id|>

What was Georg Busolt's academic focus?<|eot_id|><|start_header_id|>assistant<|end_header_id|>

","Classical history, specifically Greek history.",entity,Classical history,0.48046875,1.0,0.7521820068359375,2.916290698438084
1616,Theopompus,"<|begin_of_text|><|start_header_id|>system<|end_header_id|>

Cutting Knowledge Date: December 2023
Today Date: 26 July 2024

<|eot_id|><|start_header_id|>user<|end_header_id|>

Who fought against the Spartan naval fleet in the Battle of Cnidus?<|eot_id|><|start_header_id|>assistant<|end_header_id|>

",The Achaemenid Empire,entity,The Achaemenid Empire,0.953125,1.0,1.0,1.052349612758377
1617,Theopompus,"<|begin_of_text|><|start_header_id|>system<|end_header_id|>

Cutting Knowledge Date: December 2023
Today Date: 26 July 2024

<|eot_id|><|start_header_id|>user<|end_header_id|>

When was Eduard Meyer born?<|eot_id|><|start_header_id|>assistant<|end_header_id|>

",25 January 1855,entity,25 January 1855,0.99609375,1.0,0.9999998807907104,1.0042203062969735
1618,Theopompus,"<|begin_of_text|><|start_header_id|>system<|end_header_id|>

Cutting Knowledge Date: December 2023
Today Date: 26 July 2024

<|eot_id|><|start_header_id|>user<|end_header_id|>

When did Eduard Meyer die?<|eot_id|><|start_header_id|>assistant<|end_header_id|>

",31 August 1930,entity,31 August 1930,0.9609375,1.0,0.9999998211860657,1.0433956773528417
1619,Theopompus,"<|begin_of_text|><|start_header_id|>system<|end_header_id|>

Cutting Knowledge Date: December 2023
Today Date: 26 July 2024

<|eot_id|><|start_header_id|>user<|end_header_id|>

Who are some of the authors whose works Diodorus drew upon for his history?<|eot_id|><|start_header_id|>assistant<|end_header_id|>

","Hecataeus of Abdera, Ctesias of Cnidus, Ephorus, Theopompus, Hieronymus of Cardia, Duris of Samos, Diyllus, Philistus, Timaeus, Polybius, and Posidonius",domain,"Hecataeus of Abdera, Ctesias of Cnidus, Ephorus, Theopompus, Hieronymus of Cardia, Duris of Samos, Diyllus, Philistus, Timaeus, Poly",0.98046875,0.9444444444444444,0.9534059762954712,1.020594950634576
1620,Theopompus,"<|begin_of_text|><|start_header_id|>system<|end_header_id|>

Cutting Knowledge Date: December 2023
Today Date: 26 July 2024

<|eot_id|><|start_header_id|>user<|end_header_id|>

Which American university did Eduard Meyer lecture at in 1909?<|eot_id|><|start_header_id|>assistant<|end_header_id|>

",Harvard,entity,Harvard,0.99609375,1.0,1.0,1.0029951993289696
1621,Theopompus,"<|begin_of_text|><|start_header_id|>system<|end_header_id|>

Cutting Knowledge Date: December 2023
Today Date: 26 July 2024

<|eot_id|><|start_header_id|>user<|end_header_id|>

What is the time period covered in the second part of Diodorus' history?<|eot_id|><|start_header_id|>assistant<|end_header_id|>

",From the Trojan War to the death of Alexander the Great,domain,From the Trojan War to the death of Alexander the Great.,0.9609375,1.0,0.9753552079200745,1.045180348815839
1622,Theopompus,"<|begin_of_text|><|start_header_id|>system<|end_header_id|>

Cutting Knowledge Date: December 2023
Today Date: 26 July 2024

<|eot_id|><|start_header_id|>user<|end_header_id|>

Who wrote about Diodorus of Sicily in his Chronicon?<|eot_id|><|start_header_id|>assistant<|end_header_id|>

",Jerome,domain,Jerome,0.99609375,1.0,1.0,1.0048027562041704
1623,Theopompus,"<|begin_of_text|><|start_header_id|>system<|end_header_id|>

Cutting Knowledge Date: December 2023
Today Date: 26 July 2024

<|eot_id|><|start_header_id|>user<|end_header_id|>

What is Friedrich Blass chiefly known for?<|eot_id|><|start_header_id|>assistant<|end_header_id|>

",His works in connection with the study of Greek oratory,entity,His works on the text and history of Greek oratory,0.6640625,0.6,0.9163392186164856,1.7688197212374674
1624,Theopompus,"<|begin_of_text|><|start_header_id|>system<|end_header_id|>

Cutting Knowledge Date: December 2023
Today Date: 26 July 2024

<|eot_id|><|start_header_id|>user<|end_header_id|>

What type of descriptions did Ctesias include in his work, Indica?<|eot_id|><|start_header_id|>assistant<|end_header_id|>

","Descriptions of artisans, philosophers, and people having the qualities of deities, as well as accounts of unquantifiable gold and other riches and wonders",domain,"A variety of descriptions, including details about the physical appearance of Indians, their customs, and the geography of the region",0.419921875,0.25,0.3850749731063843,14.467069533669397
1625,Theopompus,"<|begin_of_text|><|start_header_id|>system<|end_header_id|>

Cutting Knowledge Date: December 2023
Today Date: 26 July 2024

<|eot_id|><|start_header_id|>user<|end_header_id|>

What was the profession of Ctesias?<|eot_id|><|start_header_id|>assistant<|end_header_id|>

",Ctesias was a Greek physician and historian,domain,Ctesias was a Greek physician and historian,0.95703125,1.0,0.9999998807907104,1.0464569827708288
1626,Theopompus,"<|begin_of_text|><|start_header_id|>system<|end_header_id|>

Cutting Knowledge Date: December 2023
Today Date: 26 July 2024

<|eot_id|><|start_header_id|>user<|end_header_id|>

Where did Lucian place Ctesias in his satirical True Story?<|eot_id|><|start_header_id|>assistant<|end_header_id|>

",On an island where the evil were punished,domain,On an island where the inhabitants were as credulous as the Persian king Xerxes,0.66796875,0.42857142857142855,0.44620978832244873,1.957904952942918
1627,Theopompus,"<|begin_of_text|><|start_header_id|>system<|end_header_id|>

Cutting Knowledge Date: December 2023
Today Date: 26 July 2024

<|eot_id|><|start_header_id|>user<|end_header_id|>

What was the name of the event that Thucydides wrote about in his book?<|eot_id|><|start_header_id|>assistant<|end_header_id|>

",The Peloponnesian War,domain,The Peloponnesian War,1.0,1.0,0.9999998807907104,1.0014429956842084
1628,Theopompus,"<|begin_of_text|><|start_header_id|>system<|end_header_id|>

Cutting Knowledge Date: December 2023
Today Date: 26 July 2024

<|eot_id|><|start_header_id|>user<|end_header_id|>

When was Thucydides born?<|eot_id|><|start_header_id|>assistant<|end_header_id|>

",c. 460 BC,domain,c. 460 BC,0.92578125,1.0,1.0,1.0860198845577864
1629,Theopompus,"<|begin_of_text|><|start_header_id|>system<|end_header_id|>

Cutting Knowledge Date: December 2023
Today Date: 26 July 2024

<|eot_id|><|start_header_id|>user<|end_header_id|>

What was Thucydides' occupation?<|eot_id|><|start_header_id|>assistant<|end_header_id|>

",Athenian historian and general,domain,Athenian historian and general,0.96484375,1.0,1.0,1.0380599263845776
1630,Theopompus,"<|begin_of_text|><|start_header_id|>system<|end_header_id|>

Cutting Knowledge Date: December 2023
Today Date: 26 July 2024

<|eot_id|><|start_header_id|>user<|end_header_id|>

What was the name of the philosopher who admired Thucydides' work?<|eot_id|><|start_header_id|>assistant<|end_header_id|>

",Hans Morgenthau,domain,Hans Morgenthau,0.95703125,1.0,0.9999998807907104,1.045180348815839
1631,Theopompus,"<|begin_of_text|><|start_header_id|>system<|end_header_id|>

Cutting Knowledge Date: December 2023
Today Date: 26 July 2024

<|eot_id|><|start_header_id|>user<|end_header_id|>

What was the name of Thucydides' father?<|eot_id|><|start_header_id|>assistant<|end_header_id|>

",Olorus,domain,Olorus,1.0,1.0,0.9999999403953552,1.0001983839333028
1632,Theopompus,"<|begin_of_text|><|start_header_id|>system<|end_header_id|>

Cutting Knowledge Date: December 2023
Today Date: 26 July 2024

<|eot_id|><|start_header_id|>user<|end_header_id|>

What was the name of the historian who Thucydides heard lecture when he was 10-12 years old?<|eot_id|><|start_header_id|>assistant<|end_header_id|>

",Herodotus,domain,Herodotus,1.0,1.0,0.9999999403953552,1.0001034790169143
1633,Theopompus,"<|begin_of_text|><|start_header_id|>system<|end_header_id|>

Cutting Knowledge Date: December 2023
Today Date: 26 July 2024

<|eot_id|><|start_header_id|>user<|end_header_id|>

What was the subject of the lecture that Thucydides heard?<|eot_id|><|start_header_id|>assistant<|end_header_id|>

",History,domain,History,0.9921875,1.0,1.0,1.0059072720998339
1634,Theopompus,"<|begin_of_text|><|start_header_id|>system<|end_header_id|>

Cutting Knowledge Date: December 2023
Today Date: 26 July 2024

<|eot_id|><|start_header_id|>user<|end_header_id|>

What was the name of the war that Thucydides wrote about?<|eot_id|><|start_header_id|>assistant<|end_header_id|>

",The Peloponnesian War,domain,The Peloponnesian War,1.0,1.0,0.9999998807907104,1.0004216129015973
1635,Theopompus,"<|begin_of_text|><|start_header_id|>system<|end_header_id|>

Cutting Knowledge Date: December 2023
Today Date: 26 July 2024

<|eot_id|><|start_header_id|>user<|end_header_id|>

What was the name of the book that Thucydides wrote?<|eot_id|><|start_header_id|>assistant<|end_header_id|>

",The History of the Peloponnesian War,domain,The History of the Peloponnesian War,0.99609375,1.0,1.0,1.0031788700501403
1636,Theopompus,"<|begin_of_text|><|start_header_id|>system<|end_header_id|>

Cutting Knowledge Date: December 2023
Today Date: 26 July 2024

<|eot_id|><|start_header_id|>user<|end_header_id|>

What was Thucydides' view on democracy?<|eot_id|><|start_header_id|>assistant<|end_header_id|>

",He considered democracy acceptable when guided by a good leader,domain,Thucydides viewed democracy as a system that was prone to mob rule and lacked the ability to deliberate effectively,0.359375,0.10526315789473684,0.5230666995048523,7.38905609893065
1637,Theopompus,"<|begin_of_text|><|start_header_id|>system<|end_header_id|>

Cutting Knowledge Date: December 2023
Today Date: 26 July 2024

<|eot_id|><|start_header_id|>user<|end_header_id|>

What was the name of the Athenian statesman who Thucydides admired?<|eot_id|><|start_header_id|>assistant<|end_header_id|>

",Pericles,domain,Pericles,1.0,1.0,0.9999998807907104,1.000740325175036
1638,Theopompus,"<|begin_of_text|><|start_header_id|>system<|end_header_id|>

Cutting Knowledge Date: December 2023
Today Date: 26 July 2024

<|eot_id|><|start_header_id|>user<|end_header_id|>

What was the name of the concept that Thucydides believed in?<|eot_id|><|start_header_id|>assistant<|end_header_id|>

",The idea that history is too irrational and incalculable to predict,domain,The idea that history is too irrational to be predicted,0.74609375,0.9,0.9270169138908386,2.1252857204069766
1639,Theopompus,"<|begin_of_text|><|start_header_id|>system<|end_header_id|>

Cutting Knowledge Date: December 2023
Today Date: 26 July 2024

<|eot_id|><|start_header_id|>user<|end_header_id|>

Who was the historian who was influenced by Thucydides' method of writing history?<|eot_id|><|start_header_id|>assistant<|end_header_id|>

",Xenophon,domain,Xenophon,0.9765625,1.0,0.9999998807907104,1.0234644168558626
1640,Theopompus,"<|begin_of_text|><|start_header_id|>system<|end_header_id|>

Cutting Knowledge Date: December 2023
Today Date: 26 July 2024

<|eot_id|><|start_header_id|>user<|end_header_id|>

What was the name of the Athenian deme where Thucydides was from?<|eot_id|><|start_header_id|>assistant<|end_header_id|>

",Halimous,domain,Halimous,0.96875,1.0,1.0000001192092896,1.033760500518059
1641,Theopompus,"<|begin_of_text|><|start_header_id|>system<|end_header_id|>

Cutting Knowledge Date: December 2023
Today Date: 26 July 2024

<|eot_id|><|start_header_id|>user<|end_header_id|>

What was the name of the school of thought that Thucydides is associated with?<|eot_id|><|start_header_id|>assistant<|end_header_id|>

",The school of political realism,domain,The school of political realism,0.74609375,1.0,0.9999999403953552,1.4102260349257107
1642,Theopompus,"<|begin_of_text|><|start_header_id|>system<|end_header_id|>

Cutting Knowledge Date: December 2023
Today Date: 26 July 2024

<|eot_id|><|start_header_id|>user<|end_header_id|>

Which university did Georg Busolt first become a professor at?<|eot_id|><|start_header_id|>assistant<|end_header_id|>

",The University of Kiel in 1879.,entity,The University of Tartu,0.796875,0.75,0.2673879563808441,1.4549914146182013
1643,Theopompus,"<|begin_of_text|><|start_header_id|>system<|end_header_id|>

Cutting Knowledge Date: December 2023
Today Date: 26 July 2024

<|eot_id|><|start_header_id|>user<|end_header_id|>

What was the name of the historian who was compared to Thucydides?<|eot_id|><|start_header_id|>assistant<|end_header_id|>

",Herodotus,domain,Herodotus,0.99609375,1.0,0.9999999403953552,1.005293502351294
1644,Theopompus,"<|begin_of_text|><|start_header_id|>system<|end_header_id|>

Cutting Knowledge Date: December 2023
Today Date: 26 July 2024

<|eot_id|><|start_header_id|>user<|end_header_id|>

Where was Ctesias from?<|eot_id|><|start_header_id|>assistant<|end_header_id|>

",Ctesias was from the town of Cnidus in Caria,domain,Ctesias was from the town of Cnidus in Caria,0.98828125,1.0,0.9999999403953552,1.0104916673070683
1645,Theopompus,"<|begin_of_text|><|start_header_id|>system<|end_header_id|>

Cutting Knowledge Date: December 2023
Today Date: 26 July 2024

<|eot_id|><|start_header_id|>user<|end_header_id|>

Who was Ctesias a physician to?<|eot_id|><|start_header_id|>assistant<|end_header_id|>

","Ctesias was a physician to the Achaemenid king, Artaxerxes II",domain,"Ctesias was a physician to the Achaemenid king, Artaxerxes II",0.96484375,1.0,0.9999999403953552,1.03983547133623
1646,Theopompus,"<|begin_of_text|><|start_header_id|>system<|end_header_id|>

Cutting Knowledge Date: December 2023
Today Date: 26 July 2024

<|eot_id|><|start_header_id|>user<|end_header_id|>

What battle did Ctesias provide medical assistance to King Artaxerxes in?<|eot_id|><|start_header_id|>assistant<|end_header_id|>

",The Battle of Cunaxa,domain,The Battle of Cunaxa,0.94140625,1.0,1.0000001192092896,1.0770423827502449
1647,Theopompus,"<|begin_of_text|><|start_header_id|>system<|end_header_id|>

Cutting Knowledge Date: December 2023
Today Date: 26 July 2024

<|eot_id|><|start_header_id|>user<|end_header_id|>

What was the title of Ctesias' account of India?<|eot_id|><|start_header_id|>assistant<|end_header_id|>

",Indica,domain,Indica,0.98828125,1.0,1.0,1.0124054182514004
1648,Theopompus,"<|begin_of_text|><|start_header_id|>system<|end_header_id|>

Cutting Knowledge Date: December 2023
Today Date: 26 July 2024

<|eot_id|><|start_header_id|>user<|end_header_id|>

What was the title of Ctesias' history of Assyria and Persia?<|eot_id|><|start_header_id|>assistant<|end_header_id|>

",Persica,domain,Persica,0.9765625,1.0,1.0,1.025715712478906
1649,Theopompus,"<|begin_of_text|><|start_header_id|>system<|end_header_id|>

Cutting Knowledge Date: December 2023
Today Date: 26 July 2024

<|eot_id|><|start_header_id|>user<|end_header_id|>

How many books did Ctesias' history of Assyria and Persia, Persica, consist of?<|eot_id|><|start_header_id|>assistant<|end_header_id|>

",23 books,domain,23 books,0.94921875,1.0,1.0,1.0546644466090667
1650,Theopompus,"<|begin_of_text|><|start_header_id|>system<|end_header_id|>

Cutting Knowledge Date: December 2023
Today Date: 26 July 2024

<|eot_id|><|start_header_id|>user<|end_header_id|>

What dialect was Ctesias' Persica written in?<|eot_id|><|start_header_id|>assistant<|end_header_id|>

",The Ionic dialect,domain,Ionian dialect,0.53515625,0.5,0.703716516494751,2.1005253917803293
1651,Theopompus,"<|begin_of_text|><|start_header_id|>system<|end_header_id|>

Cutting Knowledge Date: December 2023
Today Date: 26 July 2024

<|eot_id|><|start_header_id|>user<|end_header_id|>

What was the opinion of the satirist Lucian on Ctesias' historical reliability?<|eot_id|><|start_header_id|>assistant<|end_header_id|>

",Lucian thought very little of Ctesias' historical reliability,domain,Lucian expressed skepticism about Ctesias' historical reliability,0.77734375,0.5714285714285714,0.8636416792869568,1.674684852811784
1652,Theopompus,"<|begin_of_text|><|start_header_id|>system<|end_header_id|>

Cutting Knowledge Date: December 2023
Today Date: 26 July 2024

<|eot_id|><|start_header_id|>user<|end_header_id|>

What was the value of Ctesias' work, Indica, according to the Encyclopædia Britannica?<|eot_id|><|start_header_id|>assistant<|end_header_id|>

",It documents the beliefs of the Persians about India,domain,It is considered the first account of India and its people written by a western author,0.61328125,0.25,0.5315640568733215,2.325069660277121
1653,Theopompus,"<|begin_of_text|><|start_header_id|>system<|end_header_id|>

Cutting Knowledge Date: December 2023
Today Date: 26 July 2024

<|eot_id|><|start_header_id|>user<|end_header_id|>

How many books did Diodorus Siculus' universal history consist of?<|eot_id|><|start_header_id|>assistant<|end_header_id|>

",40 books,domain,40 books,0.984375,1.0,1.0,1.016491936939229
1654,Theopompus,"<|begin_of_text|><|start_header_id|>system<|end_header_id|>

Cutting Knowledge Date: December 2023
Today Date: 26 July 2024

<|eot_id|><|start_header_id|>user<|end_header_id|>

What is the meaning of the title 'Bibliotheca'?<|eot_id|><|start_header_id|>assistant<|end_header_id|>

",Library,domain,Library,0.71484375,1.0,0.9999999403953552,1.4019871526742815
1655,Theopompus,"<|begin_of_text|><|start_header_id|>system<|end_header_id|>

Cutting Knowledge Date: December 2023
Today Date: 26 July 2024

<|eot_id|><|start_header_id|>user<|end_header_id|>

Where was Diodorus Siculus born?<|eot_id|><|start_header_id|>assistant<|end_header_id|>

",Agyrium in Sicily,domain,Agyrium in Sicily,0.9765625,1.0,1.0,1.0225902480458744
1656,Theopompus,"<|begin_of_text|><|start_header_id|>system<|end_header_id|>

Cutting Knowledge Date: December 2023
Today Date: 26 July 2024

<|eot_id|><|start_header_id|>user<|end_header_id|>

What is the name of the monumental universal history written by Diodorus Siculus?<|eot_id|><|start_header_id|>assistant<|end_header_id|>

",Bibliotheca historica,domain,Bibliotheca historica,0.9921875,1.0,1.0,1.0057231018390624
1657,Theopompus,"<|begin_of_text|><|start_header_id|>system<|end_header_id|>

Cutting Knowledge Date: December 2023
Today Date: 26 July 2024

<|eot_id|><|start_header_id|>user<|end_header_id|>

What is the time period covered in the first part of Diodorus' history?<|eot_id|><|start_header_id|>assistant<|end_header_id|>

",Mythic history up to the destruction of Troy,domain,Mythic history up to the destruction of Troy,0.90234375,1.0,0.9999998807907104,1.1314897827805237
1658,Theopompus,"<|begin_of_text|><|start_header_id|>system<|end_header_id|>

Cutting Knowledge Date: December 2023
Today Date: 26 July 2024

<|eot_id|><|start_header_id|>user<|end_header_id|>

What is the name of Diodorus' father according to a Greek inscription from Agyrium?<|eot_id|><|start_header_id|>assistant<|end_header_id|>

",Apollonius,domain,Apollonius,0.99609375,1.0,1.0000001192092896,1.0040670861287813
1659,Theopompus,"<|begin_of_text|><|start_header_id|>system<|end_header_id|>

Cutting Knowledge Date: December 2023
Today Date: 26 July 2024

<|eot_id|><|start_header_id|>user<|end_header_id|>

Where was Xenophon born?<|eot_id|><|start_header_id|>assistant<|end_header_id|>

",Xenophon was born in the deme (local district) of Erchia in Athens,domain,Athens,0.828125,1.0,0.47009581327438354,1.3562011239273402
1660,Theopompus,"<|begin_of_text|><|start_header_id|>system<|end_header_id|>

Cutting Knowledge Date: December 2023
Today Date: 26 July 2024

<|eot_id|><|start_header_id|>user<|end_header_id|>

Which universities did Eduard Meyer attend for his education?<|eot_id|><|start_header_id|>assistant<|end_header_id|>

",Universities of Bonn and Leipzig,entity,Universities of Bonn and Leipzig,0.9375,1.0,1.0,1.0712729949710043
1661,Theopompus,"<|begin_of_text|><|start_header_id|>system<|end_header_id|>

Cutting Knowledge Date: December 2023
Today Date: 26 July 2024

<|eot_id|><|start_header_id|>user<|end_header_id|>

What was Xenophon's role in the retreating Greek mercenaries, the Ten Thousand?<|eot_id|><|start_header_id|>assistant<|end_header_id|>

",Xenophon was elected as one of the leaders of the Ten Thousand,domain,Xenophon was elected as one of the leaders of the Ten Thousand,0.91796875,1.0,1.000000238418579,1.1063587512799244
1662,Theopompus,"<|begin_of_text|><|start_header_id|>system<|end_header_id|>

Cutting Knowledge Date: December 2023
Today Date: 26 July 2024

<|eot_id|><|start_header_id|>user<|end_header_id|>

Who invited Xenophon to participate in Cyrus's military campaign against Tissaphernes?<|eot_id|><|start_header_id|>assistant<|end_header_id|>

",Xenophon was personally invited by Proxenus of Beotia,domain,Xenophon was invited by Proxenus of Beotia,0.93359375,1.0,0.9762123823165894,1.0881430899125937
1663,Theopompus,"<|begin_of_text|><|start_header_id|>system<|end_header_id|>

Cutting Knowledge Date: December 2023
Today Date: 26 July 2024

<|eot_id|><|start_header_id|>user<|end_header_id|>

What is the name of the book written by Xenophon that recounts his adventures with the Ten Thousand?<|eot_id|><|start_header_id|>assistant<|end_header_id|>

",The book is called Anabasis,domain,The book is called Anabasis,0.96875,1.0,1.0000001192092896,1.0311138734363292
1664,Theopompus,"<|begin_of_text|><|start_header_id|>system<|end_header_id|>

Cutting Knowledge Date: December 2023
Today Date: 26 July 2024

<|eot_id|><|start_header_id|>user<|end_header_id|>

What is the name of the book written by Xenophon that outlines his political and moral philosophy?<|eot_id|><|start_header_id|>assistant<|end_header_id|>

",The book is called Cyropaedia,domain,The book is called Cyropaedia,0.94921875,1.0,1.0000001192092896,1.05801708783134
1665,Theopompus,"<|begin_of_text|><|start_header_id|>system<|end_header_id|>

Cutting Knowledge Date: December 2023
Today Date: 26 July 2024

<|eot_id|><|start_header_id|>user<|end_header_id|>

Who was Xenophon's teacher and mentor?<|eot_id|><|start_header_id|>assistant<|end_header_id|>

",Xenophon was a student of Socrates,domain,Xenophon was a student of Socrates,0.98828125,1.0,1.0,1.0107383994917314
1666,Theopompus,"<|begin_of_text|><|start_header_id|>system<|end_header_id|>

Cutting Knowledge Date: December 2023
Today Date: 26 July 2024

<|eot_id|><|start_header_id|>user<|end_header_id|>

What was the name of the incident where Socrates reputedly saved Xenophon's life?<|eot_id|><|start_header_id|>assistant<|end_header_id|>

",The incident occurred in the battle of Delium,domain,The incident occurred during a battle between the Ten Thousand and the Orontes river,0.828125,0.2857142857142857,0.48449063301086426,1.3144752019445491
1667,Theopompus,"<|begin_of_text|><|start_header_id|>system<|end_header_id|>

Cutting Knowledge Date: December 2023
Today Date: 26 July 2024

<|eot_id|><|start_header_id|>user<|end_header_id|>

What was the name of the estate where Xenophon spent the last twenty-three years of his life?<|eot_id|><|start_header_id|>assistant<|end_header_id|>

",The estate was called Scillus,domain,The estate was called Scillus,0.90234375,1.0,0.9999998807907104,1.1243302218447506
1668,Theopompus,"<|begin_of_text|><|start_header_id|>system<|end_header_id|>

Cutting Knowledge Date: December 2023
Today Date: 26 July 2024

<|eot_id|><|start_header_id|>user<|end_header_id|>

What was the period of time covered by Polybius's Histories?<|eot_id|><|start_header_id|>assistant<|end_header_id|>

",264-146 BC,domain,264-146 BC,0.95703125,1.0,1.000000238418579,1.04620153129333
1669,Theopompus,"<|begin_of_text|><|start_header_id|>system<|end_header_id|>

Cutting Knowledge Date: December 2023
Today Date: 26 July 2024

<|eot_id|><|start_header_id|>user<|end_header_id|>

What is the name of the work written by Xenophon that defends Socrates' character and teachings?<|eot_id|><|start_header_id|>assistant<|end_header_id|>

",The work is called Apology and Memorabilia,domain,The work is called Apology and Memorabilia,0.87109375,1.0,1.0000001192092896,1.1805915483221041
1670,Theopompus,"<|begin_of_text|><|start_header_id|>system<|end_header_id|>

Cutting Knowledge Date: December 2023
Today Date: 26 July 2024

<|eot_id|><|start_header_id|>user<|end_header_id|>

What was the name of the university that has an intellectual society named in honor of Polybius?<|eot_id|><|start_header_id|>assistant<|end_header_id|>

",The University of Pennsylvania,domain,The University of Pennsylvania,0.984375,1.0,1.0000001192092896,1.0167401342123066
1671,Theopompus,"<|begin_of_text|><|start_header_id|>system<|end_header_id|>

Cutting Knowledge Date: December 2023
Today Date: 26 July 2024

<|eot_id|><|start_header_id|>user<|end_header_id|>

Who was the Roman historian that made reference to and used Polybius's Histories as source material?<|eot_id|><|start_header_id|>assistant<|end_header_id|>

",Livy,domain,Livy,0.8984375,1.0,1.0,1.1177616122175784
1672,Theopompus,"<|begin_of_text|><|start_header_id|>system<|end_header_id|>

Cutting Knowledge Date: December 2023
Today Date: 26 July 2024

<|eot_id|><|start_header_id|>user<|end_header_id|>

In what year did Xenophon die?<|eot_id|><|start_header_id|>assistant<|end_header_id|>

",Xenophon died in 354 BC,domain,Xenophon died in 354 BC.,0.828125,1.0,0.9810007810592651,1.259190116979667
1673,Theopompus,"<|begin_of_text|><|start_header_id|>system<|end_header_id|>

Cutting Knowledge Date: December 2023
Today Date: 26 July 2024

<|eot_id|><|start_header_id|>user<|end_header_id|>

What was the name of the war that Polybius wrote about in a lost monograph?<|eot_id|><|start_header_id|>assistant<|end_header_id|>

",The Numantine War,domain,The war between Numantia and Mallorca,0.8046875,0.3333333333333333,0.660454273223877,1.4606860900032628
1674,Theopompus,"<|begin_of_text|><|start_header_id|>system<|end_header_id|>

Cutting Knowledge Date: December 2023
Today Date: 26 July 2024

<|eot_id|><|start_header_id|>user<|end_header_id|>

What was the name of the numerical system developed by Polybius for signaling letters?<|eot_id|><|start_header_id|>assistant<|end_header_id|>

",The Polybius square,domain,The Polybius square,0.96875,1.0,1.0,1.0324993557428637
1675,Theopompus,"<|begin_of_text|><|start_header_id|>system<|end_header_id|>

Cutting Knowledge Date: December 2023
Today Date: 26 July 2024

<|eot_id|><|start_header_id|>user<|end_header_id|>

Who was the Greek historian that Polybius considered as a model for his own historical writing?<|eot_id|><|start_header_id|>assistant<|end_header_id|>

",Thucydides,domain,Thucydides,0.99609375,1.0,0.9999998807907104,1.003408505750409
1676,Theopompus,"<|begin_of_text|><|start_header_id|>system<|end_header_id|>

Cutting Knowledge Date: December 2023
Today Date: 26 July 2024

<|eot_id|><|start_header_id|>user<|end_header_id|>

Who was Polybius's close friend and mentor?<|eot_id|><|start_header_id|>assistant<|end_header_id|>

",Scipio Aemilianus,domain,Scipio Aemilianus,0.99609375,1.0,1.0,1.0037607159221058
1677,Theopompus,"<|begin_of_text|><|start_header_id|>system<|end_header_id|>

Cutting Knowledge Date: December 2023
Today Date: 26 July 2024

<|eot_id|><|start_header_id|>user<|end_header_id|>

What was the name of the work written by Polybius that documented the rise of Rome in the Mediterranean?<|eot_id|><|start_header_id|>assistant<|end_header_id|>

",The Histories,domain,The Histories,1.0,1.0,0.9999999403953552,1.0017486584708613
1678,Theopompus,"<|begin_of_text|><|start_header_id|>system<|end_header_id|>

Cutting Knowledge Date: December 2023
Today Date: 26 July 2024

<|eot_id|><|start_header_id|>user<|end_header_id|>

What was the name of Polybius's father?<|eot_id|><|start_header_id|>assistant<|end_header_id|>

",Lycortas,domain,Lycortas,0.96875,1.0,0.9999998211860657,1.0304847234934187
1679,Theopompus,"<|begin_of_text|><|start_header_id|>system<|end_header_id|>

Cutting Knowledge Date: December 2023
Today Date: 26 July 2024

<|eot_id|><|start_header_id|>user<|end_header_id|>

When was Polybius born?<|eot_id|><|start_header_id|>assistant<|end_header_id|>

",Around 200 BC,domain,Around 200 BC,0.9765625,1.0,1.0,1.0242142991646328
1680,Theopompus,"<|begin_of_text|><|start_header_id|>system<|end_header_id|>

Cutting Knowledge Date: December 2023
Today Date: 26 July 2024

<|eot_id|><|start_header_id|>user<|end_header_id|>

What is the name of the work written by Xenophon that outlines the character of Socrates as he and his companions discuss what attributes they take pride in?<|eot_id|><|start_header_id|>assistant<|end_header_id|>

",The work is called Symposium,domain,The work is called Symposium,0.80078125,1.0,1.0,1.3196199124229622
1681,Theopompus,"<|begin_of_text|><|start_header_id|>system<|end_header_id|>

Cutting Knowledge Date: December 2023
Today Date: 26 July 2024

<|eot_id|><|start_header_id|>user<|end_header_id|>

What is the time period covered in the third part of Diodorus' history?<|eot_id|><|start_header_id|>assistant<|end_header_id|>

",From the successors of Alexander down to either 60 BC or the beginning of Julius Caesar's Gallic Wars,domain,From the successors of Alexander down to either 60 BC or the beginning of Julius Caesar's Gallic Wars,0.9296875,1.0,0.9999998807907104,1.0929354911917475
1682,Tom Brady,"<|begin_of_text|><|start_header_id|>system<|end_header_id|>

Cutting Knowledge Date: December 2023
Today Date: 26 July 2024

<|eot_id|><|start_header_id|>user<|end_header_id|>

Which college did Tom Brady play football for?<|eot_id|><|start_header_id|>assistant<|end_header_id|>

",University of Michigan,general,University of Michigan,0.99609375,1.0,0.9999999403953552,1.0035769386715272
1683,Tom Brady,"<|begin_of_text|><|start_header_id|>system<|end_header_id|>

Cutting Knowledge Date: December 2023
Today Date: 26 July 2024

<|eot_id|><|start_header_id|>user<|end_header_id|>

In what round was Tom Brady selected in the 2000 NFL draft?<|eot_id|><|start_header_id|>assistant<|end_header_id|>

",Sixth round,general,Sixth round,0.95703125,1.0,1.0,1.0482468904299669
1684,Tom Brady,"<|begin_of_text|><|start_header_id|>system<|end_header_id|>

Cutting Knowledge Date: December 2023
Today Date: 26 July 2024

<|eot_id|><|start_header_id|>user<|end_header_id|>

How many Super Bowl titles did Brady win with the New England Patriots?<|eot_id|><|start_header_id|>assistant<|end_header_id|>

",Six,general,Six,0.96875,1.0,0.9999998807907104,1.0327514615542697
1685,Tom Brady,"<|begin_of_text|><|start_header_id|>system<|end_header_id|>

Cutting Knowledge Date: December 2023
Today Date: 26 July 2024

<|eot_id|><|start_header_id|>user<|end_header_id|>

When was Tom Brady born?<|eot_id|><|start_header_id|>assistant<|end_header_id|>

","August 3, 1977",general,"August 3, 1977",1.0,1.0,1.0,1.000318577956862
1686,Tom Brady,"<|begin_of_text|><|start_header_id|>system<|end_header_id|>

Cutting Knowledge Date: December 2023
Today Date: 26 July 2024

<|eot_id|><|start_header_id|>user<|end_header_id|>

Which NFL team did Tom Brady spend his first 20 seasons with?<|eot_id|><|start_header_id|>assistant<|end_header_id|>

",New England Patriots,general,New England Patriots,0.99609375,1.0,0.9999999403953552,1.0020926406240807
1687,Tom Hanks,"<|begin_of_text|><|start_header_id|>system<|end_header_id|>

Cutting Knowledge Date: December 2023
Today Date: 26 July 2024

<|eot_id|><|start_header_id|>user<|end_header_id|>

Which city was Tom Hanks born in?<|eot_id|><|start_header_id|>assistant<|end_header_id|>

","Concord, California",general,"Concord, California",0.984375,1.0,0.9999998807907104,1.0141989824688313
1688,Tom Hanks,"<|begin_of_text|><|start_header_id|>system<|end_header_id|>

Cutting Knowledge Date: December 2023
Today Date: 26 July 2024

<|eot_id|><|start_header_id|>user<|end_header_id|>

How many Academy Awards has Tom Hanks won?<|eot_id|><|start_header_id|>assistant<|end_header_id|>

",Two,general,Two,0.984375,1.0,1.0,1.0149420760849852
1689,Tom Hanks,"<|begin_of_text|><|start_header_id|>system<|end_header_id|>

Cutting Knowledge Date: December 2023
Today Date: 26 July 2024

<|eot_id|><|start_header_id|>user<|end_header_id|>

For which films did Tom Hanks win the Academy Awards?<|eot_id|><|start_header_id|>assistant<|end_header_id|>

",Philadelphia and Forrest Gump,general,Philadelphia and Forrest Gump,1.0,1.0,0.9999998807907104,1.001565249605278
1690,Tom Hanks,"<|begin_of_text|><|start_header_id|>system<|end_header_id|>

Cutting Knowledge Date: December 2023
Today Date: 26 July 2024

<|eot_id|><|start_header_id|>user<|end_header_id|>

What is the name of Tom Hanks' production company?<|eot_id|><|start_header_id|>assistant<|end_header_id|>

",Playtone,general,Playtone,0.9921875,1.0,0.9999998807907104,1.0077200769933317
1691,Tom Hanks,"<|begin_of_text|><|start_header_id|>system<|end_header_id|>

Cutting Knowledge Date: December 2023
Today Date: 26 July 2024

<|eot_id|><|start_header_id|>user<|end_header_id|>

When was Tom Hanks born?<|eot_id|><|start_header_id|>assistant<|end_header_id|>

","July 9, 1956",general,"July 9, 1956",1.0,1.0,1.0,1.0000958488620075
1692,Tom Hardy,"<|begin_of_text|><|start_header_id|>system<|end_header_id|>

Cutting Knowledge Date: December 2023
Today Date: 26 July 2024

<|eot_id|><|start_header_id|>user<|end_header_id|>

What is Tom Hardy's full name?<|eot_id|><|start_header_id|>assistant<|end_header_id|>

",Edward Thomas Hardy,general,Edward Thomas Hardy,1.0,1.0,1.0000001192092896,1.001695160749261
1693,Tom Hardy,"<|begin_of_text|><|start_header_id|>system<|end_header_id|>

Cutting Knowledge Date: December 2023
Today Date: 26 July 2024

<|eot_id|><|start_header_id|>user<|end_header_id|>

For which film was Tom Hardy nominated for the Academy Award for Best Supporting Actor?<|eot_id|><|start_header_id|>assistant<|end_header_id|>

",The Revenant,general,The Revenant,0.984375,1.0,0.9999999403953552,1.0156237235140797
1694,Tom Hardy,"<|begin_of_text|><|start_header_id|>system<|end_header_id|>

Cutting Knowledge Date: December 2023
Today Date: 26 July 2024

<|eot_id|><|start_header_id|>user<|end_header_id|>

In which Christopher Nolan films has Tom Hardy appeared?<|eot_id|><|start_header_id|>assistant<|end_header_id|>

","Inception, The Dark Knight Rises, Dunkirk",general,"Inception, The Dark Knight Rises, Dunkirk",0.9765625,1.0,1.0,1.0267178772379901
1695,Tom Hardy,"<|begin_of_text|><|start_header_id|>system<|end_header_id|>

Cutting Knowledge Date: December 2023
Today Date: 26 July 2024

<|eot_id|><|start_header_id|>user<|end_header_id|>

Which character did Tom Hardy play in 'Mad Max: Fury Road'?<|eot_id|><|start_header_id|>assistant<|end_header_id|>

",'Mad' Max Rockatansky,general,Captain Fury or 'Mad' Max Rockatansky,0.8671875,0.5,0.6314714550971985,1.5948774110385213
1696,Tom Hardy,"<|begin_of_text|><|start_header_id|>system<|end_header_id|>

Cutting Knowledge Date: December 2023
Today Date: 26 July 2024

<|eot_id|><|start_header_id|>user<|end_header_id|>

What is the name of the character Tom Hardy played in 'Venom' and its sequel?<|eot_id|><|start_header_id|>assistant<|end_header_id|>

",Eddie Brock/Venom,general,Eddie Brock/Venom,1.0,1.0,1.0,1.0013131172438396
1697,Vladimir Putin,"<|begin_of_text|><|start_header_id|>system<|end_header_id|>

Cutting Knowledge Date: December 2023
Today Date: 26 July 2024

<|eot_id|><|start_header_id|>user<|end_header_id|>

When was Vladimir Putin born?<|eot_id|><|start_header_id|>assistant<|end_header_id|>

",7 October 1952,general,7 October 1952,1.0,1.0,0.9999999403953552,1.000455960241526
1698,Vladimir Putin,"<|begin_of_text|><|start_header_id|>system<|end_header_id|>

Cutting Knowledge Date: December 2023
Today Date: 26 July 2024

<|eot_id|><|start_header_id|>user<|end_header_id|>

What major international action did Vladimir Putin take in February 2022?<|eot_id|><|start_header_id|>assistant<|end_header_id|>

",Launched a significant invasion of Ukraine,general,Launched a significant invasion of Ukraine.,0.8828125,1.0,0.9881142377853394,1.1476258297541455
1699,Vladimir Putin,"<|begin_of_text|><|start_header_id|>system<|end_header_id|>

Cutting Knowledge Date: December 2023
Today Date: 26 July 2024

<|eot_id|><|start_header_id|>user<|end_header_id|>

What city was Vladimir Putin born in?<|eot_id|><|start_header_id|>assistant<|end_header_id|>

","Leningrad, Soviet Union (now Saint Petersburg, Russia)",general,Leningrad (now Saint Petersburg),0.88671875,1.0,0.9123229384422302,1.5948774110385213
1700,Vladimir Putin,"<|begin_of_text|><|start_header_id|>system<|end_header_id|>

Cutting Knowledge Date: December 2023
Today Date: 26 July 2024

<|eot_id|><|start_header_id|>user<|end_header_id|>

In what year did Vladimir Putin first become president of Russia?<|eot_id|><|start_header_id|>assistant<|end_header_id|>

",2000,general,2000,1.0,1.0,0.9999998807907104,1.0012443648889044
1701,Vladimir Putin,"<|begin_of_text|><|start_header_id|>system<|end_header_id|>

Cutting Knowledge Date: December 2023
Today Date: 26 July 2024

<|eot_id|><|start_header_id|>user<|end_header_id|>

How long did Vladimir Putin serve in the KGB?<|eot_id|><|start_header_id|>assistant<|end_header_id|>

",16 years,general,16 years,1.0,1.0,1.0000001192092896,1.000073912490915
1702,Wilhelm Wattenbach,"<|begin_of_text|><|start_header_id|>system<|end_header_id|>

Cutting Knowledge Date: December 2023
Today Date: 26 July 2024

<|eot_id|><|start_header_id|>user<|end_header_id|>

What subject did Theodor Mommsen study at the University of Kiel?<|eot_id|><|start_header_id|>assistant<|end_header_id|>

",Jurisprudence,domain,Jurisprudence,0.984375,1.0,0.9999998807907104,1.0159957241412068
1703,Wilhelm Wattenbach,"<|begin_of_text|><|start_header_id|>system<|end_header_id|>

Cutting Knowledge Date: December 2023
Today Date: 26 July 2024

<|eot_id|><|start_header_id|>user<|end_header_id|>

What degree did Theodor Mommsen receive from the University of Kiel?<|eot_id|><|start_header_id|>assistant<|end_header_id|>

",Doctor of Roman Law,domain,Doctor of Roman Law,0.81640625,1.0,0.9999999403953552,1.2518336231630531
1704,Wilhelm Wattenbach,"<|begin_of_text|><|start_header_id|>system<|end_header_id|>

Cutting Knowledge Date: December 2023
Today Date: 26 July 2024

<|eot_id|><|start_header_id|>user<|end_header_id|>

What was Theodor Mommsen's profession during the revolution of 1848?<|eot_id|><|start_header_id|>assistant<|end_header_id|>

",War correspondent,domain,War correspondent,0.9765625,1.0,0.9999999403953552,1.0252149969836144
1705,Wilhelm Wattenbach,"<|begin_of_text|><|start_header_id|>system<|end_header_id|>

Cutting Knowledge Date: December 2023
Today Date: 26 July 2024

<|eot_id|><|start_header_id|>user<|end_header_id|>

What was the name of the play written by Bernard Shaw that was inspired by Theodor Mommsen's interpretation of Julius Caesar?<|eot_id|><|start_header_id|>assistant<|end_header_id|>

",Caesar and Cleopatra,domain,Caesar and Cleopatra,1.0,1.0,1.0000003576278687,1.0021996813821428
1706,Wilhelm Wattenbach,"<|begin_of_text|><|start_header_id|>system<|end_header_id|>

Cutting Knowledge Date: December 2023
Today Date: 26 July 2024

<|eot_id|><|start_header_id|>user<|end_header_id|>

What was Theodor Mommsen's stance on antisemitism?<|eot_id|><|start_header_id|>assistant<|end_header_id|>

",He strongly opposed it,domain,He was opposed to it,0.703125,0.6,0.8658175468444824,1.5397816566846425
1707,Wilhelm Wattenbach,"<|begin_of_text|><|start_header_id|>system<|end_header_id|>

Cutting Knowledge Date: December 2023
Today Date: 26 July 2024

<|eot_id|><|start_header_id|>user<|end_header_id|>

What was Theodor Mommsen's view on the assimilation of ethnic minorities into German society?<|eot_id|><|start_header_id|>assistant<|end_header_id|>

","He favored assimilation, not exclusion",domain,He advocated for the assimilation of ethnic minorities into German society.,0.36328125,0.18181818181818182,0.5751655697822571,6.222209072198332
1708,Wilhelm Wattenbach,"<|begin_of_text|><|start_header_id|>system<|end_header_id|>

Cutting Knowledge Date: December 2023
Today Date: 26 July 2024

<|eot_id|><|start_header_id|>user<|end_header_id|>

Where did Georg Waitz receive his education?<|eot_id|><|start_header_id|>assistant<|end_header_id|>

",Flensburg gymnasium and the universities of Kiel and Berlin,domain,Flensburg gymnasium and the universities of Kiel and Berlin,0.94140625,1.0,1.0,1.0686607724313482
1709,Wilhelm Wattenbach,"<|begin_of_text|><|start_header_id|>system<|end_header_id|>

Cutting Knowledge Date: December 2023
Today Date: 26 July 2024

<|eot_id|><|start_header_id|>user<|end_header_id|>

How many volumes of the Corpus Inscriptionum Latinarum were published during Theodor Mommsen's lifetime?<|eot_id|><|start_header_id|>assistant<|end_header_id|>

",Fifteen,domain,Fifteen,0.99609375,1.0,1.0,1.0039138893383475
1710,Wilhelm Wattenbach,"<|begin_of_text|><|start_header_id|>system<|end_header_id|>

Cutting Knowledge Date: December 2023
Today Date: 26 July 2024

<|eot_id|><|start_header_id|>user<|end_header_id|>

Who wrote a 'performance text' entitled Mommsens Block, inspired by Theodor Mommsen's work?<|eot_id|><|start_header_id|>assistant<|end_header_id|>

",Heiner Müller,domain,Heiner Müller,0.984375,1.0,1.0000001192092896,1.0183548943330976
1711,Wilhelm Wattenbach,"<|begin_of_text|><|start_header_id|>system<|end_header_id|>

Cutting Knowledge Date: December 2023
Today Date: 26 July 2024

<|eot_id|><|start_header_id|>user<|end_header_id|>

What was the profession of Theodor Mommsen's grandson, Theodor Ernst Mommsen?<|eot_id|><|start_header_id|>assistant<|end_header_id|>

",Professor of medieval history,domain,He was a dermatologist,0.765625,0.0,0.335928350687027,1.8537071520464343
1712,Wilhelm Wattenbach,"<|begin_of_text|><|start_header_id|>system<|end_header_id|>

Cutting Knowledge Date: December 2023
Today Date: 26 July 2024

<|eot_id|><|start_header_id|>user<|end_header_id|>

How many children did Theodor Mommsen have with his wife Marie?<|eot_id|><|start_header_id|>assistant<|end_header_id|>

",Sixteen,domain,Thirteen,0.546875,0.0,0.785109281539917,2.655312897724092
1713,Wilhelm Wattenbach,"<|begin_of_text|><|start_header_id|>system<|end_header_id|>

Cutting Knowledge Date: December 2023
Today Date: 26 July 2024

<|eot_id|><|start_header_id|>user<|end_header_id|>

For what work did Theodor Mommsen receive the Nobel Prize in Literature?<|eot_id|><|start_header_id|>assistant<|end_header_id|>

",The History of Rome,domain,The History of Rome,0.96484375,1.0,1.0000001192092896,1.0390741519281501
1714,Wilhelm Wattenbach,"<|begin_of_text|><|start_header_id|>system<|end_header_id|>

Cutting Knowledge Date: December 2023
Today Date: 26 July 2024

<|eot_id|><|start_header_id|>user<|end_header_id|>

Where did Theodor Mommsen work as a professor of law in 1851?<|eot_id|><|start_header_id|>assistant<|end_header_id|>

",University of Leipzig,domain,University of Leipzig,0.91015625,1.0,1.0,1.1079805815559607
1715,Wilhelm Wattenbach,"<|begin_of_text|><|start_header_id|>system<|end_header_id|>

Cutting Knowledge Date: December 2023
Today Date: 26 July 2024

<|eot_id|><|start_header_id|>user<|end_header_id|>

What was the name of the collection of Roman inscriptions that Theodor Mommsen contributed to?<|eot_id|><|start_header_id|>assistant<|end_header_id|>

",Corpus Inscriptionum Latinarum,domain,Corpus Inscriptionum Latinarum,0.99609375,1.0,1.0,1.0047720925254506
1716,Wilhelm Wattenbach,"<|begin_of_text|><|start_header_id|>system<|end_header_id|>

Cutting Knowledge Date: December 2023
Today Date: 26 July 2024

<|eot_id|><|start_header_id|>user<|end_header_id|>

How many entries does the Encyclopædia Britannica Eleventh Edition contain?<|eot_id|><|start_header_id|>assistant<|end_header_id|>

","40,000",entity,"40,000",0.96484375,1.0,1.0000001192092896,1.0365404439631563
1717,Wilhelm Wattenbach,"<|begin_of_text|><|start_header_id|>system<|end_header_id|>

Cutting Knowledge Date: December 2023
Today Date: 26 July 2024

<|eot_id|><|start_header_id|>user<|end_header_id|>

What was the focus of Georg Waitz's historical research?<|eot_id|><|start_header_id|>assistant<|end_header_id|>

",Medieval German history,domain,Medieval German history,0.9921875,1.0,0.9999998807907104,1.0083968740400941
1718,Wilhelm Wattenbach,"<|begin_of_text|><|start_header_id|>system<|end_header_id|>

Cutting Knowledge Date: December 2023
Today Date: 26 July 2024

<|eot_id|><|start_header_id|>user<|end_header_id|>

What award did Theodor Mommsen receive in 1902?<|eot_id|><|start_header_id|>assistant<|end_header_id|>

",Nobel Prize in Literature,domain,Nobel Prize in Literature,0.96484375,1.0,0.9999999403953552,1.037046690812174
1719,Wilhelm Wattenbach,"<|begin_of_text|><|start_header_id|>system<|end_header_id|>

Cutting Knowledge Date: December 2023
Today Date: 26 July 2024

<|eot_id|><|start_header_id|>user<|end_header_id|>

Where was Theodor Mommsen born?<|eot_id|><|start_header_id|>assistant<|end_header_id|>

",Garding in the Duchy of Schleswig,domain,"Garding, near Bad Oldesloe in Dukes of Holstein",0.91015625,0.375,0.5019913911819458,1.128179722396339
1720,Wilhelm Wattenbach,"<|begin_of_text|><|start_header_id|>system<|end_header_id|>

Cutting Knowledge Date: December 2023
Today Date: 26 July 2024

<|eot_id|><|start_header_id|>user<|end_header_id|>

Where was Heinrich von Sybel born?<|eot_id|><|start_header_id|>assistant<|end_header_id|>

",Düsseldorf,domain,Düsseldorf,0.8671875,1.0,1.0,1.1554978037059165
1721,Wilhelm Wattenbach,"<|begin_of_text|><|start_header_id|>system<|end_header_id|>

Cutting Knowledge Date: December 2023
Today Date: 26 July 2024

<|eot_id|><|start_header_id|>user<|end_header_id|>

What was the occupation of Heinrich von Sybel's father?<|eot_id|><|start_header_id|>assistant<|end_header_id|>

",Important posts in the public service under both the French and the Prussians,domain,Jewish banker,0.58203125,0.0,0.20671334862709045,4.048868664514532
1722,Wilhelm Wattenbach,"<|begin_of_text|><|start_header_id|>system<|end_header_id|>

Cutting Knowledge Date: December 2023
Today Date: 26 July 2024

<|eot_id|><|start_header_id|>user<|end_header_id|>

In what year was Heinrich von Sybel's father raised to the hereditary nobility?<|eot_id|><|start_header_id|>assistant<|end_header_id|>

",1831,domain,1831,0.6484375,1.0,1.0,1.5397816566846425
1723,Wilhelm Wattenbach,"<|begin_of_text|><|start_header_id|>system<|end_header_id|>

Cutting Knowledge Date: December 2023
Today Date: 26 July 2024

<|eot_id|><|start_header_id|>user<|end_header_id|>

Where did Heinrich von Sybel receive his education?<|eot_id|><|start_header_id|>assistant<|end_header_id|>

",Local Gymnasium and the University of Berlin,domain,Local Gymnasium and the University of Berlin,0.9296875,1.0,1.0,1.0780946956931983
1724,Wilhelm Wattenbach,"<|begin_of_text|><|start_header_id|>system<|end_header_id|>

Cutting Knowledge Date: December 2023
Today Date: 26 July 2024

<|eot_id|><|start_header_id|>user<|end_header_id|>

Who were the influences on Heinrich von Sybel during his time at the University of Berlin?<|eot_id|><|start_header_id|>assistant<|end_header_id|>

",Friedrich Carl von Savigny and Leopold von Ranke,domain,Friedrich Carl von Savigny and Leopold von Ranke,0.97265625,1.0,1.0,1.0307363373912026
1725,Wilhelm Wattenbach,"<|begin_of_text|><|start_header_id|>system<|end_header_id|>

Cutting Knowledge Date: December 2023
Today Date: 26 July 2024

<|eot_id|><|start_header_id|>user<|end_header_id|>

Where has the Monumenta Germaniae Historica Institute been located since 1949?<|eot_id|><|start_header_id|>assistant<|end_header_id|>

",Munich,entity,Munich,0.9921875,1.0,0.9999999403953552,1.0073818488290267
1726,Wilhelm Wattenbach,"<|begin_of_text|><|start_header_id|>system<|end_header_id|>

Cutting Knowledge Date: December 2023
Today Date: 26 July 2024

<|eot_id|><|start_header_id|>user<|end_header_id|>

Where did Theodor Mommsen grow up?<|eot_id|><|start_header_id|>assistant<|end_header_id|>

",Bad Oldesloe in Holstein,domain,Bad Oldesloe in Holstein,0.9921875,1.0,1.0,1.0080276556855061
1727,Wilhelm Wattenbach,"<|begin_of_text|><|start_header_id|>system<|end_header_id|>

Cutting Knowledge Date: December 2023
Today Date: 26 July 2024

<|eot_id|><|start_header_id|>user<|end_header_id|>

What was Theodor Mommsen's father's profession?<|eot_id|><|start_header_id|>assistant<|end_header_id|>

",Lutheran minister,domain,Lutheran minister,0.91015625,1.0,1.0,1.1144917122256655
1728,Wilhelm Wattenbach,"<|begin_of_text|><|start_header_id|>system<|end_header_id|>

Cutting Knowledge Date: December 2023
Today Date: 26 July 2024

<|eot_id|><|start_header_id|>user<|end_header_id|>

When was Theodor Mommsen born?<|eot_id|><|start_header_id|>assistant<|end_header_id|>

",30 November 1817,domain,30 November 1817,0.99609375,1.0,1.0,1.003270718023163
1729,Wilhelm Wattenbach,"<|begin_of_text|><|start_header_id|>system<|end_header_id|>

Cutting Knowledge Date: December 2023
Today Date: 26 July 2024

<|eot_id|><|start_header_id|>user<|end_header_id|>

What was the occupation of Georg Waitz's first father-in-law?<|eot_id|><|start_header_id|>assistant<|end_header_id|>

",Philosopher,domain,Philosopher,0.81640625,1.0,0.9999997615814209,1.245736053060489
1730,Wilhelm Wattenbach,"<|begin_of_text|><|start_header_id|>system<|end_header_id|>

Cutting Knowledge Date: December 2023
Today Date: 26 July 2024

<|eot_id|><|start_header_id|>user<|end_header_id|>

What was Leopold von Ranke's statement on the role of the historian?<|eot_id|><|start_header_id|>assistant<|end_header_id|>

","To history has been assigned the office of judging the past, of instructing the present for the benefit of future ages",domain,"To history has been assigned the office of judging the past, of instructing the present for the benefit of future ages",0.9453125,1.0,1.0000001192092896,1.0624173972186313
1731,Wilhelm Wattenbach,"<|begin_of_text|><|start_header_id|>system<|end_header_id|>

Cutting Knowledge Date: December 2023
Today Date: 26 July 2024

<|eot_id|><|start_header_id|>user<|end_header_id|>

What was Leopold von Ranke's approach to historical research?<|eot_id|><|start_header_id|>assistant<|end_header_id|>

",He emphasized the importance of primary sources and the analysis of historical documents,domain,He emphasized the importance of primary sources and the use of archival research,0.78125,0.7692307692307693,0.8828524947166443,1.5307858790942768
1732,Wilhelm Wattenbach,"<|begin_of_text|><|start_header_id|>system<|end_header_id|>

Cutting Knowledge Date: December 2023
Today Date: 26 July 2024

<|eot_id|><|start_header_id|>user<|end_header_id|>

What was the title of Leopold von Ranke's book on the history of England?<|eot_id|><|start_header_id|>assistant<|end_header_id|>

",Englische Geschichte vornehmlich im XVI and XVII Jahrhundert,domain,Englische Geschichte vornehmlich im sechzehnten Jahrhundert,0.84375,0.8333333333333334,0.9202409982681274,1.7896700083849195
1733,Wilhelm Wattenbach,"<|begin_of_text|><|start_header_id|>system<|end_header_id|>

Cutting Knowledge Date: December 2023
Today Date: 26 July 2024

<|eot_id|><|start_header_id|>user<|end_header_id|>

What was Leopold von Ranke's view on the French Revolution?<|eot_id|><|start_header_id|>assistant<|end_header_id|>

",He claimed that the ideas of the French Revolution were meant for France only and urged his readers to stay loyal to the Prussian state,domain,He saw it as a necessary and inevitable event,0.55859375,0.2222222222222222,0.18780919909477234,4.770733181967603
1734,Wilhelm Wattenbach,"<|begin_of_text|><|start_header_id|>system<|end_header_id|>

Cutting Knowledge Date: December 2023
Today Date: 26 July 2024

<|eot_id|><|start_header_id|>user<|end_header_id|>

What was the name of the journal that Leopold von Ranke founded and edited?<|eot_id|><|start_header_id|>assistant<|end_header_id|>

",Historische-Politische Zeitschrift,domain,Historische-Politische Zeitschrift,0.9375,1.0,1.0,1.0707500401388383
1735,Wilhelm Wattenbach,"<|begin_of_text|><|start_header_id|>system<|end_header_id|>

Cutting Knowledge Date: December 2023
Today Date: 26 July 2024

<|eot_id|><|start_header_id|>user<|end_header_id|>

What was Leopold von Ranke's view on the role of God in history?<|eot_id|><|start_header_id|>assistant<|end_header_id|>

",He believed that God's actions were manifest in the lives of men and history,domain,He believed that God was actively involved in history and that it was the duty of historians to uncover God's plan,0.419921875,0.3181818181818182,0.6652701497077942,4.516839393365801
1736,Wilhelm Wattenbach,"<|begin_of_text|><|start_header_id|>system<|end_header_id|>

Cutting Knowledge Date: December 2023
Today Date: 26 July 2024

<|eot_id|><|start_header_id|>user<|end_header_id|>

What was the title of Leopold von Ranke's book on the papacy in the 16th century?<|eot_id|><|start_header_id|>assistant<|end_header_id|>

","Die römischen Päpste, ihre Kirche und ihr Staat im sechzehnten und siebzehnten Jahrhundert",domain,"Die römischen Päpste, ihr Kirchenrecht, ihr Staat und ihre Ämter, till 1580",0.9375,0.6428571428571429,0.6687644124031067,1.1068990974236574
1737,Wilhelm Wattenbach,"<|begin_of_text|><|start_header_id|>system<|end_header_id|>

Cutting Knowledge Date: December 2023
Today Date: 26 July 2024

<|eot_id|><|start_header_id|>user<|end_header_id|>

What method of teaching did Leopold von Ranke use in his classroom?<|eot_id|><|start_header_id|>assistant<|end_header_id|>

",The seminar system,domain,The seminar system,0.9375,1.0,0.9999998807907104,1.0686607724313482
1738,Wilhelm Wattenbach,"<|begin_of_text|><|start_header_id|>system<|end_header_id|>

Cutting Knowledge Date: December 2023
Today Date: 26 July 2024

<|eot_id|><|start_header_id|>user<|end_header_id|>

When was Heinrich von Sybel born?<|eot_id|><|start_header_id|>assistant<|end_header_id|>

",2 December 1817,domain,2 December 1817,0.9921875,1.0,1.0,1.0077815852227503
1739,Wilhelm Wattenbach,"<|begin_of_text|><|start_header_id|>system<|end_header_id|>

Cutting Knowledge Date: December 2023
Today Date: 26 July 2024

<|eot_id|><|start_header_id|>user<|end_header_id|>

What was the name of the publication that Georg Waitz took a leading part in?<|eot_id|><|start_header_id|>assistant<|end_header_id|>

",Forschungen zur deutschen Geschichte,domain,"Mommsen's Archiv, and the Zeitschrift für Geschichte",0.76953125,0.1111111111111111,0.7150319218635559,2.593802640698535
1740,Wilhelm Wattenbach,"<|begin_of_text|><|start_header_id|>system<|end_header_id|>

Cutting Knowledge Date: December 2023
Today Date: 26 July 2024

<|eot_id|><|start_header_id|>user<|end_header_id|>

What was the name of the historical school that grew in reputation during Georg Waitz's time at Göttingen?<|eot_id|><|start_header_id|>assistant<|end_header_id|>

",The Göttingen historical school,domain,The Göttingen historical school,0.9453125,1.0,1.0,1.0626768081310818
1741,Wilhelm Wattenbach,"<|begin_of_text|><|start_header_id|>system<|end_header_id|>

Cutting Knowledge Date: December 2023
Today Date: 26 July 2024

<|eot_id|><|start_header_id|>user<|end_header_id|>

What was the outcome of Georg Waitz's move to Berlin in 1875?<|eot_id|><|start_header_id|>assistant<|end_header_id|>

",He succeeded Pertz as principal editor of the Monumenta Germaniae historica,domain,He became the founder and first editor of the Historische Zeitschrift,0.8359375,0.36363636363636365,0.4723500907421112,1.3829497943012412
1742,Wilhelm Wattenbach,"<|begin_of_text|><|start_header_id|>system<|end_header_id|>

Cutting Knowledge Date: December 2023
Today Date: 26 July 2024

<|eot_id|><|start_header_id|>user<|end_header_id|>

What event delayed Georg Waitz from taking up his new chair at the University of Göttingen?<|eot_id|><|start_header_id|>assistant<|end_header_id|>

",The Revolutions of 1848,domain,The Revolutions of 1848,0.9921875,1.0,0.9999999403953552,1.0071666718333143
1743,Wilhelm Wattenbach,"<|begin_of_text|><|start_header_id|>system<|end_header_id|>

Cutting Knowledge Date: December 2023
Today Date: 26 July 2024

<|eot_id|><|start_header_id|>user<|end_header_id|>

What was Georg Waitz's stance on German unification?<|eot_id|><|start_header_id|>assistant<|end_header_id|>

",He supported it,domain,He supported it,0.80859375,1.0,0.9999998807907104,1.2665898417818306
1744,Wilhelm Wattenbach,"<|begin_of_text|><|start_header_id|>system<|end_header_id|>

Cutting Knowledge Date: December 2023
Today Date: 26 July 2024

<|eot_id|><|start_header_id|>user<|end_header_id|>

What was Leopold von Ranke's first book?<|eot_id|><|start_header_id|>assistant<|end_header_id|>

",Geschichten der romanischen und germanischen Völker von 1494 bis 1514,domain,Geschichten der romanischen und germanischen Völker von 1494 bis 1514,0.9921875,1.0,1.0,1.0080276556855061
1745,Wilhelm Wattenbach,"<|begin_of_text|><|start_header_id|>system<|end_header_id|>

Cutting Knowledge Date: December 2023
Today Date: 26 July 2024

<|eot_id|><|start_header_id|>user<|end_header_id|>

What subjects did Ernst Ludwig Dümmler study at Bonn?<|eot_id|><|start_header_id|>assistant<|end_header_id|>

","Law, classical philology and history",domain,"Law, classical philology and history",0.7734375,1.0,0.9999997615814209,1.3668379411737963
1746,Wilhelm Wattenbach,"<|begin_of_text|><|start_header_id|>system<|end_header_id|>

Cutting Knowledge Date: December 2023
Today Date: 26 July 2024

<|eot_id|><|start_header_id|>user<|end_header_id|>

What was the title of Ernst Ludwig Dümmler's doctorate dissertation?<|eot_id|><|start_header_id|>assistant<|end_header_id|>

",De Arnulfo Francorum rege,domain,De Carolingicorum archivis antiquissimi,0.8046875,0.25,0.508816123008728,2.0358990195749382
1747,Wilhelm Wattenbach,"<|begin_of_text|><|start_header_id|>system<|end_header_id|>

Cutting Knowledge Date: December 2023
Today Date: 26 July 2024

<|eot_id|><|start_header_id|>user<|end_header_id|>

In what year did Ernst Ludwig Dümmler enter the faculty at Halle?<|eot_id|><|start_header_id|>assistant<|end_header_id|>

",1855,domain,1854,0.37109375,0.0,0.8562440872192383,4.1448848179061955
1748,Wilhelm Wattenbach,"<|begin_of_text|><|start_header_id|>system<|end_header_id|>

Cutting Knowledge Date: December 2023
Today Date: 26 July 2024

<|eot_id|><|start_header_id|>user<|end_header_id|>

What was the title of Ernst Ludwig Dümmler's great work?<|eot_id|><|start_header_id|>assistant<|end_header_id|>

",Geschichte des ostfränkischen Reiches,domain,Geschichte des ostfränkischen Reiches,0.96484375,1.0,0.9999999403953552,1.0403433274781941
1749,Wilhelm Wattenbach,"<|begin_of_text|><|start_header_id|>system<|end_header_id|>

Cutting Knowledge Date: December 2023
Today Date: 26 July 2024

<|eot_id|><|start_header_id|>user<|end_header_id|>

Who did Ernst Ludwig Dümmler complete the Monumenta Alcuiniana with?<|eot_id|><|start_header_id|>assistant<|end_header_id|>

",Wattenbach,domain,Wattenbach,0.84375,1.0,0.9999998807907104,1.2156908305205474
1750,Wilhelm Wattenbach,"<|begin_of_text|><|start_header_id|>system<|end_header_id|>

Cutting Knowledge Date: December 2023
Today Date: 26 July 2024

<|eot_id|><|start_header_id|>user<|end_header_id|>

What was the profession of Ernst Ludwig Dümmler's son, Georg Ferdinand Dümmler?<|eot_id|><|start_header_id|>assistant<|end_header_id|>

",Archaeologist and philologist,domain,Archaeologist and philologist,0.85546875,1.0,1.0,1.1886896458684653
1751,Wilhelm Wattenbach,"<|begin_of_text|><|start_header_id|>system<|end_header_id|>

Cutting Knowledge Date: December 2023
Today Date: 26 July 2024

<|eot_id|><|start_header_id|>user<|end_header_id|>

What is the Monumenta Germaniae Historica?<|eot_id|><|start_header_id|>assistant<|end_header_id|>

","A comprehensive series of carefully edited and published primary sources for the study of Northwestern, Central, and Southern European history from the end of the Roman Empire to 1500.",entity,A comprehensive series of carefully edited and published historical documents from the German-speaking world.,0.84765625,0.6666666666666666,0.5079067349433899,1.5917654561028425
1752,Wilhelm Wattenbach,"<|begin_of_text|><|start_header_id|>system<|end_header_id|>

Cutting Knowledge Date: December 2023
Today Date: 26 July 2024

<|eot_id|><|start_header_id|>user<|end_header_id|>

What is Frankfurt's rank among the world's wealthiest cities as of 2023?<|eot_id|><|start_header_id|>assistant<|end_header_id|>

",13th-wealthiest,entity,7th,0.62109375,0.0,0.395187109708786,3.3305085165287003
1753,Wilhelm Wattenbach,"<|begin_of_text|><|start_header_id|>system<|end_header_id|>

Cutting Knowledge Date: December 2023
Today Date: 26 July 2024

<|eot_id|><|start_header_id|>user<|end_header_id|>

What was Leopold von Ranke's early education like?<|eot_id|><|start_header_id|>assistant<|end_header_id|>

",He was educated partly at home and partly in the high school at Schulpforta,domain,He was educated at the Gymnasium of St. Maria Magdalena in Berlin and later at the Gymnasium of Grimma in his parental town,0.7578125,0.2608695652173913,0.42212170362472534,1.7688197212374674
1754,Wilhelm Wattenbach,"<|begin_of_text|><|start_header_id|>system<|end_header_id|>

Cutting Knowledge Date: December 2023
Today Date: 26 July 2024

<|eot_id|><|start_header_id|>user<|end_header_id|>

How many ultra high-net-worth individuals called Frankfurt home in 2015?<|eot_id|><|start_header_id|>assistant<|end_header_id|>

","1,909",entity,"1,190",0.46484375,0.5,0.5364153385162354,16.651494963610144
1755,Wilhelm Wattenbach,"<|begin_of_text|><|start_header_id|>system<|end_header_id|>

Cutting Knowledge Date: December 2023
Today Date: 26 July 2024

<|eot_id|><|start_header_id|>user<|end_header_id|>

Where did Leopold von Ranke come from?<|eot_id|><|start_header_id|>assistant<|end_header_id|>

",A family of Lutheran pastors and lawyers,domain,A family of Lutheran pastors,0.8359375,1.0,0.9269133806228638,1.2264227056872319
1756,Wilhelm Wattenbach,"<|begin_of_text|><|start_header_id|>system<|end_header_id|>

Cutting Knowledge Date: December 2023
Today Date: 26 July 2024

<|eot_id|><|start_header_id|>user<|end_header_id|>

What was Leopold von Ranke's occupation?<|eot_id|><|start_header_id|>assistant<|end_header_id|>

",German historian and a founder of modern source-based history,domain,German historian and a founder of modern source-based history,0.97265625,1.0,1.0,1.0284740222324804
1757,Wilhelm Wattenbach,"<|begin_of_text|><|start_header_id|>system<|end_header_id|>

Cutting Knowledge Date: December 2023
Today Date: 26 July 2024

<|eot_id|><|start_header_id|>user<|end_header_id|>

When was Leopold von Ranke born?<|eot_id|><|start_header_id|>assistant<|end_header_id|>

",21 December 1795,domain,21 December 1795,1.0,1.0,1.0,1.0000087619211675
1758,Wilhelm Wattenbach,"<|begin_of_text|><|start_header_id|>system<|end_header_id|>

Cutting Knowledge Date: December 2023
Today Date: 26 July 2024

<|eot_id|><|start_header_id|>user<|end_header_id|>

When was the Encyclopædia Britannica Eleventh Edition published?<|eot_id|><|start_header_id|>assistant<|end_header_id|>

",1910–1911,entity,1910–1911,0.98046875,1.0,1.0,1.01922544251975
1759,Wilhelm Wattenbach,"<|begin_of_text|><|start_header_id|>system<|end_header_id|>

Cutting Knowledge Date: December 2023
Today Date: 26 July 2024

<|eot_id|><|start_header_id|>user<|end_header_id|>

How many volumes does the Encyclopædia Britannica Eleventh Edition consist of?<|eot_id|><|start_header_id|>assistant<|end_header_id|>

",29,entity,29,1.0,1.0,1.000000238418579,1.0005074834625114
1760,Wilhelm Wattenbach,"<|begin_of_text|><|start_header_id|>system<|end_header_id|>

Cutting Knowledge Date: December 2023
Today Date: 26 July 2024

<|eot_id|><|start_header_id|>user<|end_header_id|>

What is the official German name for Frankfurt?<|eot_id|><|start_header_id|>assistant<|end_header_id|>

",Frankfurt am Main,entity,Frankfurt am Main,1.0,1.0,0.9999999403953552,1.0014353553096396
1761,Wilhelm Wattenbach,"<|begin_of_text|><|start_header_id|>system<|end_header_id|>

Cutting Knowledge Date: December 2023
Today Date: 26 July 2024

<|eot_id|><|start_header_id|>user<|end_header_id|>

Which airport is the busiest in Germany and has the most direct routes in the world?<|eot_id|><|start_header_id|>assistant<|end_header_id|>

",Frankfurt Airport,entity,Frankfurt Airport,0.94140625,1.0,0.9999998807907104,1.0660549196094284
1762,Wilhelm Wattenbach,"<|begin_of_text|><|start_header_id|>system<|end_header_id|>

Cutting Knowledge Date: December 2023
Today Date: 26 July 2024

<|eot_id|><|start_header_id|>user<|end_header_id|>

What is the world's largest internet exchange point located in Frankfurt?<|eot_id|><|start_header_id|>assistant<|end_header_id|>

",DE-CIX,entity,DE-CIX,0.9921875,1.0,0.9999999403953552,1.0080891826886114
1763,Wilhelm Wattenbach,"<|begin_of_text|><|start_header_id|>system<|end_header_id|>

Cutting Knowledge Date: December 2023
Today Date: 26 July 2024

<|eot_id|><|start_header_id|>user<|end_header_id|>

What does the motto 'Sanctus amor patriae dat animum' mean?<|eot_id|><|start_header_id|>assistant<|end_header_id|>

",Holy love for the fatherland gives the spirit,entity,Holy love of the fatherland gives courage.,0.75390625,0.7142857142857143,0.8672277927398682,1.9200356431346326
1764,Wilhelm Wattenbach,"<|begin_of_text|><|start_header_id|>system<|end_header_id|>

Cutting Knowledge Date: December 2023
Today Date: 26 July 2024

<|eot_id|><|start_header_id|>user<|end_header_id|>

What major historical events had yet to occur at the time of the Eleventh Edition's publication?<|eot_id|><|start_header_id|>assistant<|end_header_id|>

",The tumultuous world wars,entity,World War II and the Great Depression,0.5859375,0.2857142857142857,0.5321238040924072,5.448348308054142
1765,Wilhelm Wattenbach,"<|begin_of_text|><|start_header_id|>system<|end_header_id|>

Cutting Knowledge Date: December 2023
Today Date: 26 July 2024

<|eot_id|><|start_header_id|>user<|end_header_id|>

Where is Rantzau?<|eot_id|><|start_header_id|>assistant<|end_header_id|>

","District of Plön, in Schleswig-Holstein, Germany",entity,"Rantzau is located in Schleswig-Holstein, Germany.",0.921875,0.5714285714285714,0.3816644549369812,1.3170450451188909
1766,Wilhelm Wattenbach,"<|begin_of_text|><|start_header_id|>system<|end_header_id|>

Cutting Knowledge Date: December 2023
Today Date: 26 July 2024

<|eot_id|><|start_header_id|>user<|end_header_id|>

What edition of the Encyclopædia Britannica was the basis for every later version until the fifteenth edition in 1974?<|eot_id|><|start_header_id|>assistant<|end_header_id|>

",The eleventh edition,entity,The eleventh edition,0.91796875,1.0,1.0,1.0966775019413029
1767,Wilhelm Wattenbach,"<|begin_of_text|><|start_header_id|>system<|end_header_id|>

Cutting Knowledge Date: December 2023
Today Date: 26 July 2024

<|eot_id|><|start_header_id|>user<|end_header_id|>

What is the population of the Rhine-Main metropolitan region?<|eot_id|><|start_header_id|>assistant<|end_header_id|>

",More than 5.8 million.,entity,More than 5.8 million.,0.92578125,1.0,1.0,1.0961421455926783
1768,Wilhelm Wattenbach,"<|begin_of_text|><|start_header_id|>system<|end_header_id|>

Cutting Knowledge Date: December 2023
Today Date: 26 July 2024

<|eot_id|><|start_header_id|>user<|end_header_id|>

What significant transition did the Encyclopædia Britannica undergo during the publication of the Eleventh Edition?<|eot_id|><|start_header_id|>assistant<|end_header_id|>

",It transitioned from a British to an American publication.,entity,It transitioned from a British to an American publication.,0.9609375,1.0,1.0000001192092896,1.0464569827708288
1769,Wilhelm Wattenbach,"<|begin_of_text|><|start_header_id|>system<|end_header_id|>

Cutting Knowledge Date: December 2023
Today Date: 26 July 2024

<|eot_id|><|start_header_id|>user<|end_header_id|>

Who succeeded Georg Heinrich Pertz as editor in 1875?<|eot_id|><|start_header_id|>assistant<|end_header_id|>

",Georg Waitz,entity,Georg Waitz,1.0,1.0,1.0,1.0005990868515915
1770,Wilhelm Wattenbach,"<|begin_of_text|><|start_header_id|>system<|end_header_id|>

Cutting Knowledge Date: December 2023
Today Date: 26 July 2024

<|eot_id|><|start_header_id|>user<|end_header_id|>

Who was Ernst Ludwig Dümmler's father?<|eot_id|><|start_header_id|>assistant<|end_header_id|>

",Ferdinand Dümmler,domain,Ferdinand Dümmler,0.9375,1.0,1.0,1.075465838924481
1771,Wilhelm Wattenbach,"<|begin_of_text|><|start_header_id|>system<|end_header_id|>

Cutting Knowledge Date: December 2023
Today Date: 26 July 2024

<|eot_id|><|start_header_id|>user<|end_header_id|>

As of 2022, what is the population of Frankfurt?<|eot_id|><|start_header_id|>assistant<|end_header_id|>

","791,000",entity,"791,000",0.8984375,1.0,1.0,1.1270785221691253
1772,Wilhelm Wattenbach,"<|begin_of_text|><|start_header_id|>system<|end_header_id|>

Cutting Knowledge Date: December 2023
Today Date: 26 July 2024

<|eot_id|><|start_header_id|>user<|end_header_id|>

When was Ernst Ludwig Dümmler born?<|eot_id|><|start_header_id|>assistant<|end_header_id|>

",2 January 1830,domain,23 July 1830,0.640625,0.3333333333333333,0.8125555515289307,2.5139997230375233
1773,Wilhelm Wattenbach,"<|begin_of_text|><|start_header_id|>system<|end_header_id|>

Cutting Knowledge Date: December 2023
Today Date: 26 July 2024

<|eot_id|><|start_header_id|>user<|end_header_id|>

What was the title of Heinrich von Sybel's critical study on the history of the Middle Ages?<|eot_id|><|start_header_id|>assistant<|end_header_id|>

",Geschichte des ersten Kreuzzuges (History of the First Crusade),domain,Geschichte des ersten Kreuzzugs,0.890625,1.0,0.6876522302627563,1.209769308742427
1774,Wilhelm Wattenbach,"<|begin_of_text|><|start_header_id|>system<|end_header_id|>

Cutting Knowledge Date: December 2023
Today Date: 26 July 2024

<|eot_id|><|start_header_id|>user<|end_header_id|>

Who were some of Leopold von Ranke's favorite authors?<|eot_id|><|start_header_id|>assistant<|end_header_id|>

","Thucydides, Livy, Dionysius of Halicarnassus, Johann Wolfgang von Goethe, Barthold Georg Niebuhr, Immanuel Kant, Johann Gottlieb Fichte, Friedrich Wilhelm Joseph Schelling and Friedrich Schlegel",domain,"Thucydides, Xenophon, Johann Wolfgang von Goethe, Barthold Georg Niebuhr, Immanuel Kant, Johann Gottlieb Fichte, Friedrich Wilhelm Joseph Schelling, Friedrich Schlegel, and Georg Wilhelm Friedrich Hegel",0.921875,0.76,0.9124928712844849,1.16228817288181
1775,Wilhelm Wattenbach,"<|begin_of_text|><|start_header_id|>system<|end_header_id|>

Cutting Knowledge Date: December 2023
Today Date: 26 July 2024

<|eot_id|><|start_header_id|>user<|end_header_id|>

What subjects did Leopold von Ranke study at Leipzig University?<|eot_id|><|start_header_id|>assistant<|end_header_id|>

",Classics and Lutheran theology,domain,Classics and Lutheran theology,0.8515625,1.0,0.9999999403953552,1.1898510425967053
1776,Wilhelm Wattenbach,"<|begin_of_text|><|start_header_id|>system<|end_header_id|>

Cutting Knowledge Date: December 2023
Today Date: 26 July 2024

<|eot_id|><|start_header_id|>user<|end_header_id|>

What is the name of Frankfurt's largest trade fair?<|eot_id|><|start_header_id|>assistant<|end_header_id|>

",Messe Frankfurt,entity,Messe Frankfurt,1.0,1.0,1.0,1.0014047943942717
1777,Wilhelm Wattenbach,"<|begin_of_text|><|start_header_id|>system<|end_header_id|>

Cutting Knowledge Date: December 2023
Today Date: 26 July 2024

<|eot_id|><|start_header_id|>user<|end_header_id|>

How many monographs and dependent writings does the Monumenta Germaniae Historica Institute's library possess?<|eot_id|><|start_header_id|>assistant<|end_header_id|>

","130,000 monographs and approximately 150,000 dependent writings.",entity,"20,000 monographs and 145 periodic publications.",0.85546875,0.42857142857142855,0.7723780274391174,1.498248673515724
1778,Wilhelm Wattenbach,"<|begin_of_text|><|start_header_id|>system<|end_header_id|>

Cutting Knowledge Date: December 2023
Today Date: 26 July 2024

<|eot_id|><|start_header_id|>user<|end_header_id|>

When did Heinrich von Sybel die?<|eot_id|><|start_header_id|>assistant<|end_header_id|>

",1 August 1895,domain,1 August 1895,0.91015625,1.0,0.9999998211860657,1.1074397074727056
1779,Wilhelm Wattenbach,"<|begin_of_text|><|start_header_id|>system<|end_header_id|>

Cutting Knowledge Date: December 2023
Today Date: 26 July 2024

<|eot_id|><|start_header_id|>user<|end_header_id|>

What was the significance of Heinrich von Sybel's work on German unification?<|eot_id|><|start_header_id|>assistant<|end_header_id|>

","It was a work of great importance on German unification, for which he was allowed to use the Prussian state papers",domain,He envisioned a unified Germany under Prussian leadership,0.5546875,0.25,0.7297778725624084,3.080216848918031
1780,Wilhelm Wattenbach,"<|begin_of_text|><|start_header_id|>system<|end_header_id|>

Cutting Knowledge Date: December 2023
Today Date: 26 July 2024

<|eot_id|><|start_header_id|>user<|end_header_id|>

What was the title of Heinrich von Sybel's work on German unification?<|eot_id|><|start_header_id|>assistant<|end_header_id|>

",Die Begründung des deutschen Reiches durch Wilhelm I (The Founding of the German Empire under William I),domain,Die Begründung des deutschen Reiches durch Wilhelm I (The Founding of the German Empire under William I),0.96484375,1.0,1.0,1.039581636241351
1781,Wilhelm Wattenbach,"<|begin_of_text|><|start_header_id|>system<|end_header_id|>

Cutting Knowledge Date: December 2023
Today Date: 26 July 2024

<|eot_id|><|start_header_id|>user<|end_header_id|>

What was the significance of Heinrich von Sybel's work on the French Revolution?<|eot_id|><|start_header_id|>assistant<|end_header_id|>

",It showed for the first time the connection between the internal and external history of France,domain,It was considered a model of critical historical research,0.703125,0.2222222222222222,0.3292262852191925,2.1252857204069766
1782,Wilhelm Wattenbach,"<|begin_of_text|><|start_header_id|>system<|end_header_id|>

Cutting Knowledge Date: December 2023
Today Date: 26 July 2024

<|eot_id|><|start_header_id|>user<|end_header_id|>

What was the title of Heinrich von Sybel's major chronicle of the French Revolution?<|eot_id|><|start_header_id|>assistant<|end_header_id|>

",Geschichte der Revolutionszeit 1789–1800,domain,Geschichte der Revolutionszeit 1789–1800,0.9609375,1.0,0.9999998807907104,1.0449252089785086
1783,Wilhelm Wattenbach,"<|begin_of_text|><|start_header_id|>system<|end_header_id|>

Cutting Knowledge Date: December 2023
Today Date: 26 July 2024

<|eot_id|><|start_header_id|>user<|end_header_id|>

When was Georg Waitz born?<|eot_id|><|start_header_id|>assistant<|end_header_id|>

",9 October 1813,domain,21 October 1813,0.82421875,0.6666666666666666,0.9003672003746033,1.4436685815988268
1784,Wilhelm Wattenbach,"<|begin_of_text|><|start_header_id|>system<|end_header_id|>

Cutting Knowledge Date: December 2023
Today Date: 26 July 2024

<|eot_id|><|start_header_id|>user<|end_header_id|>

In what year was Heinrich von Sybel appointed as a professor at the University of Bonn?<|eot_id|><|start_header_id|>assistant<|end_header_id|>

",1861,domain,1861,0.98828125,1.0,1.0,1.0114172236805543
1785,Wilhelm Wattenbach,"<|begin_of_text|><|start_header_id|>system<|end_header_id|>

Cutting Knowledge Date: December 2023
Today Date: 26 July 2024

<|eot_id|><|start_header_id|>user<|end_header_id|>

Where did Heinrich von Sybel die?<|eot_id|><|start_header_id|>assistant<|end_header_id|>

",Marburg,domain,Bad Pyrmont,0.482421875,0.0,0.1596057116985321,72.33079701870139
1786,Will Smith,"<|begin_of_text|><|start_header_id|>system<|end_header_id|>

Cutting Knowledge Date: December 2023
Today Date: 26 July 2024

<|eot_id|><|start_header_id|>user<|end_header_id|>

What high school did Will Smith attend?<|eot_id|><|start_header_id|>assistant<|end_header_id|>

",Overbrook High School,general,Overbrook High School,1.0,1.0,1.0000001192092896,1.0003796344208438
1787,Will Smith,"<|begin_of_text|><|start_header_id|>system<|end_header_id|>

Cutting Knowledge Date: December 2023
Today Date: 26 July 2024

<|eot_id|><|start_header_id|>user<|end_header_id|>

How much have Will Smith's films grossed globally as of 2024?<|eot_id|><|start_header_id|>assistant<|end_header_id|>

",Over $9.3 billion,general,Over $9.3 billion,0.984375,1.0,1.0,1.0133945783273686
1788,Will Smith,"<|begin_of_text|><|start_header_id|>system<|end_header_id|>

Cutting Knowledge Date: December 2023
Today Date: 26 July 2024

<|eot_id|><|start_header_id|>user<|end_header_id|>

What sitcom did Will Smith star in?<|eot_id|><|start_header_id|>assistant<|end_header_id|>

",The Fresh Prince of Bel-Air,general,The Fresh Prince of Bel-Air,1.0,1.0,1.0,1.0002155536238522
1789,Will Smith,"<|begin_of_text|><|start_header_id|>system<|end_header_id|>

Cutting Knowledge Date: December 2023
Today Date: 26 July 2024

<|eot_id|><|start_header_id|>user<|end_header_id|>

When was Will Smith born?<|eot_id|><|start_header_id|>assistant<|end_header_id|>

","September 25, 1968",general,"September 25, 1968",1.0,1.0,0.9999998807907104,1.001114512209221
1790,Will Smith,"<|begin_of_text|><|start_header_id|>system<|end_header_id|>

Cutting Knowledge Date: December 2023
Today Date: 26 July 2024

<|eot_id|><|start_header_id|>user<|end_header_id|>

What is the name of Will Smith's character in Men in Black?<|eot_id|><|start_header_id|>assistant<|end_header_id|>

",Agent J,general,Agent J,1.0,1.0,1.000000238418579,1.0022761460666854
1791,William Shakespeare,"<|begin_of_text|><|start_header_id|>system<|end_header_id|>

Cutting Knowledge Date: December 2023
Today Date: 26 July 2024

<|eot_id|><|start_header_id|>user<|end_header_id|>

How many children did Shakespeare have?<|eot_id|><|start_header_id|>assistant<|end_header_id|>

",Three,general,Three,0.984375,1.0,1.0,1.0154377742807923
1792,William Shakespeare,"<|begin_of_text|><|start_header_id|>system<|end_header_id|>

Cutting Knowledge Date: December 2023
Today Date: 26 July 2024

<|eot_id|><|start_header_id|>user<|end_header_id|>

Who did Shakespeare marry?<|eot_id|><|start_header_id|>assistant<|end_header_id|>

",Anne Hathaway,general,Anne Hathaway,1.0,1.0,1.0,1.0012520038063266
1793,William Shakespeare,"<|begin_of_text|><|start_header_id|>system<|end_header_id|>

Cutting Knowledge Date: December 2023
Today Date: 26 July 2024

<|eot_id|><|start_header_id|>user<|end_header_id|>

Where was Shakespeare born and raised?<|eot_id|><|start_header_id|>assistant<|end_header_id|>

","Stratford-upon-Avon, Warwickshire",general,"Stratford-upon-Avon, Warwickshire",0.96484375,1.0,1.0000001192092896,1.0400893684101333
1794,William Shakespeare,"<|begin_of_text|><|start_header_id|>system<|end_header_id|>

Cutting Knowledge Date: December 2023
Today Date: 26 July 2024

<|eot_id|><|start_header_id|>user<|end_header_id|>

How many sonnets did Shakespeare write?<|eot_id|><|start_header_id|>assistant<|end_header_id|>

",154,general,154,0.98046875,1.0,1.0,1.0187278953280123
1795,William Shakespeare,"<|begin_of_text|><|start_header_id|>system<|end_header_id|>

Cutting Knowledge Date: December 2023
Today Date: 26 July 2024

<|eot_id|><|start_header_id|>user<|end_header_id|>

What professions was William Shakespeare known for?<|eot_id|><|start_header_id|>assistant<|end_header_id|>

","Playwright, poet, and actor",general,"Playwright, poet, and actor",0.9765625,1.0,1.0,1.0248396207760617
1796,Winston Churchill,"<|begin_of_text|><|start_header_id|>system<|end_header_id|>

Cutting Knowledge Date: December 2023
Today Date: 26 July 2024

<|eot_id|><|start_header_id|>user<|end_header_id|>

How many times did Winston Churchill serve as Prime Minister of the United Kingdom?<|eot_id|><|start_header_id|>assistant<|end_header_id|>

",Twice,general,Twice,0.99609375,1.0,1.0,1.0038526171671476
1797,Winston Churchill,"<|begin_of_text|><|start_header_id|>system<|end_header_id|>

Cutting Knowledge Date: December 2023
Today Date: 26 July 2024

<|eot_id|><|start_header_id|>user<|end_header_id|>

During which years did Churchill first serve as Prime Minister?<|eot_id|><|start_header_id|>assistant<|end_header_id|>

",1940 to 1945,general,1940 to 1945,0.97265625,1.0,0.9999999403953552,1.0298559574359945
1798,Winston Churchill,"<|begin_of_text|><|start_header_id|>system<|end_header_id|>

Cutting Knowledge Date: December 2023
Today Date: 26 July 2024

<|eot_id|><|start_header_id|>user<|end_header_id|>

Which party did Churchill lead from 1940 to 1955?<|eot_id|><|start_header_id|>assistant<|end_header_id|>

",Conservative Party,general,Conservative Party,0.9375,1.0,0.9999997615814209,1.0712729949710043
1799,Winston Churchill,"<|begin_of_text|><|start_header_id|>system<|end_header_id|>

Cutting Knowledge Date: December 2023
Today Date: 26 July 2024

<|eot_id|><|start_header_id|>user<|end_header_id|>

What was Churchill's role in H. H. Asquith's Liberal government?<|eot_id|><|start_header_id|>assistant<|end_header_id|>

",President of the Board of Trade and Home Secretary,general,President of the Board of Trade and Home Secretary,0.90625,1.0,1.0,1.1386949346928594
1800,Winston Churchill,"<|begin_of_text|><|start_header_id|>system<|end_header_id|>

Cutting Knowledge Date: December 2023
Today Date: 26 July 2024

<|eot_id|><|start_header_id|>user<|end_header_id|>

What significant warning did Churchill give about the Soviet Union?<|eot_id|><|start_header_id|>assistant<|end_header_id|>

",He warned of an 'iron curtain' of Soviet influence in Europe,general,He warned about an 'iron curtain' of Soviet influence in Europe,0.81640625,0.9090909090909091,0.995223879814148,1.3351751743691969
