{
    "grad_ascent": {
        "exp_type": "entity",
        "results_forget": {
            "exact_match_percentage": 24.489795918367346,
            "similarity_percentage": 24.489795918367346,
            "average_bleu": 0.020408
        },
        "results_retain": {
            "exact_match_percentage": 34.42959917780062,
            "similarity_percentage": 34.42959917780062,
            "average_bleu": 0.026229
        }
    },
    "grad_diff": {
        "exp_type": "entity",
        "results_forget": {
            "exact_match_percentage": 26.53061224489796,
            "similarity_percentage": 26.53061224489796,
            "average_bleu": 0.020408
        },
        "results_retain": {
            "exact_match_percentage": 33.60739979445015,
            "similarity_percentage": 33.60739979445015,
            "average_bleu": 0.022801
        }
    }
}