{
    "vanilla_grad_diff": {
        "forget_efficacy": 0.9711538853019881,
        "model_utility_retain": 0.3123775753002592,
        "model_utility_test": 0.3525519965468387,
        "forget_scores": [
            0.0,
            0.00020408163265306123,
            0.08633426246138251
        ],
        "retain_scores": [
            0.1703086158930107,
            0.46786167861806444,
            0.6270831071847697
        ],
        "test_scores": [
            0.1880150235664655,
            0.5612178526528067,
            0.7098139175352688
        ],
        "qa_perplexity_forget": 1e+308,
        "qa_perplexity_retain": 5.468099594116211,
        "test_perplexity": 3.922933578491211,
        "exp_type": "vanilla_grad_diff",
        "model_id": "meta-llama/Meta-Llama-3.1-8B-Instruct",
        "batch_size": 4,
        "num_epochs": 4,
        "lr": 2e-05,
        "weight_decay": 0.01,
        "LoRA_r": 8,
        "LoRA_alpha": 16
    }
}