{
    "vanilla_grad_diff": {
        "forget_efficacy": 0.9550825662366083,
        "model_utility_retain": 0.5536011036297054,
        "model_utility_test": 0.55389489280083,
        "forget_scores": [
            0.0,
            0.0,
            0.13475230129017512
        ],
        "retain_scores": [
            0.3774466669924103,
            0.6760654479438344,
            0.7748714275575392
        ],
        "test_scores": [
            0.35450438353083963,
            0.7284465179474752,
            0.8179517045773586
        ],
        "qa_perplexity_forget": 1e+308,
        "qa_perplexity_retain": 2.255919933319092,
        "test_perplexity": 2.2095353603363037,
        "exp_type": "vanilla_grad_diff",
        "model_id": "praveensonu/llama_3_1_8b_finetuned",
        "batch_size": 4,
        "num_epochs": 4,
        "lr": 2e-05,
        "weight_decay": 0.01,
        "LoRA_r": 8,
        "LoRA_alpha": 16
    }
}