{
    "vanilla_grad_diff": {
        "forget_efficacy": 0.4303157282592601,
        "model_utility_retain": 0.4301512213545989,
        "model_utility_test": 0.5770123521440166,
        "forget_scores": [
            0.333533104354464,
            0.593892948919788,
            0.7816267619479675
        ],
        "retain_scores": [
            0.26270267204453757,
            0.5688079232016258,
            0.7093989859691416
        ],
        "test_scores": [
            0.39146721998905426,
            0.7048162786779497,
            0.8157314126882046
        ],
        "qa_perplexity_forget": 1.9263670444488525,
        "qa_perplexity_retain": 2.346830129623413,
        "test_perplexity": 1.8470330238342285,
        "exp_type": "vanilla_grad_diff",
        "model_id": "praveensonu/llama_3_1_8b_finetuned",
        "batch_size": 4,
        "num_epochs": 4,
        "lr": 2e-05,
        "weight_decay": 0.01,
        "LoRA_r": 8,
        "LoRA_alpha": 16
    }
}